Text,Class,image
God gave us choice and my choice is to love MY HEART,Hope_speech,images_DE/DE_HS_0001.jpg
Its just sad how people are treating black people horribly one time someone in game called my friend that shes Black like the wall thats so rude cant stand racist people they are literally messed up,Hope_speech,images_DE/DE_HS_0002.jpg
would be killed in conversion therapy because Im proud lesbian and Im not gonna lie about being lesbain Beat me all you want,Hope_speech,images_DE/DE_HS_0003.jpg
Inspiring and Go Girl,Hope_speech,images_DE/DE_HS_0004.jpg
It SHOULD be All Lives Matter No need to drag downignore other peopleraces to get ahead While were at it,Hope_speech,images_DE/DE_HS_0005.jpg
wish people would love lot of Christian denominations are loving to LGBT,Hope_speech,images_DE/DE_HS_0006.jpg
Nobody has supported the LGBT community like MADONNA even in the darkest hours she has always been an advocate fighter for human rights,Hope_speech,images_DE/DE_HS_0007.jpg
Would it be racist if an audience booing someone who said black lives matter All lives matter,Hope_speech,images_DE/DE_HS_0008.jpg
Wow didnt realise her kind of music could have that impact was fan when was younger,Hope_speech,images_DE/DE_HS_0009.jpg
The color of are skin does not define are personality or are capability of doing and accomplishing stuff Its just color or more specific its just genetic,Hope_speech,images_DE/DE_HS_0010.jpg
Why not band together and fight all racism at once peacefully,Hope_speech,images_DE/DE_HS_0011.jpg
am bi BUT did not wake up one morning oh lemme kiss guy and decided wanted to date guys people that says homosexuality is choice is dumb,Hope_speech,images_DE/DE_HS_0012.jpg
Thank you for sharing your story Marcus,Hope_speech,images_DE/DE_HS_0013.jpg
Sunshine littlephilly hmm wasnt aware that loving my soulmate who is girl would send me to hellkinda makes me the happiest ive ever been love is beautiful no matter what form,Hope_speech,images_DE/DE_HS_0014.jpg
All these are correctand yes All Lives Matter,Hope_speech,images_DE/DE_HS_0015.jpg
Im lesbian Christian The beginning statement,Hope_speech,images_DE/DE_HS_0016.jpg
Morning Madera Slavery in America ended 200yrs ago,Hope_speech,images_DE/DE_HS_0017.jpg
IT DOESNT MATTER WHATS RACE YOU ARE,Hope_speech,images_DE/DE_HS_0018.jpg
Madonna is amazing she really is she fights for what she believes in and that awesome Ive loved her since was really young,Hope_speech,images_DE/DE_HS_0019.jpg
Thank you Madonna youre by years an inspiration and an openminder knight,Hope_speech,images_DE/DE_HS_0020.jpg
Ive never been fan of Madonnas music nor do like her personality but do love that she has been great friend to the LGBTQ community Also,Hope_speech,images_DE/DE_HS_0021.jpg
Ill say it Im not scared ALL LIVES MATTER ALL LIVES MATTER,Hope_speech,images_DE/DE_HS_0022.jpg
Great talk We also need more women in science,Hope_speech,images_DE/DE_HS_0023.jpg
want to study either software engineering or computer science and this video is really inspiring,Hope_speech,images_DE/DE_HS_0024.jpg
Its so beautiful that those children will have understanding for everything and everyone and wont be judgemental as the rest of the society Love this channel,Hope_speech,images_DE/DE_HS_0025.jpg
How can you be surprised that people are surprised that you are an engineer in the same video that unbiased shows that only 10 of engineers are femalesnnThat means that your colleges are right to ask you if you are one of those mythological unicorns There is literally 90 chance youre notnnAlso you want more female engineers Good Me too Society too Dont preach to men how theyre not reacting well to you on the off chance you are an engineer Preach to young girls how engineering is cool,Hope_speech,images_DE/DE_HS_0026.jpg
theres fine line between disagreeing with them and being against them she literally said shes alright with lgbt,Hope_speech,images_DE/DE_HS_0027.jpg
We all bleed the same Stop with the Radical Fascist Liberal Left Political Pandering ALL LIVES MATTER We are all created by one true God in his image We need to stop with all the hate Period,Hope_speech,images_DE/DE_HS_0028.jpg
Im not Christian tbh Im not apart of any religion but god accepts everyone and its not cool to be the same We were made to be different not to just protest about someones choice of sexuality or religion,Hope_speech,images_DE/DE_HS_0029.jpg
All lives matter Everyone should be equal rights But the world is brokennAnd not every life is valued,Hope_speech,images_DE/DE_HS_0030.jpg
Earth angel with an iron coat :coat: she had to wear it or she wouldnt have survived all the hate We love you Madonna We see and feel your light but we also accept your dark as well For to love only one side of humanity isnt real With out night there is no light,Hope_speech,images_DE/DE_HS_0031.jpg
lewis Hi Eve Its never to early to start learning engineering Especially these days,Hope_speech,images_DE/DE_HS_0032.jpg
This was so inspiring,Hope_speech,images_DE/DE_HS_0033.jpg
what does it matter if your female or male just do your job,Hope_speech,images_DE/DE_HS_0034.jpg
Im computer science major and know that feel Of not belonging,Hope_speech,images_DE/DE_HS_0035.jpg
work for tech company and recently conducted job interviews at local engineering school Less than 10 of the candidates were women As much as we support and strive for diversity in our company,Hope_speech,images_DE/DE_HS_0036.jpg
If so many people hate racism,Hope_speech,images_DE/DE_HS_0037.jpg
Say all lives matter is,Hope_speech,images_DE/DE_HS_0038.jpg
Ive seen hundreds of Madonna interviews and this is completely genuine She is honestly emotional in this Will always love her for fighting for my community and others who have been marginalised,Hope_speech,images_DE/DE_HS_0039.jpg
people who say that coming out is useless should watch this video,Hope_speech,images_DE/DE_HS_0040.jpg
There are nuff people in Istanbul who are not religious It is quite diverse city,Hope_speech,images_DE/DE_HS_0041.jpg
All people equalnNo special interestnStop the panderingnFollow the constitutionnProsecute criminals including bad cops,Hope_speech,images_DE/DE_HS_0042.jpg
Amazing talk What terrible professor to be so discouraging and daring to make fun of studentsthis really triggered me and reminded me of one of my former chemistry professorsso rude that everyone stayed quiet out of fear of her retaliating and giving bad gradesThese people should NOT be teaching Im so glad Debbie didnt give up,Hope_speech,images_DE/DE_HS_0043.jpg
Im lost but surely all lives matter,Hope_speech,images_DE/DE_HS_0044.jpg
America is not Patriarchy,Hope_speech,images_DE/DE_HS_0045.jpg
Im Christian but choose not to judge Its not my place to judge others and so love everyone plus might be lil bi so theres that:person shrugging:,Hope_speech,images_DE/DE_HS_0046.jpg
dont give scrap who hate for me ALL LIVES MATTER regardless of race,Hope_speech,images_DE/DE_HS_0047.jpg
There are lgbtq persons who do bad things Thats given But that shouldnt be the license to hate everybody else in the lgbtq sphere cause lot of us are nice and righteous Generalizing is what needs to go Ps,Hope_speech,images_DE/DE_HS_0048.jpg
Conversion therapy is one of the most fucked up things ever heard Never agreed with it You cant change how someone biologically feels,Hope_speech,images_DE/DE_HS_0049.jpg
can relate with her experience being minority in MecEng Major is really hard but,Hope_speech,images_DE/DE_HS_0050.jpg
All Lives Matter,Hope_speech,images_DE/DE_HS_0051.jpg
Im religious and lesbian,Hope_speech,images_DE/DE_HS_0052.jpg
He would be so disappointed Remember have dream to live in world where my four children will be judged by there character not by there skin color Then black lives matter happens and all lives matter is racist apparently and freedom of speech is dead You disagree your racist or sexist What happened to the world Theres only one race the human race History is not perfect from any perspective Everyone has been slave look at the gladiators for example theres plenty more as well dont forget about prisoners of war You cant sing certain music due to certain words if there so offensive or only one race can say them then take that word out,Hope_speech,images_DE/DE_HS_0053.jpg
queen to the LGBTQ Community,Hope_speech,images_DE/DE_HS_0054.jpg
That man is so incredibly strongi was moved Thanks,Hope_speech,images_DE/DE_HS_0055.jpg
lol Trying to fight off the trauma,Hope_speech,images_DE/DE_HS_0056.jpg
Nobody has supported the LGBT community like MADONNA even in the darkest hours she has always been an advocate fighter for human rights,Hope_speech,images_DE/DE_HS_0057.jpg
dont agree in hire people just because they are men,Hope_speech,images_DE/DE_HS_0058.jpg
Im still hiding my gender to my parents and they dont know Im dating someone My friends knows already about my gender and they are very supportive of it And Im very thankful to find true friends like them,Hope_speech,images_DE/DE_HS_0059.jpg
God gave us choice And my choice is to lovennnWow,Hope_speech,images_DE/DE_HS_0060.jpg
You can do anything Youre such an inspiration to continue the hard work Just like you thanked Debbie,Hope_speech,images_DE/DE_HS_0061.jpg
TA All the best dear Work with passion,Hope_speech,images_DE/DE_HS_0062.jpg
wish people understood that sexuality is spectrum and we dont all have to fit into specific box We are all human we all love,Hope_speech,images_DE/DE_HS_0063.jpg
can disagree yet still support someone that is homosexual Its her own opinion and choice,Hope_speech,images_DE/DE_HS_0064.jpg
yes he loves everyone,Hope_speech,images_DE/DE_HS_0065.jpg
God doesnt see color he sees whats in our hearts so therefore all lives matter its just choice of heaven or hell so you choose,Hope_speech,images_DE/DE_HS_0066.jpg
ALL LIVES MATTER To say otherwise is just racist,Hope_speech,images_DE/DE_HS_0067.jpg
Im Christian and believe in the Bible but what the heck that therapy sounds straight up cruel Im sorry he had to go through that,Hope_speech,images_DE/DE_HS_0068.jpg
cried am also girl who wants to be an engineer since was in middle school Thank you so so much love it:pleading face:,Hope_speech,images_DE/DE_HS_0069.jpg
Im 14 and in our school we have STEM program the fact that Im girl never discouraged me from applying But know that it discourages other girls as there are 22 kids in the program and only of us are girls,Hope_speech,images_DE/DE_HS_0070.jpg
Shrodinger Kat well thats just absurd because God created all human beings all different colours and shapes and sizes,Hope_speech,images_DE/DE_HS_0071.jpg
She saved and changed my life Love my Queen,Hope_speech,images_DE/DE_HS_0072.jpg
Im white to start off and dont think saying black lives matter is racist black people never said white lives dont matter there sticking up for there self like if your kid dies and someone comes in and says all kids lives matter calmed down people and help your fellow humans to have same rights as everyone its not right to hate someone because of color mean come on color wow,Hope_speech,images_DE/DE_HS_0073.jpg
There is God and He is good Beauty plus brains trumps everything else She is likely one of the most intelligent CEOs around and the hottest ever speaker on TED Talks,Hope_speech,images_DE/DE_HS_0074.jpg
Her speech is the reason why have decided to give my passion try And yeah Its engineering,Hope_speech,images_DE/DE_HS_0075.jpg
Please protest safely,Hope_speech,images_DE/DE_HS_0076.jpg
Atheism is Unstoppable,Hope_speech,images_DE/DE_HS_0077.jpg
Yall are missing the point of black lives matter Black lives matter means equal rights for black ppl and it doesnt mean were dismissing other races If disagree with BLM your disagreeing with black ppl living in society and if disagree with that then idk what to say to you,Hope_speech,images_DE/DE_HS_0078.jpg
respect and love your nation very much Very chill and open minded towards the stupid western media,Hope_speech,images_DE/DE_HS_0079.jpg
Ohhh would have loved that game Thank you for marketing construction toys to girls Ive always loved them as little girl,Hope_speech,images_DE/DE_HS_0080.jpg
Madonnas music took me through so many hard times Also,Hope_speech,images_DE/DE_HS_0081.jpg
wish that people werent so heartless She truly is an advocate for bettering the lives of others just wish that the so many lives were never taken away,Hope_speech,images_DE/DE_HS_0082.jpg
ALL LIVES MATTRESS WHITE BLACK RED BROWN YELLOWnHELL EVEN WORMS MnGET THE FCK OVER ITWE ALL ARE EQUAL BITCOIN ABOUT,Hope_speech,images_DE/DE_HS_0083.jpg
Omg Im first year chemical engineering student too Its real tough work sometimes wonder if im making all thr right choices because college was so harsh thought was doing academically fine until my grades and performance proved me wrong lost lot of faith in me and everyday dread going to uni bc fear itll be just the same old failures of yesterdays But even if nothings making sense anymore just keep on pushing and doing my thing No matter how depressing and lonely it gets,Hope_speech,images_DE/DE_HS_0084.jpg
used to think that all lives matter But now Im thinking we would all be happier without blm,Hope_speech,images_DE/DE_HS_0085.jpg
All lives matter for SURE Everyone is equal,Hope_speech,images_DE/DE_HS_0086.jpg
feel like just the thought of conversion therapy even though my parents dont believe in that at all,Hope_speech,images_DE/DE_HS_0087.jpg
As Hispanic woman this makes me both weary about pursuing my degree and even more driven at the same time,Hope_speech,images_DE/DE_HS_0088.jpg
Hiho Kids you guys are doing amazing work Once again Im so happy and grateful that you guys are expressing what goes around and coming into this world Kids need to know what goes around and understand what LGBTQ COMMUNITY and people who comes out and share what they went through their lives Such awesome Message that you all are showing,Hope_speech,images_DE/DE_HS_0089.jpg
All lives matter agree with,Hope_speech,images_DE/DE_HS_0090.jpg
just want to point out that the Bible does not say that homosexuality is sin The passage that Ive always seen sited has been proven to be translated incorrectly and is actually condemning pedophilia rather than homosexuality Men shall not lay with man was originally meant to read as man shall not lay with boy Homosexuality is never condemned Please do research and learn about the origins of the book you claim to worship Incorrect translations and interpretation of Gods words are harming real people on daily basis,Hope_speech,images_DE/DE_HS_0091.jpg
WTF let them love anyone ITS NONE OF YOUR BUSINESS,Hope_speech,images_DE/DE_HS_0092.jpg
De Los santos nah that would be to take step back We dont want to split each other up We have to unite in order to fix it,Hope_speech,images_DE/DE_HS_0093.jpg
choose to equalise Everyone has no more or less rights than anyone else You earn love and respect,Hope_speech,images_DE/DE_HS_0094.jpg
Some kids at my school have already come out,Hope_speech,images_DE/DE_HS_0095.jpg
Im so happy live in country that accepts homosexuality and conversion therapy doesnt exist in where live,Hope_speech,images_DE/DE_HS_0096.jpg
Rebekah Girl Im Christian too and you are waaaaaaaaaaaaay outta line What Im taught from the bible and what see it saying is that we should love all Do you believe that God loves each and every one of us cause thats what we are taught as Christians that he loves everyone of us So the fact you think God doesnt like LGBTQ people is misinformed because God loves all of us not just some of us ALL of usnnIts people like you that give us Christians bad name because you want to make your own version of life where God only likes what you think and thats what you tell people When in fact God loves all of us and wants us to love eachother like we want to be loved So before you come here claiming to be Christian go and rethink everything you think and read up on what God teaches us nnnLike girl bye,Hope_speech,images_DE/DE_HS_0097.jpg
Im lesbian and have been my whole life but came out to myself years ago am now 11,Hope_speech,images_DE/DE_HS_0098.jpg
All lives DO MATTER but the question is out of CONTEXT Those who answer this question fall into the TRAP,Hope_speech,images_DE/DE_HS_0099.jpg
hope you are getting support,Hope_speech,images_DE/DE_HS_0100.jpg
All life matter period and thats black matter too,Hope_speech,images_DE/DE_HS_0101.jpg
please someone introduce me to this man want us to be best friends,Hope_speech,images_DE/DE_HS_0102.jpg
am male engineer and dont feel like fit in in engineering If you are girl and you have the desire to become an engineer,Hope_speech,images_DE/DE_HS_0103.jpg
my choice is to love nnmy heart3,Hope_speech,images_DE/DE_HS_0104.jpg
Zara Hassan not the same The girl has respect for LGBTQ people She doesnt agree with being that,Hope_speech,images_DE/DE_HS_0105.jpg
Your name is literally my bio on everything XD,Hope_speech,images_DE/DE_HS_0106.jpg
Omg ur story is same as mine thank you for you comment and thank you so much Danby for your presentation finally feel like can dedicate to engineering fully,Hope_speech,images_DE/DE_HS_0107.jpg
Theres something fascinating to me about woman whos correct,Hope_speech,images_DE/DE_HS_0108.jpg
am so inspired by you Thank you for creating an amazing product for amazing girls and thank you for sharing your story You are beautiful speaker and beautiful person,Hope_speech,images_DE/DE_HS_0109.jpg
Omg Were at the exactly same state hope well get through this,Hope_speech,images_DE/DE_HS_0110.jpg
Very inspiring Thankyou,Hope_speech,images_DE/DE_HS_0111.jpg
lucky you hope can find my way to be such great woman Wish me luck,Hope_speech,images_DE/DE_HS_0112.jpg
Im having doubts these past months about pursuing Civil Engineering because also feel like dont belong but then came across this and viola This kept me back in track This made me remember why pursued Civil Engineering in the first place Thank you very much,Hope_speech,images_DE/DE_HS_0113.jpg
well have to respect her its not wrong if someone disagrees with homosexuality but at the same time CHOOSE not to hate and keep loving the lgbtqs there are differences,Hope_speech,images_DE/DE_HS_0114.jpg
fapnawb So All Lives Matter because all race that gets affected is applied,Hope_speech,images_DE/DE_HS_0115.jpg
Well people out there in America all lives MATTERS,Hope_speech,images_DE/DE_HS_0116.jpg
My parents were absolutely against me majoring in the humanities They encouraged me to go into engineering Im glad did Gender wasnt even in the question,Hope_speech,images_DE/DE_HS_0117.jpg
All lives matter agreenThough Im sure some people would say that the statement also persists to the unborn with abortion just throwing that out there,Hope_speech,images_DE/DE_HS_0118.jpg
Please for god sake just let people live their lives how they want,Hope_speech,images_DE/DE_HS_0119.jpg
All lives do matter yes right now most of the hate right now is between multicolor multicultural differences right now its sad to have this hate towards one another im sorry but believe all lives matter dont matter what color what gender or religion or sexual orientation now we can not ignore this hateful racism acts and violence we are humans we all have blood flowing through our veins,Hope_speech,images_DE/DE_HS_0120.jpg
Ive watched this video in 2017 this is very inspiring,Hope_speech,images_DE/DE_HS_0121.jpg
Tagerius thank you for using your time up to try and help some people learn about the abuse people suffer under conversion therapy and how ineffective it is,Hope_speech,images_DE/DE_HS_0122.jpg
Now we waitnnwhen the dust clears the good will inherit the world,Hope_speech,images_DE/DE_HS_0123.jpg
mean its male dominated field of course people surprised to learn your an engineer Also its probably only male dominated field because most women dont study engineering and pick something like liberal arts Im just saying,Hope_speech,images_DE/DE_HS_0124.jpg
THIS IS racest There saying that black lives matter but what about ALL lives What about the white people ALL LIVES MATTER no matter what color,Hope_speech,images_DE/DE_HS_0125.jpg
All lives matter Stop dividing people by skin color,Hope_speech,images_DE/DE_HS_0126.jpg
This made me cry So many things in contemporary Christian culture are such horrid distortion of what Christianity is meant to be What that boy said about choosing to love Thats what Christianity is about,Hope_speech,images_DE/DE_HS_0127.jpg
This was honestly exactly what needed at this moment Im currently in my first year of mechatronic engineering,Hope_speech,images_DE/DE_HS_0128.jpg
It should be all lives matter,Hope_speech,images_DE/DE_HS_0129.jpg
She is rare species Both engineer and so beautiful,Hope_speech,images_DE/DE_HS_0130.jpg
Some of those kids were so well spokennAnd hope that man has wonderful life,Hope_speech,images_DE/DE_HS_0131.jpg
say it all the time and will again ALL LIVES MATER,Hope_speech,images_DE/DE_HS_0132.jpg
this is so inspiring,Hope_speech,images_DE/DE_HS_0133.jpg
Dont change because they dont like younChange because you want tonnDont really know if this is an origin quote,Hope_speech,images_DE/DE_HS_0134.jpg
Inspiring Although Im guy,Hope_speech,images_DE/DE_HS_0135.jpg
please hug that little girl :pleading face::pleading face:,Hope_speech,images_DE/DE_HS_0136.jpg
All Lives Matter love thy neighbor,Hope_speech,images_DE/DE_HS_0137.jpg
was inspired as women to believe in myself and be strong independent women was raised with no encouragement and to be powerless She rocks :call me hand: OMG nearly cried to her comment at the end never give up,Hope_speech,images_DE/DE_HS_0138.jpg
And aside from how many girls major in engineering,Hope_speech,images_DE/DE_HS_0139.jpg
Just knowing Madonna is out there still going strong puts smile on my face,Hope_speech,images_DE/DE_HS_0140.jpg
Im currently working towards my bachelors in engineering Im female and not the smartest,Hope_speech,images_DE/DE_HS_0141.jpg
Everyone is adoring how that one kid said god gave us choice and my choice is to love,Hope_speech,images_DE/DE_HS_0142.jpg
All life matter is simple Any person from any race can end up in jail,Hope_speech,images_DE/DE_HS_0143.jpg
All lives matter Including every race Whites are the minority on this planet Fact,Hope_speech,images_DE/DE_HS_0144.jpg
Paul my heart is not full hatred ibam not racist person am black my self the naacp is honestly not need anymore it aint the Jim crow era black were truly oppressed black peot are not the only racial or ethnic group that experience disadvantages all live matter want to figh for that basic human right that no human being should experience racism and discrimination or should be killed for who the we come together as humans and fight for all human being who suffered from these issues not juts black people,Hope_speech,images_DE/DE_HS_0145.jpg
god gave us choice my choice is to love wait im literally crying love him so much,Hope_speech,images_DE/DE_HS_0146.jpg
Tagerius was really impressed with your ability to communicate the horrific implications of conversion therapy and support of the LGBT community but completely shocked and disappointed that you are advocating that abortion is killing baby Why is it that you think LGBT individuals are worthy of bodily autonomy but women arent worthy of having autonomy over their bodies,Hope_speech,images_DE/DE_HS_0147.jpg
Hey Im bisexual too,Hope_speech,images_DE/DE_HS_0148.jpg
This is the best speech Ive ever heard So inspirational Im 14 and want to be an engineer dropped Drama for product design few months ago and it was the best decision ever made Its now my favourite subject But Im in class of about 2025 and theres only girls thats including me,Hope_speech,images_DE/DE_HS_0149.jpg
think all lives matter instead of saying black lives matter we should all come together and be saying all lives matter Skin colors shouldnt change our feelings for each other but my opinion on George Floyd is that he didnt deserve to die but do not think hes hero because he was criminal and cant forgive him for when he held gun up to pregnant ladys baby hump and said he would shoot her baby hump and the lady herself,Hope_speech,images_DE/DE_HS_0150.jpg
im lesbian am 19 right now and just got out of Conversion Therapy month ago it was pure abuse say its no fun they didnt hit me with bible but they have me in locked room with nothing in it like was insane and read the bible on loud speaker and not feed me dont see how this is allowed they throw holy water in my face and say came from the devil and here am out of Conversion Therapy still lesbian wish they new they didnt change me,Hope_speech,images_DE/DE_HS_0151.jpg
know that was so sweet of the boy to to say hope he knows is good person,Hope_speech,images_DE/DE_HS_0152.jpg
Im about to start my career in civil engineering in few months you can do it,Hope_speech,images_DE/DE_HS_0153.jpg
please dont give up its worth it,Hope_speech,images_DE/DE_HS_0154.jpg
this woman is pioneer and love her endlessly for all of her work towards helping the LGBTQIA community and certainly women,Hope_speech,images_DE/DE_HS_0155.jpg
80s baby here Madonna was made by the lgbtq community She was there for them,Hope_speech,images_DE/DE_HS_0156.jpg
The main cause of racism is the mentality of people,Hope_speech,images_DE/DE_HS_0157.jpg
kind gentle man has to endure torture because he just prefers his own gender Whatever sexual acts he does at least 90 of heterosexual women do for their partners also Why is it so terrible What is wrong with religious people to condemn something that is neither bad or unnatural The profess to be the religion of love yet are so hateful and intolerant,Hope_speech,images_DE/DE_HS_0158.jpg
Feminists want equality of outcome,Hope_speech,images_DE/DE_HS_0159.jpg
Well that sucks People with 12 decades of experience in this tough environment not being taken serious is pretty disrespectful,Hope_speech,images_DE/DE_HS_0160.jpg
Idk if Im wierd but never really played with dollsI just loved playing with cars,Hope_speech,images_DE/DE_HS_0161.jpg
Shes an icon and idol Very inspiring Thank you for the uplifting words,Hope_speech,images_DE/DE_HS_0162.jpg
All lives do matter and im black person,Hope_speech,images_DE/DE_HS_0163.jpg
Dumse God also said to love everyone for who they are,Hope_speech,images_DE/DE_HS_0164.jpg
are incorrect on all accounts Women are not overrepresented She even stated that only 11 of the engineering workforce are female How is that number overrepresented Only 20 graduate with the degree only 20 even go into the field Lets see,Hope_speech,images_DE/DE_HS_0165.jpg
Of course all lives matter,Hope_speech,images_DE/DE_HS_0166.jpg
Every parengts wiling to put their child into mental and physical abuse in one of those so called therapy camp should be charged for child abuse This is revolting and dont understand why in the Obama era they didnt do anything Now with Trump its gonna continue and worsen,Hope_speech,images_DE/DE_HS_0167.jpg
ELM Every Life Matters All else is lies,Hope_speech,images_DE/DE_HS_0168.jpg
In my country there is no big discrimination against women pursuing degree,Hope_speech,images_DE/DE_HS_0169.jpg
dont think homosexuality is something you can or cannot agree with Its like saying dont agree with oxygen Its just thing that exists in the world You cant deny it or get rid of it Its not good or bad,Hope_speech,images_DE/DE_HS_0170.jpg
want to be like you when grow up,Hope_speech,images_DE/DE_HS_0171.jpg
She represents humanity compassion,Hope_speech,images_DE/DE_HS_0172.jpg
For anyone coming out its always hard too come out,Hope_speech,images_DE/DE_HS_0173.jpg
cried while watching this video Clearly pain is being reflected in every word when the guy was talking about abuse There are so many evil people in this world hope no one ever goes through such pain at early age in their lifenThank you HiHo for creating this video Im learning lot also showed this video to my little sisters and now they have also subscribed to your channel,Hope_speech,images_DE/DE_HS_0174.jpg
dont understand why it is up to anyone else but yourself to make the decision to become an engineer or whatever The great thing about america or any other nation that is similar is that if you work hard you can accomplish pretty much anything you set your mind to Obviously you need to network and some luck but saying you need to get more diversity just to get more diversity is absurd dont care who the engineer that helps make my bridge,Hope_speech,images_DE/DE_HS_0175.jpg
Noice Im bi too,Hope_speech,images_DE/DE_HS_0176.jpg
Val where are you from Lots of countrys still make it legal,Hope_speech,images_DE/DE_HS_0177.jpg
ALL LIVES MATTER To say anything else is ridiculous To be equal is to be considered as whole There are unfair things that happen and people need to be held accountable But to divide ourselves is not helping anything,Hope_speech,images_DE/DE_HS_0178.jpg
Im so thankful that growing up had those construction toys to play with when was young Its amazing that youve inspired such young girls to become excited about building things and learning about engineering,Hope_speech,images_DE/DE_HS_0179.jpg
We are all of the same race the human race,Hope_speech,images_DE/DE_HS_0180.jpg
Your thinking is right and great,Hope_speech,images_DE/DE_HS_0181.jpg
feel will cry it happen to me everyday at the university but am so grateful to be there thanks for inspiring us,Hope_speech,images_DE/DE_HS_0182.jpg
Im lesbian and one thing that bothers me is when supporters of LGBTQ get all mad when some people dont agree with us and call that homophobic Being homophobic is way different then not agreeing with LGBTQ Like the majority of these kids arent necessarily supporters and dont necessarily agree with it,Hope_speech,images_DE/DE_HS_0183.jpg
Jack Parsons exactly,Hope_speech,images_DE/DE_HS_0184.jpg
the boy asking for tips on how to be good friend for his friend Im crying omg,Hope_speech,images_DE/DE_HS_0185.jpg
The girl saying she doesnt agree with homosexuality she was taught that way of thinking dont believe she really feels that way its just what she was taught to say and think She was very kind and respectful know shell change her mind on homosexuality whenif she ever feels comfortable enough with herself Good luck to her and the guy telling his story in the video sorry dont remember his name atm edit,Hope_speech,images_DE/DE_HS_0186.jpg
Im very lucky that all my friends and family respect that am bisexual,Hope_speech,images_DE/DE_HS_0187.jpg
dont agree with homosexuality Thats like saying dont agree with French Theres nothing to agree with agree or disagree with,Hope_speech,images_DE/DE_HS_0188.jpg
Alll on the movement lives matter are criminals,Hope_speech,images_DE/DE_HS_0189.jpg
noticed that too its not right All Lives Matter,Hope_speech,images_DE/DE_HS_0190.jpg
Great Slave traders and racists shouldnt be admired in this century,Hope_speech,images_DE/DE_HS_0191.jpg
Thats right all lives do matter period and if you think that its not then shame on you ALL LIFE MATTERS PERIOD ONE LOVE TO ALL HUMANS,Hope_speech,images_DE/DE_HS_0192.jpg
He is very courageous,Hope_speech,images_DE/DE_HS_0193.jpg
All lives do matter regardless of race Period there is good and bad people of all races We all need to come together and stop letting the media separate us this is ridiculous,Hope_speech,images_DE/DE_HS_0194.jpg
This was so inspiring,Hope_speech,images_DE/DE_HS_0195.jpg
All lives matter because we all need peace,Hope_speech,images_DE/DE_HS_0196.jpg
that would just be uh pure mean so cute,Hope_speech,images_DE/DE_HS_0197.jpg
am black too and completely agree we are all humans and every single life is important not one is more more important than the other otherwise that is just racist and making the issue worse not better,Hope_speech,images_DE/DE_HS_0198.jpg
littlephilly but who said lgbtq is sin believe in God 100 and think Hes really merciful so He wouldnt send us to hell just because we followed our hearts love is love,Hope_speech,images_DE/DE_HS_0199.jpg
Some girls just like short hair My god Lesbian stereotypes are horrible,Hope_speech,images_DE/DE_HS_0200.jpg
dont think theres anything wrong with personally disagreeing with homosexuality as long as you still respect the LGBTQ community and arent nasty to anyone because of their sexuality,Hope_speech,images_DE/DE_HS_0201.jpg
there is absolutely nothing wrong with lgbtq people and will fight you if you think otherwise lmao:orange heart:,Hope_speech,images_DE/DE_HS_0202.jpg
Im tired of hearing black lives matter Im not against black people but all lives matter This protesting and rioting is wrong And have my reasons to believe this is paid for by the Democrats,Hope_speech,images_DE/DE_HS_0203.jpg
All lives matter Not only black,Hope_speech,images_DE/DE_HS_0204.jpg
My choice is to love literally started to cry,Hope_speech,images_DE/DE_HS_0205.jpg
Its good that you got strict religious type to voice his opinion and he was polite about it Throwing abuse at people who think differently never works but with open discussion the more enlightened thinking often wins through,Hope_speech,images_DE/DE_HS_0206.jpg
Im inspired Im 1st year student in Mechanical Engineering,Hope_speech,images_DE/DE_HS_0207.jpg
Yes like theres no differences We are all humans,Hope_speech,images_DE/DE_HS_0208.jpg
Sasha Dumse god made us to be ourselves,Hope_speech,images_DE/DE_HS_0209.jpg
think it goes back to Women being afraid to step into male dominated atmosphere and they are afraid they wont make any friends It goes back to the idea that women and men cant just be friends,Hope_speech,images_DE/DE_HS_0210.jpg
The truth is All lives matter,Hope_speech,images_DE/DE_HS_0211.jpg
Therapy and surrounding yourself with loving and accepting people hopefully,Hope_speech,images_DE/DE_HS_0212.jpg
think ALL LIVES MATTER,Hope_speech,images_DE/DE_HS_0213.jpg
We need religion where everyone is accepted One where youre free to love and be happy One where you can be yourself,Hope_speech,images_DE/DE_HS_0214.jpg
It might be against my religion but choose to love and not hate,Hope_speech,images_DE/DE_HS_0215.jpg
My family is very religious and dont know how theyll take it if ever tell them that swing both ways Im happy for the kids who have such positive view on the LGBT community,Hope_speech,images_DE/DE_HS_0216.jpg
have friend who chose to be lesbian because of negative experiences she has had with men Now she is happily living with her girlfriend doesnt miss being with man at allnnI have heard for others it is not choice and think that thats okay dont understand the hate against LGBTQQIAAP,Hope_speech,images_DE/DE_HS_0217.jpg
if everyone is too be equal the make it so everyone is equal,Hope_speech,images_DE/DE_HS_0218.jpg
IAM girl studying software engineering,Hope_speech,images_DE/DE_HS_0219.jpg
think Canada has pretty good Muslim community for the most part At least if Islam reformed like Canadian Muslims it probably would be fine think But still think almost all religion is cancer,Hope_speech,images_DE/DE_HS_0220.jpg
Conversion therapy needs to be illegal,Hope_speech,images_DE/DE_HS_0221.jpg
Happy using the term black lives matter degrades everyone elses struggles All lives matter argues equality for all and to bring down all discrimination and racism,Hope_speech,images_DE/DE_HS_0222.jpg
Tony Gokk our world is over populated by lot You can still adopt child poor loving child who needs attention and longs home If this is religious thing,Hope_speech,images_DE/DE_HS_0223.jpg
Trump isnt antiSemitic,Hope_speech,images_DE/DE_HS_0224.jpg
As she says women have different perspective In field such as engineering where innovative ideas and thinking outside the norm is so rewarded there should be definite demand for girls to have an equal chance for an engineering career,Hope_speech,images_DE/DE_HS_0225.jpg
this is inspiring im mechanical engineering student and needed this so bad,Hope_speech,images_DE/DE_HS_0226.jpg
Every life matters,Hope_speech,images_DE/DE_HS_0227.jpg
Chalk hope you succeed Good luck to you and all the women out there,Hope_speech,images_DE/DE_HS_0228.jpg
Dumse and god made other humans to love each other,Hope_speech,images_DE/DE_HS_0229.jpg
Thank you So true The church has done SO many awful things in Gods name and been terrible reflection of Christ Praying the church can wake up and repent of its past and present sins dont blame people for wanting to stay far from Christianity It just breaks my heart since know the way many Christians act is so contrary to the way Jesus called us to live He loved sinners,Hope_speech,images_DE/DE_HS_0230.jpg
This is very inspiring am studying civil engineering,Hope_speech,images_DE/DE_HS_0231.jpg
crystal has restored my faith in humanity,Hope_speech,images_DE/DE_HS_0232.jpg
The Nobel Peace Price is awarded to persons who Save Many Lives think she deserves the award,Hope_speech,images_DE/DE_HS_0233.jpg
There is good and bad in all races and all professions All races face discrimination from people who are jerks There will always be those in the world that do not see the person for the special person that they are It isnt right just have to believe that those who promote hate through discrimination will answer for it when they stand before God,Hope_speech,images_DE/DE_HS_0234.jpg
EVERYONE and mean EVERYONE has to act different when they are at work It has nothing to do with race or sex,Hope_speech,images_DE/DE_HS_0235.jpg
think this is my new favourite Madonna interview thank you for holding my hand through some of the worst of it Bless you,Hope_speech,images_DE/DE_HS_0236.jpg
bless you wish you all the very best xxx,Hope_speech,images_DE/DE_HS_0237.jpg
All lives matter is good Saying black lives matter alone is racist,Hope_speech,images_DE/DE_HS_0238.jpg
Through all the years her music got me through some tough sht will always be grateful :orange heart:,Hope_speech,images_DE/DE_HS_0239.jpg
This is awesome Very inspiring,Hope_speech,images_DE/DE_HS_0240.jpg
All Lives Matter especially now,Hope_speech,images_DE/DE_HS_0241.jpg
know so many LGBTQ members myself am pansexual and genderfluid Those kids are so nice,Hope_speech,images_DE/DE_HS_0242.jpg
Literally am mix of black and white but dont see any difference on the colour only see it on the personality,Hope_speech,images_DE/DE_HS_0243.jpg
Shes living legend She changed the world Madonna are my life,Hope_speech,images_DE/DE_HS_0244.jpg
This was so empowering and thoughtful Its so incredibly inspiring how enthusiastic she was and how she was never willing to give up This really shows us how good things take time It takes rejections and hard work It takes staying up til in the morning Thats when you make difference hope whatever youre working hard for is success and dont give your hopes up no matter how challenging or difficult things get,Hope_speech,images_DE/DE_HS_0245.jpg
How is it going so far Im looking to go into engineering too,Hope_speech,images_DE/DE_HS_0246.jpg
THE FOOL im not very religious Plus listening to different point of view is nice dont want to live in an echo chamber,Hope_speech,images_DE/DE_HS_0247.jpg
Im Doctor and people say arent young for calling urself dr,Hope_speech,images_DE/DE_HS_0248.jpg
Her story makes Bold claim Thanks for the jewish perspective on engineering Building from skill set Lego builds infrastructures TECH programs protecting intellectual property Creating new path KICK STARTER right on GOLDIE BLOCKS Girls lets get it Write on girl engineers,Hope_speech,images_DE/DE_HS_0249.jpg
Im Christian and dont care if you are homosexual As long as you dont harm anybody you do whatever you want,Hope_speech,images_DE/DE_HS_0250.jpg
was inspired as women to believe in myself and be strong independent women was raised with no encouragement and to be powerless She rocks :call me hand: OMG nearly cried to her comment at the end never give up,Hope_speech,images_DE/DE_HS_0251.jpg
Jane Gerrard Thanks for the excellent comments think that explains the experience of many women working in variety of disciplines TBC,Hope_speech,images_DE/DE_HS_0252.jpg
So inspiring swear The same problem is faced in India toonGuys always look down upon girls,Hope_speech,images_DE/DE_HS_0253.jpg
am female engineernhttp,Hope_speech,images_DE/DE_HS_0254.jpg
Thank you so much for inspiring me Ive always been feeling like Ive made the wrong decision by choosing to do engineeringI always feel like cant do it Im just surviving just wanted to finish and get out And do something better with my life But now get Im back thank you so much Im 400l mechanical engineering student from the university of Lagos,Hope_speech,images_DE/DE_HS_0255.jpg
Yes that was genuine Bless her Never give up hope love you ladyx,Hope_speech,images_DE/DE_HS_0256.jpg
Its OK to be white Its OK to be black Its OK to be brown ALL LIVES MATTER,Hope_speech,images_DE/DE_HS_0257.jpg
All lives are what you make of them nWe are all born and we will all die,Hope_speech,images_DE/DE_HS_0258.jpg
couldnt imagine going through that Hes so strong Thankful for all of the people that stood up for equality Love all of you,Hope_speech,images_DE/DE_HS_0259.jpg
am Christian and God did not teach teach us to not love someone because of there sexuality he thought to love everyone and show kindness,Hope_speech,images_DE/DE_HS_0260.jpg
Girl and boys are equal engineers like that she did not give up Like when her classroom teacher humilates her and she starts to cry also think she had good idea about girl construction toy,Hope_speech,images_DE/DE_HS_0261.jpg
used to think All Lives Matterno days,Hope_speech,images_DE/DE_HS_0262.jpg
He is gift from God,Hope_speech,images_DE/DE_HS_0263.jpg
Dumse Clearly he also made the man and man to love each other and female and female to love each other,Hope_speech,images_DE/DE_HS_0264.jpg
Hello read some of the comments on this video and got inspired to share my story too love in England and am currently in my first year of college and Im studying engineering In my college there are four classes and ended up in class where there are 23 boys and Im the only girl It was really scary at first because am already very shy girl and struggle with talking to new people sometimes,Hope_speech,images_DE/DE_HS_0265.jpg
Wtf is conversion therapy If someone just born like this,Hope_speech,images_DE/DE_HS_0266.jpg
dont think Hillary is stupid think shes frighteningly smart think she and the Donald are attempting to troll conservatives out of existence,Hope_speech,images_DE/DE_HS_0267.jpg
All lives matter no matter what color Whats the problem with saying that all lives matter,Hope_speech,images_DE/DE_HS_0268.jpg
All lives matter isnt movement nAll lives matter is statement EVERY LIVE MATTERS Why is that so hard,Hope_speech,images_DE/DE_HS_0269.jpg
All of us matter All human life matters,Hope_speech,images_DE/DE_HS_0270.jpg
All lives matter is statement not movement were not asking for anything so why is bad,Hope_speech,images_DE/DE_HS_0271.jpg
Some of the black lives matter people are doing things correctly to protect their people but there are some that are destructive against innocent people and bad people tooWhen someone says black lives matter it is rude to say all lives matter because the purpose of this movement is black protection for their people and its rude to bring other lives to erase its main purposeIts like saying My cousin died help methen person two replying who cares mine died tooRespecting personal rights means world peace,Hope_speech,images_DE/DE_HS_0272.jpg
Funny Typical misogynist You say feminists are stupid for thinking theres discrimination against women in stem fields just because women make up such minority but then use the same statistics to make point how women being minority in some fields means theyre biologically inferior or not capable of doing something and you just assume men are better at everythingSo hilarious and sexist,Hope_speech,images_DE/DE_HS_0273.jpg
She is an inspiration,Hope_speech,images_DE/DE_HS_0274.jpg
She has never been afraid to say these are my friends and love themnThis was well before it was fashionable to embrace the gaysnShe and Elizabeth Taylor were throwing millions of dollars towards AIDS research in the beginning,Hope_speech,images_DE/DE_HS_0275.jpg
All lives matter dont care what color you are dont care what race you are ALL LIVE MATTER If you cannot see that and agree with that then YOU are the problem,Hope_speech,images_DE/DE_HS_0276.jpg
Then dont represent it as justification for sexism if you cant prove your claims have faced sexism as well but dont go around bitching about itnnSexism towards Mennn1 Only we have to sign for the draftnn2 Only Men can be charged for domestic violence even if the aggressor is womennn3 Men receive 70 longer sentence then women for the same crimenn4 Women get special fundings,Hope_speech,images_DE/DE_HS_0277.jpg
When was 12 figured out that was lesbian my mom said that Im not her daughter anymore and sent me to my auntie in Newzeeland,Hope_speech,images_DE/DE_HS_0278.jpg
What dont like about this interview is that she doesnt own being heterosexual who supports the LGBTQ community She is straight children and all But maybe she believes love is love Either way lots of straight people liked her music as well wish all people the best All lives matter,Hope_speech,images_DE/DE_HS_0279.jpg
Born to be star an icon She has done so much for the LGBTQ community Im so horrified by the hate she gets because of her age,Hope_speech,images_DE/DE_HS_0280.jpg
Lyfe ofc all lives matter equally We all bleed the same But people only started saying white lives matter and all lives matter to take attention away from the BLM movement BLM is about equality for all lives,Hope_speech,images_DE/DE_HS_0281.jpg
god gave us choice and my choice is to love,Hope_speech,images_DE/DE_HS_0282.jpg
from djibouti that was great but you had courage to achieve your aim,Hope_speech,images_DE/DE_HS_0283.jpg
understand that but wasnt suggesting All lives matter should be the response and thats it what am suggesting is booing all lives matter is racist and we need to recognise that or though BLM is great thing we have to be careful not yo cause more racism and division as whatever the corr message is people take things and run with it using good things to hurt good people,Hope_speech,images_DE/DE_HS_0284.jpg
Okay so am majoring in engineering and this video hit me so so hard Im literally on study break after hours of studying mechanics of materials,Hope_speech,images_DE/DE_HS_0285.jpg
No they are not All lives matter,Hope_speech,images_DE/DE_HS_0286.jpg
why is everyone so annoyed at these CHILDREN like cmon they are probably not very educated in this and yall screech if they even think about the word choice,Hope_speech,images_DE/DE_HS_0287.jpg
God gave us choice My choice is to love Omgosh,Hope_speech,images_DE/DE_HS_0288.jpg
Its not something you can disagree with LGBTQ people exist Thats like saying you disagree with being Asian,Hope_speech,images_DE/DE_HS_0289.jpg
No one says it to be racist they say it because its true its not the color its the character,Hope_speech,images_DE/DE_HS_0290.jpg
All lives obviously,Hope_speech,images_DE/DE_HS_0291.jpg
Theres always way out and Madonna is just changing the world for the better,Hope_speech,images_DE/DE_HS_0292.jpg
Saying all lives matter takes away from the movement All lives are supposed to matter,Hope_speech,images_DE/DE_HS_0293.jpg
She is not and never has been afraid to speak out against homophobia because her herself us bisexual,Hope_speech,images_DE/DE_HS_0294.jpg
Can you give me some tips to be good friend to my friend Hold on Im crying thats so sweet,Hope_speech,images_DE/DE_HS_0295.jpg
This was so inspiring,Hope_speech,images_DE/DE_HS_0296.jpg
All loves matter Not color added all lives,Hope_speech,images_DE/DE_HS_0297.jpg
females dont do engineering as much cause they start to lack the social support when the study gets too hard or when the job demands are high and no one is there for them emotionally so they drop out,Hope_speech,images_DE/DE_HS_0298.jpg
Lives matter If you nominate only one race before that statement you are the racist,Hope_speech,images_DE/DE_HS_0299.jpg
ALL LIVES MATTERS AND OF COURSE,Hope_speech,images_DE/DE_HS_0300.jpg
completely understand you This Mexican girl will keep working towards her goals though,Hope_speech,images_DE/DE_HS_0301.jpg
Imagine if after Martin Luther King jrs have dream speech white peoples went around shouting all colors have dream too nnLike seriously :person facepalming: do you guys have to make everything about you nnnBlack peoples are trying to fight for justice by saying they matter nnAnd you white people have to come out of nowhere screaming all lives matter :person facepalming: seriouslynnThis fight for their justice has nothing to do with you people and yet you sorry asses want to jump in every black protest and make it about yallnnthats just playing white privileged right there,Hope_speech,images_DE/DE_HS_0302.jpg
No one like her Thank you MADONNA You inspire me in world that is becoming so crazy Never give up hope NEVER,Hope_speech,images_DE/DE_HS_0303.jpg
Amazing speech Really motivating,Hope_speech,images_DE/DE_HS_0304.jpg
My dad ALWAYS included me on all his manly things growing up He is my biggest supporter in pursuing my mechanical engineering degree started working in the industrial manufacturing industry and fell in love,Hope_speech,images_DE/DE_HS_0305.jpg
Its not choice to feel attracted to someone,Hope_speech,images_DE/DE_HS_0306.jpg
Abda Youre right though People shouldnt assume her sexuality,Hope_speech,images_DE/DE_HS_0307.jpg
love Madonna shes trailblazer and trendsetter thx Madonna for being unapologetically yourself and spreading love and empowering messages your so inspirational love my beautiful queen Madonna,Hope_speech,images_DE/DE_HS_0308.jpg
Thats Madonna how love to hear real fighter,Hope_speech,images_DE/DE_HS_0309.jpg
in Gods eyes all lifes matter,Hope_speech,images_DE/DE_HS_0310.jpg
when was young always took my brothers legos and cars and built things hated barbie dolls never have felt like the other girls am really considering engineering always threw the dolls and such away think im finally realizing this field exists Thanks to women like you,Hope_speech,images_DE/DE_HS_0311.jpg
All Lives Matter Im not racist dont support riots and lawlessness Protest peacefully for change and let the justice system take its course Dont be sheep,Hope_speech,images_DE/DE_HS_0312.jpg
MaderanI dont know the purpose of bringing up an issue thats over 10 years old and even its own citizens paid it no respect US tries to control the internet,Hope_speech,images_DE/DE_HS_0313.jpg
Laurencya am sorry but these tortures doesnt work for anyone,Hope_speech,images_DE/DE_HS_0314.jpg
We are all humans with likes and dislikes diffrent looks with all the same rights,Hope_speech,images_DE/DE_HS_0315.jpg
Its not about black lives Its all about the tactics of intimidation by the police that sometimes escalates situation and will lead to excessive force and generally due to the lack of cooperation by the suspect When ones freedom is at stake ones instincts will lead to defending that Liberty and often times this is precipitated by the police officer allowing his emotions to get the best of him It doesnt matter what race you are what matters is,Hope_speech,images_DE/DE_HS_0316.jpg
School is no longer about knowledgenEnglish class might not be so much about knowledge as it is about skill,Hope_speech,images_DE/DE_HS_0317.jpg
All lives matter Stop the hate people Hate breeds Hate Marching around shouting is all fine and dandy when its peaceful and such but there are too many folks that are racist as shit going along with the black lives matter marches We need to be kind,Hope_speech,images_DE/DE_HS_0318.jpg
Jules is such an amazing person,Hope_speech,images_DE/DE_HS_0319.jpg
Seriously people Dont be so god damned quick to believe EVERYTHING that you read ESPECIALLY when were talking about articles that are being google translated and quite often deliberately missquoted andor misinterpreted,Hope_speech,images_DE/DE_HS_0320.jpg
Sorry dont agree with what you are know that isnt exactly what they said but yeah look know theyre kid but hopefully theyll grow out of that mindset its just illogical,Hope_speech,images_DE/DE_HS_0321.jpg
If you strip your skin covering you all look the sameAll lives matter,Hope_speech,images_DE/DE_HS_0322.jpg
Ik thought she would get emotional because they would be able to relate but then again sometimes it takes long time to come to terms with the weird feelings you feel so she may be repressing them theres lot of discomfort on her face throughout the video and honestly think she fears someone is going to drag her out of the closet Growing up dealt with that same kind of fear not because my family wouldnt accept me because knew they would but was scared wouldnt accept me idek if that made sense but overall she could just be fighting this internal battle that her true self hasnt fully won yet,Hope_speech,images_DE/DE_HS_0323.jpg
Omg he came out to himself when he was 13 same as me omg awesome,Hope_speech,images_DE/DE_HS_0324.jpg
This is surprisingly inspiring,Hope_speech,images_DE/DE_HS_0325.jpg
That is what black lives matter protesters are trying to say All lives matter,Hope_speech,images_DE/DE_HS_0326.jpg
love you Madonna needed you so much in this life You are someone to admire Thank you so much for everything,Hope_speech,images_DE/DE_HS_0327.jpg
cant believe some people dont accept people because of who they like Religion or not The God know loves everyone,Hope_speech,images_DE/DE_HS_0328.jpg
Some of these little kids are so bright its crazy also love how kind and open Marcus was He had wonderful message about being yourself in general no matter who you are and love that,Hope_speech,images_DE/DE_HS_0329.jpg
Asiya you cant disagree with sexuality lmao its like saying you disagree with people being black,Hope_speech,images_DE/DE_HS_0330.jpg
The protesters rioters seem to favor the herd immunity strategy regarding the pandemic No social distancing,Hope_speech,images_DE/DE_HS_0331.jpg
All Lives Matter Period,Hope_speech,images_DE/DE_HS_0332.jpg
Im Christian and dont judge anyone on anything My opinion doesnt matter Gods opinion is the one that matters at the end of the day love people for being people no matter what Just bc ur christian,Hope_speech,images_DE/DE_HS_0333.jpg
Most female engineers work with are not native USA Austrian,Hope_speech,images_DE/DE_HS_0334.jpg
like that it was in toronto live in canada the most racist province you can find yourself in is Alberta because its essentially the texas of canada Toronto and British Columbia are the most diverse and inclusive places to be while wont say racism doesnt exist here,Hope_speech,images_DE/DE_HS_0335.jpg
DEFENDING the right of the LGBTQ community to live however they like and being accepted for who they are AND in the same time ATTACKING someone because they have different opinionbelief maybe similar to what those horrible people are justifying their actions with as long as they are not personally hurting anyone is highly HYPOCRITICALnIf you dont have anything good to say respectfully,Hope_speech,images_DE/DE_HS_0336.jpg
that kid asking for advice for being good friend gave me hope that was so cute,Hope_speech,images_DE/DE_HS_0337.jpg
all lives matter Regardless of your skin colour By saying blm youre dividing us Which is literally taking 10 steps backwards How do not see this,Hope_speech,images_DE/DE_HS_0338.jpg
How can you say you dont agree with homosexuality Its makes as much sense as saying dont agree with gravity,Hope_speech,images_DE/DE_HS_0339.jpg
ALL LIVES MATTER get what they went through but thats in the past you cant bring that up in defense,Hope_speech,images_DE/DE_HS_0340.jpg
It is shame that we men played and continue to play such mean game dealing with woman other than your mother,Hope_speech,images_DE/DE_HS_0341.jpg
wish that people werent so heartless She truly is an advocate for bettering the lives of others just wish that the so many lives were never taken away,Hope_speech,images_DE/DE_HS_0342.jpg
just want to hug her here She made me cry like this Madonna Very inspirational and strong woman,Hope_speech,images_DE/DE_HS_0343.jpg
my parents threatened to throw me into conversion therapy for being trans but were too ashamed to thankfullynIm in Canada btwdespite all our LGBT rights,Hope_speech,images_DE/DE_HS_0344.jpg
In Gods eyes we all matter,Hope_speech,images_DE/DE_HS_0345.jpg
Can we please talk about the serious topic at hand instead of assuming what childs sexuality is,Hope_speech,images_DE/DE_HS_0346.jpg
always wanted to be in stem so is my brother,Hope_speech,images_DE/DE_HS_0347.jpg
My grandma was in the military My aunt is doctor My mom is University professor My older sister is an architect want to be video game developer Im so proud to be in family of intellectual and accomplished black women,Hope_speech,images_DE/DE_HS_0348.jpg
Born to be star an icon She has done so much for the LGBTQ community Im so horrified by the hate she gets because of her age,Hope_speech,images_DE/DE_HS_0349.jpg
This made me cry it is beautiful,Hope_speech,images_DE/DE_HS_0350.jpg
Saying Black Lives Matter doesnt mean Screw everyone else who isnt black Why dont White Americans get thatnThe fact that group of people have to stand in protest and practically scream Hey We deserve the right to life because of the recent publicly exposed police brutality should be the concern here Saying All lives matter is unnecessary and is doing an injustice to Black Americans If all lives truly mattered then Black Lives Matter wouldnt be movement so necessary today,Hope_speech,images_DE/DE_HS_0351.jpg
Taylor that is the most insane comment ever go and search Shankuntala Devi,Hope_speech,images_DE/DE_HS_0352.jpg
Thank you so much sis feel better now,Hope_speech,images_DE/DE_HS_0353.jpg
We dont want race war,Hope_speech,images_DE/DE_HS_0354.jpg
We all know black lives matter too This isnt revelation to America,Hope_speech,images_DE/DE_HS_0355.jpg
My mom came out at the age of 39 years after she had me lmao,Hope_speech,images_DE/DE_HS_0356.jpg
My sister is lesbian nIts not that easy for everyone nMaybe im just stuck up and still think she is to young to decide who she is she is 18nIt was still hard thing for me to hear,Hope_speech,images_DE/DE_HS_0357.jpg
ExtraBitch Im Christian and dont like conversion therapy,Hope_speech,images_DE/DE_HS_0358.jpg
wouldnt say Im AGAINST homophobia and people who are homosexual also part of the LGBTQ community as AGAINST is too much of strong word dont agree with it,Hope_speech,images_DE/DE_HS_0359.jpg
TheLegend27 Is Alive also you can be christian and lesbian,Hope_speech,images_DE/DE_HS_0360.jpg
Never even occurred to me that it was boys thing Seriously had no idea might be studying chemical engineering next year and Im very excited Every person that have told just wishes me luck or congratulated me and is not weirded out by it This is the first time that Im hearing that its more of boys thing,Hope_speech,images_DE/DE_HS_0361.jpg
God gave us choice and my choice is to love WOW this kid gets it,Hope_speech,images_DE/DE_HS_0362.jpg
such an inspiration,Hope_speech,images_DE/DE_HS_0363.jpg
The best woman that supported LGBTTTQ forever shes deserve her award for looong Time she was recognized to fight for the human being,Hope_speech,images_DE/DE_HS_0364.jpg
All lifes matter,Hope_speech,images_DE/DE_HS_0365.jpg
Both Madonna and Elizabeth Taylor never turned their backs on the gaysnThey were both very involved with support for research from the very beginning of the AIDS crisis,Hope_speech,images_DE/DE_HS_0366.jpg
God gave us choice and my choice is to love,Hope_speech,images_DE/DE_HS_0367.jpg
Thats why love her she made me feel that being different is okay her music change people lifes,Hope_speech,images_DE/DE_HS_0368.jpg
hope that the money that goes to this video will be donated in some way to the families and people that need it right right,Hope_speech,images_DE/DE_HS_0369.jpg
owen eiffel Jesus said to love everyone no matter what,Hope_speech,images_DE/DE_HS_0370.jpg
came out as bisexual and she is one of the main reasons why turned bi have the biggest girl crush on her and still do Go Madonna,Hope_speech,images_DE/DE_HS_0371.jpg
Yall lives matter There,Hope_speech,images_DE/DE_HS_0372.jpg
LOVE LOVE LOVE THIS nSo inspiring need this toy,Hope_speech,images_DE/DE_HS_0373.jpg
920 To never give hope to never give up She said it with conviction,Hope_speech,images_DE/DE_HS_0374.jpg
dont understand people say dont agree its like dont agree that cats purr or dont agree that the sky is blue its weird,Hope_speech,images_DE/DE_HS_0375.jpg
Racism is dying,Hope_speech,images_DE/DE_HS_0376.jpg
Saying All Lives Matter means all people in this whole world matter and thats because God made all of them Nothing to do with skin color,Hope_speech,images_DE/DE_HS_0377.jpg
God gave us choice and my choice is to love That was so sweet,Hope_speech,images_DE/DE_HS_0378.jpg
Now stop this protesting because we are all equal My best friend is black and even she says all of this is blown out of proportion Yesterday in the UK seen black police officers dragging white man across the pavement You dont see me recording it shouting at them saying there racist There doing there job,Hope_speech,images_DE/DE_HS_0379.jpg
find it funny at the amount of attention the lack of female engineers gets while ignoring that females are outperforming males in every aspect of school BESIDES engineering Females have such options to their career fields but men have not had the same options opening up for them outside of traditional job roles,Hope_speech,images_DE/DE_HS_0380.jpg
Theyre scared of the truth That confident woman is very powerful and can acomplish anything she wants just like guy By the way Im guy,Hope_speech,images_DE/DE_HS_0381.jpg
Just be yourself man,Hope_speech,images_DE/DE_HS_0382.jpg
ALL LIVES MATTER God created us all and loves us all,Hope_speech,images_DE/DE_HS_0383.jpg
thought this was going to be another need feminism because speeches What pleasant surprise to wind up being moved and uplifted by her talknInstead of griping about all the problems,Hope_speech,images_DE/DE_HS_0384.jpg
Your right about the toys If we were given these toys we would have better spatial skills and love science and engineering,Hope_speech,images_DE/DE_HS_0385.jpg
feel like its generational thing Because am also not seeing an obstacle TooHard to overcome Stereotypes are for television It turns out you dont need to be some outcast But also believe its also because of women and influencers such as the speaker that make this possible,Hope_speech,images_DE/DE_HS_0386.jpg
love the child who said god gave us choice and my choice is to love want to meet him,Hope_speech,images_DE/DE_HS_0387.jpg
Alllllll lives matter we all came from jesus Christ,Hope_speech,images_DE/DE_HS_0388.jpg
stop forcing people to forcefully study engineeringnengineering is made for humans nif girls want to study engineering she willnif she wants to study something other than engineering she willnIts totally her choicennnnnA person should only study something in which heshe is interested in and thus can excel in that field only,Hope_speech,images_DE/DE_HS_0389.jpg
People need to stop telling Annie to come outnLet her live her life as human being whether she is part of the LGBTQ community or not,Hope_speech,images_DE/DE_HS_0390.jpg
ALL LIVES MATTER AGREE NOT JUST CERTAIN LIVES OR RACES JUST BUNCH OF CRY BABIES GET OVER IT,Hope_speech,images_DE/DE_HS_0391.jpg
Im female engineering student right now Im so glad this is in my recommendation,Hope_speech,images_DE/DE_HS_0392.jpg
Tyrone Marcus you are so stupid you know that the section that says that man should not lie with man was translated wrong and meant to say not lie with boy referring to pedophilia and God loves everyone you cant say he hates gays because he doesnt hate anyone it called love the sinner hate the sin you dumbass you are hypocrite,Hope_speech,images_DE/DE_HS_0393.jpg
It really sucks at least in america you have freedom of speech for now cant believe in 2020 we are still having skin colour prejudice and issues as result it is pathetic if in millennia we cant get past something so simple as to understand that diversity is benefit to our survival as species we are doomed,Hope_speech,images_DE/DE_HS_0394.jpg
Emilee Henderson exactly she wasnt being rude in anyway she was just giving her opinion like theres no need to harass anyone,Hope_speech,images_DE/DE_HS_0395.jpg
Exactly ALL lives matter,Hope_speech,images_DE/DE_HS_0396.jpg
Brave compassionate man and role model right here Much respect,Hope_speech,images_DE/DE_HS_0397.jpg
All lives matter why is Black live matter Why is White live matter Why is Yellow live matter All lives matter But do what you think its right Never ever mistaken between Criminals and Heroes,Hope_speech,images_DE/DE_HS_0398.jpg
teared up watching this think Debbies story is just so incredibly inspirational She is an incredible role model not only to the little girls she reaches through GoldieBlox,Hope_speech,images_DE/DE_HS_0399.jpg
Ovi But they certainly have more female engineers than you do,Hope_speech,images_DE/DE_HS_0400.jpg
When was little girl didnt like barbies but my parents kept bringing them but kept playing with my cousins legos and my teacher used to gave me legos when get full mark,Hope_speech,images_DE/DE_HS_0401.jpg
some people differnt and thats ok and love is love and my church has pastor and allmost every body is part of LGBTQ and think and am bisexul and thats ok sooo what am saying is that love is love and deal with it and god would not make us if he knew we where going to change btw am olny 10 so this is very hard to wright so thx,Hope_speech,images_DE/DE_HS_0402.jpg
This is so inspiring MD PhD in engineering is my end goal have too many ideas and realized need engineering training to do the research My brother is petroleum engineer Im at community college starting my journey to wherever school end up My credits in Psychology have 119 but too old to transfer but working in psychiatric field and mental health has given me the vision have now,Hope_speech,images_DE/DE_HS_0403.jpg
will always be thankful for Madonna Shes reason Im not afraid to be me even have portrait of her,Hope_speech,images_DE/DE_HS_0404.jpg
Dont listen to the people who are trying to bring you down If gaming scientist doesnt exist,Hope_speech,images_DE/DE_HS_0405.jpg
For people who were judging Annie and read that she has come out now but Im not sure if thats true was the same way when was younger because grew up in religious family But was really really confused and hated myself because couldnt understand why God would hate me if like girls Which for me made me try to prove even more that didnt like girls at all finally left the religion two years ago and came out as bisexual Its really scary if your family is homophobic and tell you that you are damned forever for that,Hope_speech,images_DE/DE_HS_0406.jpg
dont believe in lying about yourself to make other people happy,Hope_speech,images_DE/DE_HS_0407.jpg
Hates not gonna get you anywhere in the world PREACH,Hope_speech,images_DE/DE_HS_0408.jpg
Where does this impression come from that LEGO is boys toy It is completely gender neutral,Hope_speech,images_DE/DE_HS_0409.jpg
Im studying to be civil engineerhope succeed,Hope_speech,images_DE/DE_HS_0410.jpg
Walker saying you dont agree with the LGBT community is like saying you dont agree with black people we dont have choice to choose our sexuality or skin colour,Hope_speech,images_DE/DE_HS_0411.jpg
thanks for encouraging me to fight with dignity once again appreciation to the tips and real life facts Respect,Hope_speech,images_DE/DE_HS_0412.jpg
Will nutsnThere good people and bad people All life matter,Hope_speech,images_DE/DE_HS_0413.jpg
say all lives matter dont care who likes it and who dont point blank ALL LIVES MATTER,Hope_speech,images_DE/DE_HS_0414.jpg
Revolutions eat themselves,Hope_speech,images_DE/DE_HS_0415.jpg
What about people who actually like engineering And want to make world better place,Hope_speech,images_DE/DE_HS_0416.jpg
Im so glad that my brother wasnt sent to therapy ahem torture for being trans,Hope_speech,images_DE/DE_HS_0417.jpg
anime preductions im also trans guy and know how hard it can be to tell someone Its amazing that you already have told some friends,Hope_speech,images_DE/DE_HS_0418.jpg
The STEM field is very diversethe problem is the vast number of Indian and Asian women and men in STEM strangely dont seem to count Notice,Hope_speech,images_DE/DE_HS_0419.jpg
Shes always done what is daring or pushing boundaries Any negative publicity shes every gotten has only increased her celebrity Evidence,Hope_speech,images_DE/DE_HS_0420.jpg
MADONNA THE CHANGE AGENT,Hope_speech,images_DE/DE_HS_0421.jpg
IT You need to stop They can choose how they want to live,Hope_speech,images_DE/DE_HS_0422.jpg
have nothing against gay people,Hope_speech,images_DE/DE_HS_0423.jpg
Take your time Youll be able to do that and be yourself You can do it,Hope_speech,images_DE/DE_HS_0424.jpg
cried Im glad my parents are reasonable with my sexuality,Hope_speech,images_DE/DE_HS_0425.jpg
All lives matter all people matter all point of views matter all religions matter,Hope_speech,images_DE/DE_HS_0426.jpg
honestly think people can love who they want to love,Hope_speech,images_DE/DE_HS_0427.jpg
Jens Im not offended by black lives matter The first comment in this topic was about how the slogan was racist went on to say that dont think its racist but had my concerns how it could be causing divide and doing more harm than good nA good number of the comments on here say its racist so clearly some people have an issue with it,Hope_speech,images_DE/DE_HS_0428.jpg
Shes also got every right to her own opinion She is child And she may not even be sure of what shes saying Leave her alone,Hope_speech,images_DE/DE_HS_0429.jpg
Toys should be made to build more skills like this,Hope_speech,images_DE/DE_HS_0430.jpg
Keep working hard in what you want to do You know you want to work with games Look into it Read books,Hope_speech,images_DE/DE_HS_0431.jpg
my choice is to love :pleading face:,Hope_speech,images_DE/DE_HS_0432.jpg
loved how the boy asked how he can support his friend on sexuality so he can be there for him like that is so darn sweet,Hope_speech,images_DE/DE_HS_0433.jpg
loved the kids reactions and comments hope this next generation is more tolerant,Hope_speech,images_DE/DE_HS_0434.jpg
ALL LIVES MATTERnHey,Hope_speech,images_DE/DE_HS_0435.jpg
FINALLY something positive,Hope_speech,images_DE/DE_HS_0436.jpg
This conversiontherapy is pure nonsense and is the most ridiculous and damaging trash have ever heard of in the 21st century It is all too often religiouslyfueled poison and can never work One can simply never turn homosexual into heterosexual any more than one can attempt to turn heterosexual into homosexual Did anyone ever attempt that It is as if the ignorance,Hope_speech,images_DE/DE_HS_0437.jpg
came across this vid and saw her amazing speech Im in my third year doing my degree in ME and faced the same struggle Thanks for the speech Its inspiring Thanks Debbie,Hope_speech,images_DE/DE_HS_0438.jpg
Kodomo All lives Matter literally means All lives including Black lives matter No wonder why people dont support BLM anymore,Hope_speech,images_DE/DE_HS_0439.jpg
01 neither did you obviously it says not to lay with another man as you would with woman and it states that it is an abomination never says to hate anyone in the bible it literally states the opposite,Hope_speech,images_DE/DE_HS_0440.jpg
People really start to suck as they grow up The younger kids were so sweet and accepting as opposed to the older girl whos clearly in denial mode About herself,Hope_speech,images_DE/DE_HS_0441.jpg
All lives do matter Stop playing your games,Hope_speech,images_DE/DE_HS_0442.jpg
Keep persevering Anyone can become great engineer,Hope_speech,images_DE/DE_HS_0443.jpg
Jesse Pollack Im not against lgbt,Hope_speech,images_DE/DE_HS_0444.jpg
really like that theyre introducing kids to these subjects Its incredibly important escpecially in this day and age,Hope_speech,images_DE/DE_HS_0445.jpg
God loves all lives conceived and born,Hope_speech,images_DE/DE_HS_0446.jpg
The video says kids meetbut it always feels like Im meeting new and unique person,Hope_speech,images_DE/DE_HS_0447.jpg
Just ignore racism Dude please educate yourself,Hope_speech,images_DE/DE_HS_0448.jpg
Homosexuality is not choice just like your race,Hope_speech,images_DE/DE_HS_0449.jpg
dont understand when people say they dont agree with homosexuality,Hope_speech,images_DE/DE_HS_0450.jpg
got chills throughout the video Im so happy to be able to come into the field with women and as an inspiring aerospace engineer,Hope_speech,images_DE/DE_HS_0451.jpg
No one is better than anyone else we are equal,Hope_speech,images_DE/DE_HS_0452.jpg
This person inspired me to be an engineer This makes me really happy really needed this,Hope_speech,images_DE/DE_HS_0453.jpg
Lonelymilanj are you for realshe did her work when no one else did,Hope_speech,images_DE/DE_HS_0454.jpg
am teenage girl watching this years after this video was published and found it really inspiring,Hope_speech,images_DE/DE_HS_0455.jpg
Discrimination in hiring is illegal under Federal law,Hope_speech,images_DE/DE_HS_0456.jpg
Sasha Dumse God made us to be kind to eachother,Hope_speech,images_DE/DE_HS_0457.jpg
She is pretty and smart wow,Hope_speech,images_DE/DE_HS_0458.jpg
All Lives Matter,Hope_speech,images_DE/DE_HS_0459.jpg
Sunshine littlephilly ok so you have an opinion but oh my god this was comment that cant leave alone as member of LGBT feel like this is very nOffensive we should not need to change who we are to make others happy and we will not change our sexuality or identity for anything thank you Im just sayin,Hope_speech,images_DE/DE_HS_0460.jpg
Gods Word Matters until people get serious about God work live according to His Word,Hope_speech,images_DE/DE_HS_0461.jpg
Ill be graduating with degree in CS engineering next December was always the social,Hope_speech,images_DE/DE_HS_0462.jpg
Madonna in her songs and her voice have always been there as way to comfort me,Hope_speech,images_DE/DE_HS_0463.jpg
Melanie Schneiderman nWe are all call to love everyone and see their beauty :orange heart:,Hope_speech,images_DE/DE_HS_0464.jpg
love Madonna came out and told that Ive always liked Women sumhow always wanted to be Man,Hope_speech,images_DE/DE_HS_0465.jpg
lost most all except one of my friends after coming out as bisexual Im lucky my family is so accepting My sister is bisexual as well The only hard part is my grandparents on my fathers side We meet up every year for few days My older cousins bring their girlfriends and every year at the end of the visit my grandparents say to me Someday you will bring your boyfriend to be with us We cant wait to meet him when you get one Its so awful,Hope_speech,images_DE/DE_HS_0466.jpg
god gave us choice my choice is to lovenwhat an amazing kid,Hope_speech,images_DE/DE_HS_0467.jpg
This is so inspirational to female engineers like myself Almost cried out of happiness Thank you for this,Hope_speech,images_DE/DE_HS_0468.jpg
im glad they got male perspective to balance the discussion dafuq you know how much easier it is to get job as woman they want to hire 50 women when theyre 20 of grads how is that equal for generation thats been taught woman can do anything as good as men it should be about ability not genitals totally agree on that point,Hope_speech,images_DE/DE_HS_0469.jpg
All lives matter not stop being racist in this country,Hope_speech,images_DE/DE_HS_0470.jpg
All lives should matter Not just only back lives that matter us,Hope_speech,images_DE/DE_HS_0471.jpg
All life MATTER White,Hope_speech,images_DE/DE_HS_0472.jpg
This speech was really inspiring Thank you so much,Hope_speech,images_DE/DE_HS_0473.jpg
If all lives dont matter Soon No lives will matter Stop the hate Show some love,Hope_speech,images_DE/DE_HS_0474.jpg
Can be honest Idga single what others think about me and am just learning that there arent many women in the engineering field It doesnt really trouble me one bit My goal is to study it,Hope_speech,images_DE/DE_HS_0475.jpg
BOTH Black lives do matter,Hope_speech,images_DE/DE_HS_0476.jpg
Im so glad have accepting parents My dad who was raised very very religiously actually accepted me first He had to tell my mother that it wasnt phase and it wasnt just because had bad boyfriend But now they both love me and my dad has cut his losses with religion before came out but he was especially glad he did after came out Sadly,Hope_speech,images_DE/DE_HS_0477.jpg
We all cannot dismiss the influence she has had in the progress for change in LGBTQ rights,Hope_speech,images_DE/DE_HS_0478.jpg
If had to pick which is more feminist would say the exposing American Feminism is more accurate than the modest Muslim Feminism think society is better overall when women are more revealing than mean or at least have full liberty to show as much or as few as they want am not for public nudity but even as Christian know lust can happen in all levels of clothing so might as well let woman show what they got,Hope_speech,images_DE/DE_HS_0479.jpg
She fight and defend,Hope_speech,images_DE/DE_HS_0480.jpg
Totally agree All Lives matter,Hope_speech,images_DE/DE_HS_0481.jpg
was really about to give up on entering STEM and just go to art school But this helped me,Hope_speech,images_DE/DE_HS_0482.jpg
God gave us choice and my choice is to love im crying,Hope_speech,images_DE/DE_HS_0483.jpg
Hates not going to get you anywhere in the world God gave us choice My choice is to love cried,Hope_speech,images_DE/DE_HS_0484.jpg
We were all created equal USA is the land of the free home of the Brave,Hope_speech,images_DE/DE_HS_0485.jpg
think sexuality is choicennGirl if could choose to be straight would but,Hope_speech,images_DE/DE_HS_0486.jpg
All lives matter and at the same time criminals should be dealt with as per the law,Hope_speech,images_DE/DE_HS_0487.jpg
Im female first year engineering student in South Africa and struggled great deal with engineering drawings in my first semester Debbies talk was just so relatable to me and extremely inspiring,Hope_speech,images_DE/DE_HS_0488.jpg
She saved and changed my life Love my Queen,Hope_speech,images_DE/DE_HS_0489.jpg
All lives matter EVERY LIFE we are all here to live together with respect to each other PERIOD,Hope_speech,images_DE/DE_HS_0490.jpg
All lifes matter,Hope_speech,images_DE/DE_HS_0491.jpg
musnt force someone to change just let them no the consequences that their choice will bring and leave it at that,Hope_speech,images_DE/DE_HS_0492.jpg
My parents gave my brother all the next latest and greatest electronics that were coming out during early 2000s and they use to give me all the pretty dolls and role play toys typical for girls nThey thought he was going to be programmer cuz he played lot of computer games but he decided to major in art and majored in computer science lol didnt even know liked programming until took an intro cs course during my senior year of high school nI always knew had kind of an engineering mentality growing up because liked taking scraps from the recycling bin and building random things from it even made houses for my dolls and ignored the store bought doll house my parents gave to me for my birthdaynThis really inspires and reassures me that Im making the right choices for my path might even consider after complete my computer science degree to go pursue engineering as well,Hope_speech,images_DE/DE_HS_0493.jpg
just want to make this clear all lives matters but black people arent treated equally,Hope_speech,images_DE/DE_HS_0494.jpg
im really amazed by his perseverance probably would have broken down and pretended to be straight just to get out of it,Hope_speech,images_DE/DE_HS_0495.jpg
Even the most remote part of our places here when they see Madonna picture or hear her song you can see inspiration and it radiates from her,Hope_speech,images_DE/DE_HS_0496.jpg
pants nI could say the same thing to you Ive made many new points including how affirmative actions could hurt minorities as well,Hope_speech,images_DE/DE_HS_0497.jpg
In general Im inclined to believe people when they say they are being mistreated Especially when these signals are coming constantlynIm not in their shoes and cant pass judgement on what they should,Hope_speech,images_DE/DE_HS_0498.jpg
She represents humanity compassion,Hope_speech,images_DE/DE_HS_0499.jpg
My choice is to love perfect answer because God is Love so thats why the gospel needs to be spread through testimonies and exposing the false churches that the devil comes in the name of Thessalonians,Hope_speech,images_DE/DE_HS_0500.jpg
My choice is to lovennMe crying and sobbing because of how awesome that kid is,Hope_speech,images_DE/DE_HS_0501.jpg
statue does not takeaway from him being books and scriptures,Hope_speech,images_DE/DE_HS_0502.jpg
Treat People With Kindness Treat people like you want to be treated,Hope_speech,images_DE/DE_HS_0503.jpg
All lives matter Period end of sentence,Hope_speech,images_DE/DE_HS_0504.jpg
The only thing that puts doubt in girls minds are videos like this to whom ever is making stuff life this nnGet bent And hope to the atheist God that my daughter grows up and understands that all this is just bullshit and that her fate is in her own hands,Hope_speech,images_DE/DE_HS_0505.jpg
Boa In US women are given preference over men by,Hope_speech,images_DE/DE_HS_0506.jpg
Tagerius It is illegal now and Im very happy think people should be themselves,Hope_speech,images_DE/DE_HS_0507.jpg
Im 68 yo white male and say All Lives Matter,Hope_speech,images_DE/DE_HS_0508.jpg
Omg conversion therapy should be illegal,Hope_speech,images_DE/DE_HS_0509.jpg
Ill never understand when someone says they dont agree with homosexuality It literally has NOTHING to do with you Theres nothing to agree with It just is what it is and always has been,Hope_speech,images_DE/DE_HS_0510.jpg
Heh yeah coming out is really scarynWhenever feel confident enough to try and come out,Hope_speech,images_DE/DE_HS_0511.jpg
was that girl who would rather play with the legos and Lincoln logs Thank you for the inspiring speech,Hope_speech,images_DE/DE_HS_0512.jpg
Taylor What school did you go to that actually did that Every school Ive ever been to gives girls and guy equal chances,Hope_speech,images_DE/DE_HS_0513.jpg
All lives matters God created Man Woman,Hope_speech,images_DE/DE_HS_0514.jpg
dont agree with homosexuality boy someone ought to teach you some manners Nah but seriously people need to realize that this is not choice have classmate who is bisexual its girl and she absolutely loves girls but she cant be in an open relationship because her parents would despise her if they ever found out Being against someone who is LGBT is basically being against peoples existence and everyone has the right to live their lives as they see fit Of course just because you are certain way right at this moment doesnt mean you are destined to be that way forever,Hope_speech,images_DE/DE_HS_0515.jpg
year later and hope you are fulfilling your dream 3nI reported comment and truly hope you had not seen the remark,Hope_speech,images_DE/DE_HS_0516.jpg
ALL LIVES MATTERS WETHER YOU ARE BLACK WHITE BROWN BLUE YELLOW ALL HUMANS LIVES MATTER IN THE SIGHT OF GOD CHRIST SHALOM,Hope_speech,images_DE/DE_HS_0517.jpg
homosexuality isnt something you can disagree with Just like having red hair The sentence dont agree with red hairness doesnt make sense Same for dont agree with homosexuality,Hope_speech,images_DE/DE_HS_0518.jpg
ALL LIVES MATTER NOT JUST BLACK LIVES EVERYONE IS GODS CHILDREN NO ONE IS ABOVE ANOTHER WHAT WE HAVE SEEN CURRENTLY IS EXTREME MAOIST ATTITUDES DEMOCRATS ONLY PANDER TO THESE ANTIFA AND BLM EXTREMIST GROUPS CCFP coalition of the conservative free people,Hope_speech,images_DE/DE_HS_0519.jpg
Awesome Not only that youve created engineered,Hope_speech,images_DE/DE_HS_0520.jpg
will always be amazed for this beautiful soulThank you for be there for us,Hope_speech,images_DE/DE_HS_0521.jpg
Roog That just goes to show that women are more interested in factors other than financial remuneration in their careersnnHeres the thing,Hope_speech,images_DE/DE_HS_0522.jpg
Never give up never think you are less because of choice you make you are you and that will always be the same,Hope_speech,images_DE/DE_HS_0523.jpg
Its most definitely racist all life matters no matter what all men were created equal and that means they all have life and if they lose that life including black white pink orange whatever it is gone forever,Hope_speech,images_DE/DE_HS_0524.jpg
dont agree with it but have friends that lgbt and respect them and love them even if dont agree god will always love them,Hope_speech,images_DE/DE_HS_0525.jpg
You are right all lives matter and Im black,Hope_speech,images_DE/DE_HS_0526.jpg
Good Keep that mentality and dont be victim,Hope_speech,images_DE/DE_HS_0527.jpg
In india women engineer is very common like 35 nFunny thing is in my class Computer Engineering teachers use to give more marks to girls and top students are girls But during placement phase only guys could make into top companies,Hope_speech,images_DE/DE_HS_0528.jpg
Im teenage girl and want to become an engineer Never have thought its boys thing,Hope_speech,images_DE/DE_HS_0529.jpg
all lives matter in Gods eyes,Hope_speech,images_DE/DE_HS_0530.jpg
am 17 guy and from Edinburgh am studying engineering drawing there is of us studying year uni level guys girl we are the first at that level in our school for 10 years next year there will be another people doing this level guys girls,Hope_speech,images_DE/DE_HS_0531.jpg
love Madonna shes trailblazer and trendsetter thx Madonna for being unapologetically yourself and spreading love and empowering messages your so inspirational love my beautiful queen Madonna,Hope_speech,images_DE/DE_HS_0532.jpg
God gave us choice My choice is to love That is literally the sweetest thing Ive ever heard,Hope_speech,images_DE/DE_HS_0533.jpg
Dont give your imaginary friend in the sky credit for her hard work She is working to change the world,Hope_speech,images_DE/DE_HS_0534.jpg
DailyUpdate no but still social distancing and wearing mask should be practiced while protesting Thats all am asking know time is the essence and now is the time to stand up and protest to try and change racism But pls everyone stay safe,Hope_speech,images_DE/DE_HS_0535.jpg
Im bisexual and still in the closet dont know how long will be staying in there for,Hope_speech,images_DE/DE_HS_0536.jpg
Sheila Makena when not agreeing with someone leads to crimes against the lgbtq people such as conversion therapy It is in fact being homophobic,Hope_speech,images_DE/DE_HS_0537.jpg
know that homosexuality exists,Hope_speech,images_DE/DE_HS_0538.jpg
Sunshine littlephilly Obviously you do my understand sexuality It is not choice and you cannot just change it But do appreciate that you would still treat them as human and be kind to them,Hope_speech,images_DE/DE_HS_0539.jpg
girl nd is Computer Engineering student nd love fact dat my parents always wanted me to an engineer played wid those blocks as young nd yes India may developing country bt glad my parents didnt only picture guys as an engineer,Hope_speech,images_DE/DE_HS_0540.jpg
God gave us choice My choice is to love That was amazing,Hope_speech,images_DE/DE_HS_0541.jpg
Jemel Shahid if its obvious that all lives matter,Hope_speech,images_DE/DE_HS_0542.jpg
spent years in highschool with majors science,Hope_speech,images_DE/DE_HS_0543.jpg
Not all Christians think this way dont think its disgusting how they treated him,Hope_speech,images_DE/DE_HS_0544.jpg
All lives do matter we are all human beings after all,Hope_speech,images_DE/DE_HS_0545.jpg
If you say All lives matter,Hope_speech,images_DE/DE_HS_0546.jpg
accept that you want to be equal,Hope_speech,images_DE/DE_HS_0547.jpg
am religious but its not meant to hate everybody because hates not going to get you anywhere in the world God gave us choice and my choice is to lovennAweeeeeew wow :sneezing face:,Hope_speech,images_DE/DE_HS_0548.jpg
am cryingso much love to Marcus and everyone LGBTQ,Hope_speech,images_DE/DE_HS_0549.jpg
Absolutely nothing wrong at all Its probably given you greater ability to empathize with your colleagues,Hope_speech,images_DE/DE_HS_0550.jpg
As Christian absolutely cannot stand conversion therapy God teaches us to love everyone,Hope_speech,images_DE/DE_HS_0551.jpg
Women have equal opportunity to succeed at STEM related fields in fact with graduation rate much higher than men,Hope_speech,images_DE/DE_HS_0552.jpg
wanna be an engineer but suck at math But like chemistry and physics,Hope_speech,images_DE/DE_HS_0553.jpg
This is true dont mind so much people being surprised that Im in STEM mind how some men in STEM have treated me because Im female,Hope_speech,images_DE/DE_HS_0554.jpg
yall need to shut up ab annie every girl with short hair isnt lesbian jesus christ,Hope_speech,images_DE/DE_HS_0555.jpg
im catholic lesbian,Hope_speech,images_DE/DE_HS_0556.jpg
RACISTS CANNOT WIN,Hope_speech,images_DE/DE_HS_0557.jpg
Im glad to hear that youre figuring out who you are and that you have someone to talk to strongly recommend that you talk KantaDiya about how youre feeling,Hope_speech,images_DE/DE_HS_0558.jpg
blisscl totally understand just think the slogan sounds racist,Hope_speech,images_DE/DE_HS_0559.jpg
Im stunned by the number of sexist comments by males here Whats more interesting to me is why so many males are insecure about the fact that women are entering the field of engineering This isnt war what are you so afraid of That your masculinityintelligence is under attack Well,Hope_speech,images_DE/DE_HS_0560.jpg
Im here to break all kinds of stereotypes Im freshman engineer major JESUS IS GOOD,Hope_speech,images_DE/DE_HS_0561.jpg
What about the rest of the world all lives matter we are all human Or do you you all just want attention,Hope_speech,images_DE/DE_HS_0562.jpg
littlephilly have question Im not lesbian but have so many friends who are apart of LGBTQ community and support and honestly would do anything for them,Hope_speech,images_DE/DE_HS_0563.jpg
This was amazing,Hope_speech,images_DE/DE_HS_0564.jpg
you really couldnt have been more racist with that comment Im African American and support the all lives matter statement You sit there and say white people make it about them Uhhh no its not just white people its every other non black race and theyre not trying to bash this protest But why cant it just be about police brutality and racism in general Black people and white people get hated on all the time and that goes the same for Asians and Hispanics The all lives matter thing is saying police brutality needs to end and so does racism And do you really think black people arent racist against white people just saw video of group of black people beating the sht out of white people and setting their cars on fire Like what kinda response is that It seems like you think only black people know struggle racially or otherwise and thats just not true,Hope_speech,images_DE/DE_HS_0565.jpg
want to be biomedical engineer This video has helped me so much Im only 14 but its been my dream for about year now hope one day will be as successful and brave as this woman,Hope_speech,images_DE/DE_HS_0566.jpg
dont think Trump was trying to be anti semetic,Hope_speech,images_DE/DE_HS_0567.jpg
if youre passionate about it give Ted talk yourself No need to put other people down to bring something that you think is important to light Minorities in any field should be taken seriously,Hope_speech,images_DE/DE_HS_0568.jpg
Im teenage girl who wants to become an engineer was talking to friend recently about why he decided that engineering wasnt for him,Hope_speech,images_DE/DE_HS_0569.jpg
We are missing the best female talent There may be females that are truly interested but not encouraged as in told about engineering not forced or bullied out of it there have been studies that show capable females leave STEM because they are bullied by peers or faculty do not force anyone into field they are not interested in have cousin that would be capable but not interested tell her to do what she likes But there are females that would like it we need to find them diverse workforce makes it better workforce Crash tests were only conducted using males dummies until females engineers got involved and saw there needed to be tests on females as well Females and males do approach problems in different ways,Hope_speech,images_DE/DE_HS_0570.jpg
Agreed grew up in conservative household and saw homosexuality as being bad until was 18 Now Im 24,Hope_speech,images_DE/DE_HS_0571.jpg
am male who choose to change from being an engineer to being early childhood teacher when turned 50 Everyday tell all the children care for that they are engineers,Hope_speech,images_DE/DE_HS_0572.jpg
Bisexual Unicorn here and absolutely love this video These kids were so darling feel bad for this poor man though Why cant people stop pushing their beliefs on others Religious people want to say that we as LGBTQ individuals are doing that to them but were just being who we truly are If anything,Hope_speech,images_DE/DE_HS_0573.jpg
Brown meant to say dont care who Boos me because know at the end of day Im right its also pretty hypocritical people sit there and complain about racism but they turn around at the exact same way our lives only matter blah blah blah all lives the way see it racism is black and white either you think that you are better than that person because you are that color you are racist or you think theres no difference between that person whether theyre that color or not and you are not racist so what do you think about that the only way for racism the stop is when all lives matter but you know what think people are too proud to admit it so therefore racism will never ever ever end because people actually boo the people that make sense because it doesnt go with their beliefs you either believe that their lives matter and yours doesnt or youre racist but in reality theyre actually the ones being racist,Hope_speech,images_DE/DE_HS_0574.jpg
All lives matter shout it from the roof top My family died for all people,Hope_speech,images_DE/DE_HS_0575.jpg
Both me Im girl and my sister are currently Chemical engineers Im about to graduate and shes doing her senior year Growing up love playing with lego and making my own portable fans with simple circuits She loves barbies and stuff animals She is doing great in UCLA Doesnt seem like the toys we play matters that much,Hope_speech,images_DE/DE_HS_0576.jpg
Because the most common thing Ive used to describe it is if your house is on fire but mine is fine why should you have fireman come help you because all houses matter saying all lives matter takes away from the problem,Hope_speech,images_DE/DE_HS_0577.jpg
hope this changes,Hope_speech,images_DE/DE_HS_0578.jpg
Thank you Madonna youre by years an inspiration and an openminder knight,Hope_speech,images_DE/DE_HS_0579.jpg
Its very special to understand the real meaning of life This flower is for madonna,Hope_speech,images_DE/DE_HS_0580.jpg
growing up extremely low income and as woman of color engineering resources were not handed to me there were no toys this warmed my heart to know that girls my nieces age have toys like this regardless of that Im honored to say Ive been accepted to some incredible universities as bioengineering major so screw anyone who tells young women especially minoritiy disadvantaged that we cant do it because we can,Hope_speech,images_DE/DE_HS_0581.jpg
She doesnt sound like victim to me She sounds like an engineer tried this It didnt work so tried that figured out this Then tried that It worked,Hope_speech,images_DE/DE_HS_0582.jpg
Its fact but its not the case at this time We dont have oppression at such large scale by all races There are problems in the black community that needs to be fixed at this very moment Of course all lives matter but saying all lives matter against black lives matter is like math You have problem you need to solve so you solve one problem at the time,Hope_speech,images_DE/DE_HS_0583.jpg
Why is it black vs white and not vs the people who control the institutions all whites aint the enemy To be honest looking at the climate just for saying all lives matter or WLM you get fired and dragged,Hope_speech,images_DE/DE_HS_0584.jpg
Do you think that God is going to think that black lives matter If you have it right with him all lives will matter,Hope_speech,images_DE/DE_HS_0585.jpg
Again all lives matter,Hope_speech,images_DE/DE_HS_0586.jpg
THIS WAS VERY INSPIRATIONAL TO ME,Hope_speech,images_DE/DE_HS_0587.jpg
The people in the young boys life are doing such great job You can see hes already becoming his own person and being really positive force,Hope_speech,images_DE/DE_HS_0588.jpg
All Lives Matter,Hope_speech,images_DE/DE_HS_0589.jpg
This was such heartfelt Ted talk really hit home for me as an industrial engineer in my senior year Especially personally this week because have dealt my whole college life with doubters and disbelievers in my intelligence and diligence to realize Im not alone in feeling alone was very awakening and motivating Im so inspired to inspire young females to dare to challenge societal pressures and expectations and open the minds of the close minded An engineer once asked me what it was like to be in mans world and replied with Im used to it and its not mans world,Hope_speech,images_DE/DE_HS_0590.jpg
All lives matter no matter what colour simple,Hope_speech,images_DE/DE_HS_0591.jpg
Thank you Madonna from the bottom of my heartyou truly are an admirable and inspirational human being,Hope_speech,images_DE/DE_HS_0592.jpg
would protect all lgbt people from those religious mean people would hit those religious people like those who treat lgbt people in abusive way with Bible and yell go away religious demons,Hope_speech,images_DE/DE_HS_0593.jpg
And Sounds like marketing adnnBe what you want No one cares If you lose girls STEM interest by 10,Hope_speech,images_DE/DE_HS_0594.jpg
All lives matter to God,Hope_speech,images_DE/DE_HS_0595.jpg
Why do people say god hates LGBT people when his whole thing is loving everyone,Hope_speech,images_DE/DE_HS_0596.jpg
Network Engineer here 23 and currently working as an instructor teaching men and women looking to be in IT Next want to teach at University,Hope_speech,images_DE/DE_HS_0597.jpg
Im woman and dream of being an engineer,Hope_speech,images_DE/DE_HS_0598.jpg
All lives matter and will never kneel to anybody except God,Hope_speech,images_DE/DE_HS_0599.jpg
Rebekah You are just as bad as everyone else yeah not everyone believes in God dont either and you may think you are doing good but you are actually causing harm do you think LGBT people choose to be LGBT no bc if it was choice no one person would choose to be discriminated against and beaten up and killed for who they love conversion therapy is awful and shouldnt even be thing and get it you are religious but the Bible never really mentioned homosexuality you just took that one part and said oh this must mean homosexuality when it could mean many things and lets not forget to Bible has been translated so many times from the original version we dont really know what it says and dont wanna hear anything about the your religion,Hope_speech,images_DE/DE_HS_0600.jpg
ALL LIVES MATTER:sign of the horns::sign of the horns:WE ALL SHARE THIS WORLD SO ALL LIVES MATTER,Hope_speech,images_DE/DE_HS_0601.jpg
think shell come out one day,Hope_speech,images_DE/DE_HS_0602.jpg
This is fantastic Cant wait to show it to my 10 year old girl,Hope_speech,images_DE/DE_HS_0603.jpg
All lifes matters,Hope_speech,images_DE/DE_HS_0604.jpg
get so emotional watching this Im crying right now We are all equal,Hope_speech,images_DE/DE_HS_0605.jpg
Im currently in college pursuing an electrical engineering degree have the same feelings am constantly doubting my self It always seems like everyone else in class is understanding except me try so hard and barely make it wonder if Im just setting my self up for failure Like what am doing to myself Is this worth it in the end Will make it to the end This video really touched me and made me understand that we can do this So what if we are the only girls So what if we dont do it right the first time Lets keep going and not give up,Hope_speech,images_DE/DE_HS_0606.jpg
Injustice anywhere is threat to justice everywhere Martin Luther King Jr,Hope_speech,images_DE/DE_HS_0607.jpg
Better to enjoy the light before it dies than to contemplate its death until its to late,Hope_speech,images_DE/DE_HS_0608.jpg
Ofc all lives matteralwaysbut right now black lives are in dangerits likeif house is on fireare the firefighters gonna spray every house because all houses matter or are they gonna spray the house on fireobviously the house thats on firesame applies for thisblack people are getting killed and not being treated with justice right now so they must get the attentionto say all lives matter is just trying to take away the spotlight from the problem black people are facing,Hope_speech,images_DE/DE_HS_0609.jpg
My choice is to love my soul just sobbed there That kid is so cute,Hope_speech,images_DE/DE_HS_0610.jpg
believe that all lives matter,Hope_speech,images_DE/DE_HS_0611.jpg
My mom is an engineer,Hope_speech,images_DE/DE_HS_0612.jpg
this is so inspiring being girl that wants to go into engineering,Hope_speech,images_DE/DE_HS_0613.jpg
Im going to cry went through such similar experience and just hope all people can take away from this is to really actually treat people how you would like to be treated and be kind,Hope_speech,images_DE/DE_HS_0614.jpg
Super Taco GAMING that is the point The police obviously shouldnt have killed him it doesnt necessarily mean that he killed him because his race,Hope_speech,images_DE/DE_HS_0615.jpg
What an inspiring talk not just for engineers or aspiring engineers,Hope_speech,images_DE/DE_HS_0616.jpg
Rebekah Homosexuality is an attraction and not an act with consquences that directly affects other people and their well being Also,Hope_speech,images_DE/DE_HS_0617.jpg
Women have much easier time getting engineering jobs as people are specifically trying to hire them,Hope_speech,images_DE/DE_HS_0618.jpg
Why the hell does skin color matter so much anyway had hoped that people had moved beyond this,Hope_speech,images_DE/DE_HS_0619.jpg
All lives matter includes black lives,Hope_speech,images_DE/DE_HS_0620.jpg
Poor guy was straight up abused as kid but he pushed through it because he loves himself that much,Hope_speech,images_DE/DE_HS_0621.jpg
you gonna make it There are so many jobs that require engineering skills but are not pure engineering,Hope_speech,images_DE/DE_HS_0622.jpg
Girls can do much better than boys,Hope_speech,images_DE/DE_HS_0623.jpg
im guessing the people who do that want people to know that they are friends with the just for validation,Hope_speech,images_DE/DE_HS_0624.jpg
All Lives Matter for me If you protest for only colourdoes not mean which colour it will created jealousy,Hope_speech,images_DE/DE_HS_0625.jpg
bachelor of science in civil engineering currently on my sophomore year and tbh,Hope_speech,images_DE/DE_HS_0626.jpg
am girl in 6th Grade who is interested in STEM Whenever tell people that,Hope_speech,images_DE/DE_HS_0627.jpg
this makes me hurt so badly conversion therapy is abuse and there is no use for it you cant change who people love,Hope_speech,images_DE/DE_HS_0628.jpg
You can paint an apple what ever color you want but will still taste like an apple in the inside,Hope_speech,images_DE/DE_HS_0629.jpg
Black lives matter all lives matter regardless of skin colour,Hope_speech,images_DE/DE_HS_0630.jpg
Its really stupid my friends parents threatened her with conversion therapy her dad is pastor and found out weeks ago,Hope_speech,images_DE/DE_HS_0631.jpg
Exactly You cant bring gender equality by just focusing on one gender Its absurd,Hope_speech,images_DE/DE_HS_0632.jpg
Dunbar God has no hate in him He is pure love,Hope_speech,images_DE/DE_HS_0633.jpg
think its is Its literally form of torture,Hope_speech,images_DE/DE_HS_0634.jpg
People think that the LGBT Community isnt really hurt or pushed around in any way nThis is proof that this stuff still happens,Hope_speech,images_DE/DE_HS_0635.jpg
The Amazing Atheist Ranting about Trump There may be some Racist groups that support Trump but that and all the hearsay speculation does not make Trump Racist as The Amazing atheist would have you believe Trump is not Racist,Hope_speech,images_DE/DE_HS_0636.jpg
My brother is bi and support him very much,Hope_speech,images_DE/DE_HS_0637.jpg
Like this comment to support nBlack lives matter nWe will and should live as equals we look different but we should be treaded the same black or white boy or girl we are all humans so protest fo what is right or you can fall and be stone hearted for as long as you live and remember god made us all as equals,Hope_speech,images_DE/DE_HS_0638.jpg
These young people are VERY enlightened and so very compassionate,Hope_speech,images_DE/DE_HS_0639.jpg
think we should collectively agree to not label this as therapy This is not therapeutic at all This is abuse Covering it up with medical term when its not even medical in nature hitting someone with book is physical abuserepeating verses meant to break your will for hours day is mental abuse is disrespectful to the field of medicine which serves to help and cure people Gayness does not to be cured It is not disease It is not choice There is absolutely nothing wrong with it Now lets respect one another and help stop this abuse,Hope_speech,images_DE/DE_HS_0640.jpg
Islam is just like feminism in the fact that the definition on both sounds great,Hope_speech,images_DE/DE_HS_0641.jpg
This kids are amazing Im proud to think that Im part of this generation that will help to fix the mistakes the previous generations had,Hope_speech,images_DE/DE_HS_0642.jpg
The kid who said he chose to love is very smart and mature for his age to say something like that Its nice to see that there are still kids like that who believe in being kind to one another and not trying to fit in if it means being mean,Hope_speech,images_DE/DE_HS_0643.jpg
Dont worry Tough time too shall pass,Hope_speech,images_DE/DE_HS_0644.jpg
Tank Its not about whats wrong with playing with Barbie dolls Shes trying to emphasize on how girls are trained expected to not go into the STEM field How people think that girls arent smart enough for it although facts say the opposite,Hope_speech,images_DE/DE_HS_0645.jpg
studying nuclear engineering really inspiring,Hope_speech,images_DE/DE_HS_0646.jpg
Is it true if youll take engineering you must be good in drawing nAnd want to take engineering and my weakness is drawing,Hope_speech,images_DE/DE_HS_0647.jpg
