text,label,image
Blacks are NOT oppressed Systematic racism is LIE from the Democratic party Who by the way defended slavery,Non_hope_speech,images_DE/DE_NHS_0185.jpg
Its amazing felt compelled to comment after being truly inspired by this woman,Hope_speech,Images_SD/SD_HS_0054.jpg
Davis Im not white and believe that all lives matter Isnt it bit racist to assume that all black people agree with your values,Hope_speech,Images_SD/SD_HS_0630.jpg
ETERNAL INSPIRATION nSHE SAVE MY LIFE,Hope_speech,Images_SD/SD_HS_0102.jpg
Its time to change we have to change unity make the earthworld great were not 17st century no racism were 21st century nunity is powerful and peaceful,Hope_speech,images/IHS_0296.jpg
Honestly screw them people aswell abusing police officers disgraceful,Non_hope_speech,Images_SD/SD_NHS_0401.jpg
All lives obviously,Hope_speech,images_DE/DE_HS_0291.jpg
No one cares what the demos have to say about this the far left and far right will always be bunch of narrow minded fools,Non_hope_speech,images_DE/DE_NHS_0570.jpg
at least one person here is thinking,Non_hope_speech,Images_SD/SD_NHS_0348.jpg
Madonna if only you realised how much you affected my life through your music and passion you have brought me so many happy moments and for countless others,Hope_speech,Images_SD/SD_HS_0326.jpg
you really couldnt have been more racist with that comment Im African American and support the all lives matter statement You sit there and say white people make it about them Uhhh no its not just white people its every other non black race and theyre not trying to bash this protest But why cant it just be about police brutality and racism in general Black people and white people get hated on all the time and that goes the same for Asians and Hispanics The all lives matter thing is saying police brutality needs to end and so does racism And do you really think black people arent racist against white people just saw video of group of black people beating the sht out of white people and setting their cars on fire Like what kinda response is that It seems like you think only black people know struggle racially or otherwise and thats just not true,Hope_speech,images_DE/DE_HS_0565.jpg
Every parengts wiling to put their child into mental and physical abuse in one of those so called therapy camp should be charged for child abuse This is revolting and dont understand why in the Obama era they didnt do anything Now with Trump its gonna continue and worsen,Hope_speech,images_DE/DE_HS_0167.jpg
know that homosexuality exists,Hope_speech,images_DE/DE_HS_0538.jpg
All lives matter Everyone should be equal rights But the world is brokennAnd not every life is valued,Hope_speech,images_DE/DE_HS_0030.jpg
Im really tired of these gender stuff,Hope_speech,Images_SD/SD_HS_0118.jpg
living legend the great Madonna,Non_hope_speech,images/INHS0144.jpg
18 literally was bisexual when was SEVEN,Hope_speech,Images_SD/SD_HS_0434.jpg
Tran Thank you so much for your support,Hope_speech,Images_SD/SD_HS_0339.jpg
Dumse then why did he give us free will and thought he made us to fail and sin,Non_hope_speech,images_DE/DE_NHS_0641.jpg
Covid 19 is very happy because more black lives will be taken after this mass protest around the world,Non_hope_speech,images_DE/DE_NHS_0099.jpg
All lives matter Black lives matter is so racist agains any other race,Non_hope_speech,images_DE/DE_NHS_0353.jpg
If Black Lives Matter then WHY are so many black babies being ABORTED Dont they matter as well Im all for ALL LIVES MATTER,Non_hope_speech,Images_SD/SD_NHS_0362.jpg
BECAUSE THEY ARE RACISTS,Non_hope_speech,images_DE/DE_NHS_0496.jpg
Now want to be engineer,Hope_speech,Images_SD/SD_HS_0396.jpg
not gonna lie sounds like horse race All lives matter no matter who you are,Non_hope_speech,Images_SD/SD_NHS_0618.jpg
The only matter care about isnFECAL,Non_hope_speech,images/INHS0531.jpg
wont give up bc were there for me and you continue here have to fight too,Hope_speech,Images_SD/SD_HS_0438.jpg
Eventhough our countrys wealth was partly down to the slave trade like so many european countries Britian was the first to abolish it in the 1820s Our history of the slave trade however hasnt stopped them wanting to come to our country,Non_hope_speech,images/INHS0554.jpg
You can be anything,Hope_speech,Images_SD/SD_HS_0551.jpg
The left has become too extreme,Non_hope_speech,images/INHS0344.jpg
God gave us choice and my choice is to love MY HEART,Hope_speech,images_DE/DE_HS_0001.jpg
When you realize this video was from years ago,Non_hope_speech,Images_SD/SD_NHS_0351.jpg
The boy who said god gave us choice and my choice is to love is the purest,Hope_speech,Images_SD/SD_HS_0508.jpg
Im woman and Im horrible at memorizing stuff Chess and memory are not gender topics and if you want to insist they are at least cite study,Non_hope_speech,images/INHS0089.jpg
ALL LIVES MATTER To say anything else is ridiculous To be equal is to be considered as whole There are unfair things that happen and people need to be held accountable But to divide ourselves is not helping anything,Hope_speech,images_DE/DE_HS_0178.jpg
McBride yeah Now that is racism Shouldnt be black lives matter Should be all lives matter,Hope_speech,images/IHS_0542.jpg
The woman has 800 million dollarsshe can do whatever she wants,Non_hope_speech,images/INHS0467.jpg
All Wendys matter,Non_hope_speech,images/INHS0492.jpg
black people need reflection and white people,Non_hope_speech,images_DE/DE_NHS_0339.jpg
Girl and boys are equal engineers like that she did not give up Like when her classroom teacher humilates her and she starts to cry also think she had good idea about girl construction toy,Hope_speech,images_DE/DE_HS_0261.jpg
Through all the years her music got me through some tough sht will always be grateful :orange heart:,Hope_speech,images_DE/DE_HS_0239.jpg
Huynh Daniel Shaver Shot brutally due to being unable to follow conflicting and confusing orders,Non_hope_speech,images_DE/DE_NHS_0135.jpg
Saying dont agree with homosexuality is the equivalent of saying dont agree with left handed people,Hope_speech,Images_SD/SD_HS_0519.jpg
ALL LIVES MATTER YES ALL LIVES MATTERThe Dems and libs are causing all of this for their own agenda They Do Not Care At All for Black Lives or White Lives or Red Lives or Yellow Lives ALL LIVES MATTER,Hope_speech,images/IHS_0290.jpg
Dumse and god made other humans to love each other,Hope_speech,images_DE/DE_HS_0229.jpg
All lives should matter please,Hope_speech,images/IHS_0411.jpg
House of straw,Non_hope_speech,Images_SD/SD_NHS_0312.jpg
keke xx could not have said it any better myself,Non_hope_speech,images_DE/DE_NHS_0157.jpg
Saying all lives matter is true,Hope_speech,images/IHS_0123.jpg
Its not about black lives Its all about the tactics of intimidation by the police that sometimes escalates situation and will lead to excessive force and generally due to the lack of cooperation by the suspect When ones freedom is at stake ones instincts will lead to defending that Liberty and often times this is precipitated by the police officer allowing his emotions to get the best of him It doesnt matter what race you are what matters is,Hope_speech,images_DE/DE_HS_0316.jpg
God bless women It wouldve been so boring to live without them LOVE YOU GIRLS LOL like it so much when see girl fighting for her dreams and succeed despite the fact there are so many obstacles in her way,Hope_speech,images/IHS_0417.jpg
agree racism is aids But tearing down the statue is utter bullshit Its not like people go there to admire him,Hope_speech,Images_SD/SD_HS_0323.jpg
im 12 years old and im bisexual,Hope_speech,Images_SD/SD_HS_0546.jpg
demon faucet theres only two genders someones ignorant,Non_hope_speech,images/INHS0079.jpg
also agree All lives matter Yes,Hope_speech,images/IHS_0239.jpg
All Lives Matters means exactly that Equality for everyone BLM only focuses and trys to elevate race Im Asian and we too suffer from racism especially now with this COVID19 situation Racism and brutality is never right All Lives Matter,Hope_speech,images/IHS_0357.jpg
Oh no it definitely will Itll be know as the year where everything went to shit and It got worse and worse going through the year,Non_hope_speech,images_DE/DE_NHS_0156.jpg
loved every word she said,Hope_speech,Images_SD/SD_HS_0058.jpg
Aaron Castellanos that would be cool,Non_hope_speech,Images_SD/SD_NHS_0579.jpg
Police ARE HEROS,Non_hope_speech,images/INHS0395.jpg
Yknowmy gaydar is going off around Anniecloset case,Non_hope_speech,Images_SD/SD_NHS_0444.jpg
This video almost made me cry The struggle is real,Hope_speech,Images_SD/SD_HS_0478.jpg
Her comment wasnt emotional at allIt pointed out the reality you are ignoring moronWomen get uncomfortable when theyre treated unfairly and that is somehow their fault So instead of killing off sexism women in your world should just put up with itOh,Hope_speech,images/IHS_0284.jpg
Her story makes Bold claim Thanks for the jewish perspective on engineering Building from skill set Lego builds infrastructures TECH programs protecting intellectual property Creating new path KICK STARTER right on GOLDIE BLOCKS Girls lets get it Write on girl engineers,Hope_speech,images_DE/DE_HS_0249.jpg
Lilo Stitch had fat Polynesians,Non_hope_speech,images_DE/DE_NHS_0023.jpg
ohhh your storys so relatable Dont give up What your doing is great,Hope_speech,Images_SD/SD_HS_0504.jpg
This Sheriff is awesome would have loved to hear from him more,Non_hope_speech,images/INHS0548.jpg
If thats what they want thats what theyll get amirite,Non_hope_speech,images_DE/DE_NHS_0064.jpg
Wagnon nRespect,Non_hope_speech,Images_SD/SD_NHS_0055.jpg
People really start to suck as they grow up The younger kids were so sweet and accepting as opposed to the older girl whos clearly in denial mode About herself,Hope_speech,images_DE/DE_HS_0441.jpg
that would just be uhhhpUrE mEaN,Non_hope_speech,Images_SD/SD_NHS_0497.jpg
For God shows no partialitynRomans,Hope_speech,images/IHS_0373.jpg
Coconut and BLM is acting CONTRARY to what MLK taughtnIts an evil political movement that Hurts the black community and everyone else,Non_hope_speech,images/INHS0285.jpg
Jens Im not offended by black lives matter The first comment in this topic was about how the slogan was racist went on to say that dont think its racist but had my concerns how it could be causing divide and doing more harm than good nA good number of the comments on here say its racist so clearly some people have an issue with it,Hope_speech,images_DE/DE_HS_0428.jpg
what thought the west classify asians as yellow huh,Non_hope_speech,Images_SD/SD_NHS_0211.jpg
Who else is freewheeling lesbian who wanted to hug this man,Hope_speech,images/IHS_0627.jpg
My goodness these kids are so enlightened So smart,Hope_speech,Images_SD/SD_HS_0491.jpg
very few want him in officehes already fucked up the country has tried to be king Obama Hes just going to declare Martial law crown himself king If bloody Hillary cant buy her way into being president,Non_hope_speech,Images_SD/SD_NHS_0248.jpg
If you think saying ALL LIVES MATTER then dont say BLACK LIVES MATTER It works BOTH ways folks The BLACK LIVES MATTER statement is offensive to me,Hope_speech,Images_SD/SD_HS_0417.jpg
That liberal dude looks like jazz raisin mixed with that John waters guy,Non_hope_speech,Images_SD/SD_NHS_0238.jpg
If you want to know more please visit trevorprojectorg this twisted attempt to justify torture can must end,Non_hope_speech,images/INHS0117.jpg
But cop pulling up car deep each car can say it gang have force number,Non_hope_speech,Images_SD/SD_NHS_0407.jpg
Have you watched the video,Non_hope_speech,Images_SD/SD_NHS_0060.jpg
name What evidence All youve done thus far is appeal to your own incredulity That is not evidence No,Non_hope_speech,Images_SD/SD_NHS_0507.jpg
Now want this toy really needed this pep Talk as am going to be doing second engineering drawing module will work hard until get it right,Hope_speech,images/IHS_0600.jpg
Po0fy Thanks Im so glad that your fellow man in adult consenting relationships are your enemy Please stop using computers,Non_hope_speech,Images_SD/SD_NHS_0544.jpg
Ditto from Boston,Non_hope_speech,images_DE/DE_NHS_0221.jpg
yeah fairly confident in the fact that this bullshit tell it like it is youtube advice channel is lame,Non_hope_speech,images_DE/DE_NHS_0237.jpg
The irony of chanting cant breathe during covid outbreak fear for their souls,Non_hope_speech,images_DE/DE_NHS_0514.jpg
Id say they are biased maybe not racist but all lives do matter,Hope_speech,images/IHS_0422.jpg
dont think Trump was trying to be anti semetic,Hope_speech,images_DE/DE_HS_0567.jpg
Groovy 1970s Channel nBLACK nLIVESnMATTER,Non_hope_speech,images_DE/DE_NHS_0054.jpg
We know that clown But Black lives matter TOO,Non_hope_speech,images_DE/DE_NHS_0360.jpg
There are nuff people in Istanbul who are not religious It is quite diverse city,Hope_speech,images_DE/DE_HS_0041.jpg
Of course it will not work Cannot change who person are Then they will only play with not to be judged But get depressed and not have life Some talk about the bible,Hope_speech,images/IHS_0470.jpg
UnSalted Kiddo The PTSD will remind us,Non_hope_speech,images/INHS0259.jpg
dont agree with homosexuality is like saying to blind person dont agree with blindness,Hope_speech,images/IHS_0282.jpg
All Lives Matter,Hope_speech,Images_SD/SD_HS_0295.jpg
martialartisismnI cant believe Im defending TrumpnnThats the saddest thing,Non_hope_speech,Images_SD/SD_NHS_0602.jpg
want to meet the little asian kid she is absolutely amazing,Hope_speech,images/IHS_0185.jpg
Its your boy uh skinny penis Do you think the same thing about homophobic posts on the internet mean if they cant handle it,Non_hope_speech,Images_SD/SD_NHS_0292.jpg
Just be yourself man,Hope_speech,images_DE/DE_HS_0382.jpg
NERII NYA how do you know Are you pretending to be Christian There are lot of FAKE ones and that is grave mistake did you read the Bible for saying that is false,Non_hope_speech,Images_SD/SD_NHS_0375.jpg
Im currently doing civil engineering im girl and im on wheelchair which makes it even worse everone looks ar me like Im crazy how are you going to go on site those are the few demoralizing question get and this video made me cry so much And have to say it is not fair there are more boys than girls it is intimidating,Hope_speech,Images_SD/SD_HS_0621.jpg
Some One SHE HAS SHORT HAIR AND CUFFED JEANS,Non_hope_speech,Images_SD/SD_NHS_0169.jpg
God gave us choice,Hope_speech,Images_SD/SD_HS_0432.jpg
civil war nnall lives matter,Non_hope_speech,images/INHS0527.jpg
Keep up the good work Debbie always like to work with female engineers,Hope_speech,Images_SD/SD_HS_0484.jpg
All lives matter all of us,Hope_speech,images/IHS_0338.jpg
believe in humanity now,Hope_speech,images/IHS_0323.jpg
This is for everyone am an 11 year old female want to be mechanic or engineer since made helicopter in DT have always been bit of tomboy since was young had poweranger action figures and loved marvel and DC and loads of action films when was about seven bunch of girls pushed me in to ditch and hit me with sticks was to scared to fight back but to strong to cry just stood there let them hit me and call me transgender until finally plucked up the courage to fight back stood there then as they were coming towards me took risk and dived into the thorns they missed me by millimetres so took the opportunity to run home ran to my bedroom and cried and years later still have problems with it but just want to give my message that we are all equal no matter race,Hope_speech,Images_SD/SD_HS_0296.jpg
cant believe some people dont accept people because of who they like Religion or not The God know loves everyone,Hope_speech,images_DE/DE_HS_0328.jpg
What about lives outside of humans,Non_hope_speech,images_DE/DE_NHS_0226.jpg
RACISTS CANNOT WIN,Hope_speech,images_DE/DE_HS_0557.jpg
Jenny Yao Let me try to make my point different way If we are going to aim for 5050,Non_hope_speech,images/INHS0011.jpg
especially black people in the most safest city in north america,Non_hope_speech,images/INHS0566.jpg
The Clown blessed be the fruit,Non_hope_speech,images/INHS0603.jpg
dont think testing school kids on science is really indicative of STEM aptitude Girls brains develop faster and they are typically better students early on Also,Hope_speech,Images_SD/SD_HS_0231.jpg
Im pretty sure she is,Non_hope_speech,images/INHS0372.jpg
Thank you Madonna youre by years an inspiration and an openminder knight,Hope_speech,images_DE/DE_HS_0020.jpg
just like gaga what are the odds,Non_hope_speech,images/INHS0115.jpg
All Lives Matter,Hope_speech,images_DE/DE_HS_0051.jpg
think it would be easier for people to digest as saying if it was black lives also matter no one can really complain then,Non_hope_speech,images_DE/DE_NHS_0271.jpg
am teenage girl watching this years after this video was published and found it really inspiring,Hope_speech,images_DE/DE_HS_0455.jpg
Dont make me laugh,Non_hope_speech,Images_SD/SD_NHS_0126.jpg
Reynolds every single study states this is not therapy in any definition or standard and its always harmful,Hope_speech,images/IHS_0270.jpg
think shell come out one day,Hope_speech,images_DE/DE_HS_0602.jpg
All LIVES MATTERnI believe this is true,Hope_speech,Images_SD/SD_HS_0114.jpg
Debbie am glad you got through it nI myself am an chemical engineering student soon am going to be in my final year and to be honest soooo feel like dont fit in nmy grades arent that good nd ofc dont have that good spatial skills and sometimes look at my male classmates and think are we doing the same major And am soo afraid that what am going to do after my graduation nAll of these fears time and time build up and feel like maybe didnt pick the right major but hearing your experience was helpful thank you will try not to give up,Hope_speech,Images_SD/SD_HS_0474.jpg
All lives matter not stop being racist in this country,Hope_speech,images_DE/DE_HS_0470.jpg
WHYnBECAUSE IS NO REAL IS MANUFACTURED BY DEEP STATE TO HARM AMERICA AND POTUSnnWE ARE WINNINGnGO TRUMP nGO QnGO JFK,Non_hope_speech,images_DE/DE_NHS_0032.jpg
Rebekah Girl Im Christian too and you are waaaaaaaaaaaaay outta line What Im taught from the bible and what see it saying is that we should love all Do you believe that God loves each and every one of us cause thats what we are taught as Christians that he loves everyone of us So the fact you think God doesnt like LGBTQ people is misinformed because God loves all of us not just some of us ALL of usnnIts people like you that give us Christians bad name because you want to make your own version of life where God only likes what you think and thats what you tell people When in fact God loves all of us and wants us to love eachother like we want to be loved So before you come here claiming to be Christian go and rethink everything you think and read up on what God teaches us nnnLike girl bye,Hope_speech,images_DE/DE_HS_0097.jpg
ALL Lives MATTERTO GODJESUS,Hope_speech,images/IHS_0379.jpg
This kids are amazing Im proud to think that Im part of this generation that will help to fix the mistakes the previous generations had,Hope_speech,images_DE/DE_HS_0642.jpg
my choice is to love,Hope_speech,Images_SD/SD_HS_0647.jpg
Her speech got me through the toughest parts of my engineering student life Ill be graduating next semester and Im super excited for whats to come,Hope_speech,Images_SD/SD_HS_0469.jpg
When first read the title thought it said kid meet conversion therapist and was like WHAT,Non_hope_speech,images/INHS0434.jpg
Thank you so much sis feel better now,Hope_speech,images_DE/DE_HS_0353.jpg
Abolish Qualified Immunity,Non_hope_speech,Images_SD/SD_NHS_0420.jpg
Censored Why do you pretend to know what its like to walk in my shoes nIts just strange that have people of different backgrounds trying to say that or people with white skin are treated differently By who,Non_hope_speech,images/INHS0477.jpg
Introvert And yes,Non_hope_speech,images/INHS0013.jpg
please someone introduce me to this man want us to be best friends,Hope_speech,images_DE/DE_HS_0102.jpg
Cain Indeed Its just this is one of the few times that Madonna has shown it like it she wants to be seen as just like any of us,Hope_speech,images/IHS_0293.jpg
What exactly is female perspective to begin with As far as know theres no evidence,Hope_speech,images/IHS_0152.jpg
Why does this video have the date of Oct 15,Non_hope_speech,Images_SD/SD_NHS_0352.jpg
So many aces am happy,Non_hope_speech,images/INHS0029.jpg
my lives is matter,Non_hope_speech,Images_SD/SD_NHS_0189.jpg
Why what makes you say Trumps racest,Non_hope_speech,images_DE/DE_NHS_0596.jpg
was kinda digging that Annie girl until she said dont agree with homosexuality,Non_hope_speech,images_DE/DE_NHS_0444.jpg
BLM sounds like fashizm That is exactly how it started back in the history,Non_hope_speech,Images_SD/SD_NHS_0493.jpg
Literally everyone was thinking this,Non_hope_speech,Images_SD/SD_NHS_0566.jpg
dont agree with homosexuality but do agree with being true to your self and accepting people no matter what,Hope_speech,images/IHS_0401.jpg
She made me live my life and also embrace it,Hope_speech,images/IHS_0628.jpg
Inspiring and Go Girl,Hope_speech,images_DE/DE_HS_0004.jpg
TheRealJacob603 no it is nothing like your comparison,Non_hope_speech,Images_SD/SD_NHS_0265.jpg
We need to see black people as people,Hope_speech,images/IHS_0495.jpg
This guy is totally right Im white man and love what am listening to here and there opinion on what is going on We do not hear enough from the black community on what is going on,Non_hope_speech,Images_SD/SD_NHS_0259.jpg
Hey im going to study electromechanical engineer but didt pay very attention to thisI never thought that all the student will be boys omg im scared where did get,Non_hope_speech,Images_SD/SD_NHS_0257.jpg
This is WONDERFUL interview Love Madonna,Non_hope_speech,Images_SD/SD_NHS_0589.jpg
We dont have the right to hurt othersever for ANY REASON,Hope_speech,images/IHS_0146.jpg
this is inspiring im mechanical engineering student and needed this so bad,Hope_speech,images_DE/DE_HS_0226.jpg
Jessica Walker its not lifestyle its not way of life its something youre born with its not choice its literally the same as racism,Hope_speech,images/IHS_0117.jpg
There is no one way that engineers dress,Non_hope_speech,Images_SD/SD_NHS_0164.jpg
Pay attention and dont cast judgement and be racist,Non_hope_speech,images/INHS0185.jpg
Thank God he say that all lives matter,Hope_speech,Images_SD/SD_HS_0117.jpg
Blm protestors know so little about what they are protesting its hilarious,Non_hope_speech,images/INHS0290.jpg
think its cool that you give people voice to speak out with here on this channel,Hope_speech,Images_SD/SD_HS_0429.jpg
This inspired me so much As CS major,Hope_speech,Images_SD/SD_HS_0162.jpg
School is no longer about knowledgenEnglish class might not be so much about knowledge as it is about skill,Hope_speech,images_DE/DE_HS_0317.jpg
pvz68man There is absolutely nothing wrong with LGBTQIA You seriously need to stfu Because dont give af what book says love is love and dont see how other peoples sexuality affects you You are small person,Hope_speech,images/IHS_0454.jpg
youre judging her based off of her looks,Non_hope_speech,images_DE/DE_NHS_0247.jpg
theDargon Who says theyre gnomegender Wolfkin,Non_hope_speech,images/INHS0402.jpg
The problems that they bring up are real and are faced by women in the tech industry It may not seem like,Hope_speech,Images_SD/SD_HS_0146.jpg
Tell her said happy bornday,Non_hope_speech,Images_SD/SD_NHS_0554.jpg
Yang will never respect racist organization,Hope_speech,images/IHS_0588.jpg
because the focus and advantages wont be on just the morons,Non_hope_speech,Images_SD/SD_NHS_0367.jpg
Star Lord honestly think that education system has lot to do with it If am not mistaken in US you can choose your classes,Hope_speech,images/IHS_0557.jpg
Disingenuous isnt really word for straightup mendacity Its for underrepresenting ones knowledge or capability,Non_hope_speech,images_DE/DE_NHS_0574.jpg
ALM All Lives Matter,Hope_speech,images/IHS_0147.jpg
Can you believe it,Non_hope_speech,Images_SD/SD_NHS_0087.jpg
the fist is not helping matters,Non_hope_speech,images/INHS0609.jpg
look to day when people will not be judged by the color of their skin,Hope_speech,Images_SD/SD_HS_0425.jpg
God gave us choice my choice is to love teared up,Hope_speech,Images_SD/SD_HS_0550.jpg
All lives matter even little EVEN LITTLE ABORTED BABIES THAT HAVE BEEN KIILLED ALL LIVES MATTER EVEN THE BABIES AN CHILDERN WHO HAVE BEEN KILLED BY THEIR PARTENTS AN CHILD MOSLESTERS AN SO ON ALL LIVES MATTER TO GOD TOO AN THAT MEANS ALL LIVES,Hope_speech,Images_SD/SD_HS_0353.jpg
That sherrifs reading teleprompter for sure 1000 thats fact Scary,Non_hope_speech,images/INHS0547.jpg
Lets all go out stealing,Non_hope_speech,Images_SD/SD_NHS_0482.jpg
Both candidates should avoid using triangles as well,Non_hope_speech,images_DE/DE_NHS_0101.jpg
This is the best vid in this channel Marcus was so good with these kids and the kids were open Even Amy when she said that she was open to it hope that Amy changes her mind eventually,Hope_speech,Images_SD/SD_HS_0430.jpg
actually she came out as bi acording to the ppl in the comments,Non_hope_speech,images_DE/DE_NHS_0007.jpg
Yea All Lives Matter,Hope_speech,Images_SD/SD_HS_0535.jpg
If you want to be accepted as software engineer,Non_hope_speech,images_DE/DE_NHS_0040.jpg
Police should of arrested them on sight now we want the statue cleaned and REPLACED back were it belongs,Non_hope_speech,images/INHS0422.jpg
Love Larry Elder both with and without his Afro,Non_hope_speech,images/INHS0167.jpg
Blade see it all of the time Even in my own family My mother is White You really just proved my point If you can point out all of those physical differences,Non_hope_speech,images/INHS0606.jpg
hi the comment was about love not about if its sin or not We are all sinners and god still calls us to love one another Just because someone sins,Hope_speech,images/IHS_0607.jpg
This is absolutely amazing cant express enough how much good this attitude is doing the world,Hope_speech,Images_SD/SD_HS_0637.jpg
How can you be surprised that people are surprised that you are an engineer in the same video that unbiased shows that only 10 of engineers are femalesnnThat means that your colleges are right to ask you if you are one of those mythological unicorns There is literally 90 chance youre notnnAlso you want more female engineers Good Me too Society too Dont preach to men how theyre not reacting well to you on the off chance you are an engineer Preach to young girls how engineering is cool,Hope_speech,images_DE/DE_HS_0026.jpg
So all the politicians are jumping on the band wagon joke All lives do matter have an issue when see 50 or so black people stopping traffic and letting black people through but smashing the windows on white peoples cars is that not the same thing they want to stop,Hope_speech,images/IHS_0579.jpg
Can we just agree all human lives matter,Hope_speech,images/IHS_0308.jpg
Literally me too,Non_hope_speech,images_DE/DE_NHS_0584.jpg
Why would you beat person with book,Non_hope_speech,Images_SD/SD_NHS_0008.jpg
honestly why cant we all just get together whether we be black or white,Hope_speech,images/IHS_0044.jpg
Salehi exactly,Non_hope_speech,Images_SD/SD_NHS_0510.jpg
Boa In US women are given preference over men by,Hope_speech,images/IHS_0461.jpg
Good luck You can do it,Hope_speech,images/IHS_0335.jpg
They are just saying what people want to hear for the vote but the true is that all lives matter and we are all equal RACISM COMES IN ALL COLORS BS and very tired of this,Hope_speech,images/IHS_0257.jpg
Bristol The wrong turn if was iraq,Non_hope_speech,images/INHS0578.jpg
Its sad this stupidity spread around the globe,Non_hope_speech,images/INHS0005.jpg
The girl is the red sweatshirt is very obviously some form of LGBT Theres something more than just tomboy vibes coming from her,Non_hope_speech,Images_SD/SD_NHS_0298.jpg
The people who came up with All lives matter were sending the wrong message Most of those people are whites who think blacks shouldnt get so much attention,Non_hope_speech,Images_SD/SD_NHS_0185.jpg
Im so glad have accepting parents My dad who was raised very very religiously actually accepted me first He had to tell my mother that it wasnt phase and it wasnt just because had bad boyfriend But now they both love me and my dad has cut his losses with religion before came out but he was especially glad he did after came out Sadly,Hope_speech,images_DE/DE_HS_0477.jpg
This is so inspiring always watch this when feel discouraged,Hope_speech,Images_SD/SD_HS_0261.jpg
These kids are being raised by parents wish more kids were being raised by parents instead of breeders Im child free but Im fine with kids like these The kid sayingI choose to love was awesome,Hope_speech,images/IHS_0228.jpg
You can do anything Youre such an inspiration to continue the hard work Just like you thanked Debbie,Hope_speech,images_DE/DE_HS_0061.jpg
80s baby here Madonna was made by the lgbtq community She was there for them,Hope_speech,images/IHS_0561.jpg
am proud well done Now thats being British,Non_hope_speech,images_DE/DE_NHS_0245.jpg
Covid 19 over on to next thing whats next lol 2020 is mental,Non_hope_speech,images/INHS0237.jpg
listen to the song american life by madonna,Non_hope_speech,images/INHS0174.jpg
All lives matter we are all gods children,Hope_speech,Images_SD/SD_HS_0018.jpg
167 trick question,Non_hope_speech,images/INHS0559.jpg
HardynFine Any argument you put up can be disproved Go ahead Shoot By the way,Non_hope_speech,Images_SD/SD_NHS_0506.jpg
am scared because the cops but stab with the black lives matter protests,Non_hope_speech,images_DE/DE_NHS_0115.jpg
Yea Slavery had nothing to do with skin color,Non_hope_speech,Images_SD/SD_NHS_0009.jpg
In the name of Black life matter Why cant protest when some people shoot in ur school,Non_hope_speech,Images_SD/SD_NHS_0142.jpg
The fact that black lives matter as movement exists is because black people are being treated like they dont,Non_hope_speech,images/INHS0555.jpg
What they are really saying is that they want we want equality,Non_hope_speech,images/INHS0143.jpg
Not all those people are nice though,Non_hope_speech,images/INHS0254.jpg
If you think BLM is doing anything then youre an idiot,Non_hope_speech,Images_SD/SD_NHS_0423.jpg
Max OBrian cant seem to find where anyone asked for your opinion,Non_hope_speech,images_DE/DE_NHS_0300.jpg
think Prince Andrew is utterly disgraceful :shushing face:,Non_hope_speech,Images_SD/SD_NHS_0644.jpg
And even if it actually was,Non_hope_speech,Images_SD/SD_NHS_0490.jpg
WTF let them love anyone ITS NONE OF YOUR BUSINESS,Hope_speech,images_DE/DE_HS_0092.jpg
love the two boys that are religious but respect lgbtq people,Hope_speech,images/IHS_0133.jpg
Johnson nHer comment wasnt emotional at allnIt pointed out the reality you are ignoring moronWomen get uncomfortable when theyre treated unfairly and that is somehow their fault So instead of killing off sexism women in your world should just put up with itnOK,Hope_speech,Images_SD/SD_HS_0590.jpg
James Maher Perhaps missed something here What exactly are you talking about,Non_hope_speech,images/INHS0584.jpg
dont give scrap who hate for me ALL LIVES MATTER regardless of race,Hope_speech,images_DE/DE_HS_0047.jpg
Yes All the color matters,Hope_speech,images/IHS_0153.jpg
This is great As middle school science teacher know and see how our culture does not seem to support females in science Ive started engineering projects this year and they have been well received by all boys and girlsnnIn reply to the comment about men not being in elementary Ed dont see men as not being encouraged to be teachers There is no culture saying men arent smart enough to be teachers However it seems girls may think they are not smart enough lot of it is misconceptions about what engineers are and donnIn response to the victim comment She is being an example for young girls that even if you are told you cant do something you should try again and not give up Teaching young girls to persevere and work hard is not bad thing,Hope_speech,Images_SD/SD_HS_0608.jpg
Sandberg if you are saying that in response to BLM then let me give you lesson The reason black lives matter started was because we want all lives to matter Saying all lives matter is just being selfish and wanting to not feel like the bad guy Because whites arent bad,Hope_speech,Images_SD/SD_HS_0180.jpg
Priti Patel is vile If she condemns it,Non_hope_speech,images_DE/DE_NHS_0057.jpg
438 Racists viewed this,Non_hope_speech,Images_SD/SD_NHS_0499.jpg
All lives matter FCUK Antifa and BLM,Non_hope_speech,images_DE/DE_NHS_0152.jpg
SHERIFFS stand up man,Non_hope_speech,images/INHS0406.jpg
Actually it depends on Great many things All lives matter,Hope_speech,Images_SD/SD_HS_0233.jpg
So Democrats destroyed the black family unit through their policies and have now convinced BLM per BLMs own mission statement to attack the American nuclear family as whole:thinking face:,Non_hope_speech,Images_SD/SD_NHS_0112.jpg
People think that the LGBT Community isnt really hurt or pushed around in any way nThis is proof that this stuff still happens,Hope_speech,images_DE/DE_HS_0635.jpg
If all lives matter then all lives should be treated the same But its not when you are arresting white people but killing black people so yes BLM,Hope_speech,Images_SD/SD_HS_0452.jpg
How about unborn babies lives matter dont see them going crazy about that,Non_hope_speech,images_DE/DE_NHS_0503.jpg
WOW FINALLY SOMEONE ELSE AGREES THERE IS ONLY ONE RACE,Non_hope_speech,Images_SD/SD_NHS_0080.jpg
Now we waitnnwhen the dust clears the good will inherit the world,Hope_speech,images_DE/DE_HS_0123.jpg
Nobody is stopping women from attending the schoolsclasses they want,Hope_speech,images/IHS_0536.jpg
Thank you am young girl wanting to be engineer but gladly the people around me are much more accepting have very good friend who is boy and we both love engineering and have build robots before for the age of 11 and he had made very detail trucks and vehicles before he was 12nnEdit,Hope_speech,images/IHS_0143.jpg
they did throw in their own river lol,Non_hope_speech,images/INHS0075.jpg
Again you people know what theyre saying white lives have always mattered it doesnt need to be said and they consider it insulting or ignoring the meaning of blm Im not blm but these people know there just doing conservative spin your protesting their protest saying all lives matter,Non_hope_speech,images/INHS0328.jpg
All Lives Matter Not Just Black,Hope_speech,Images_SD/SD_HS_0451.jpg
black lives matter protestors dont damage peoples property,Non_hope_speech,images/INHS0407.jpg
went to Turkey years ago and it was very secular and family friendly,Non_hope_speech,images_DE/DE_NHS_0507.jpg
good luck You can do it,Non_hope_speech,Images_SD/SD_NHS_0346.jpg
RIP Leelah Alcorn,Non_hope_speech,images/INHS0516.jpg
Conversion Therapy aka Abuse Segregation isnt thing in America anymore We have already accepted that were all equal and that we dont have to be segregated,Hope_speech,Images_SD/SD_HS_0316.jpg
God Bless all the Police risking their lives everyday protecting our communities and restoring order,Hope_speech,Images_SD/SD_HS_0072.jpg
ideology of victimhood list of grievances that do not existnwhen you talk less and pay more attention,Non_hope_speech,images/INHS0227.jpg
am 17 guy and from Edinburgh am studying engineering drawing there is of us studying year uni level guys girl we are the first at that level in our school for 10 years next year there will be another people doing this level guys girls,Hope_speech,images_DE/DE_HS_0531.jpg
do really hope that the citizens of America Would not judge the color of their skin but the content of their character no matter what race you are or where you from do really hope that in the near or Far future that they would adopt the quote,Hope_speech,Images_SD/SD_HS_0124.jpg
grew up being taught to not make fun of any group youre not part of Except queernMy sister is lesbian,Hope_speech,images/IHS_0064.jpg
My gaydar is seriously going off on AnnieAmyArnieArmyWhatever they said,Non_hope_speech,images_DE/DE_NHS_0239.jpg
internalized homophobia is sadnhope that any closeted kid can stay save until they feel ready to come out,Hope_speech,Images_SD/SD_HS_0391.jpg
Guess what yall Majority certainly are NOT African Americans Only Black Americans Your NOT from africa And this is logic being displayed NOT racism Any person of any color is subject to being ignorant,Non_hope_speech,images_DE/DE_NHS_0145.jpg
Pandering much Sit down you virtue signaler,Non_hope_speech,images/INHS0641.jpg
For anyone coming out its always hard too come out,Hope_speech,images_DE/DE_HS_0173.jpg
88 no one should vandalise statue by movement that has no aim and no end they have lost their way and Will begin to distroy the country,Non_hope_speech,Images_SD/SD_NHS_0094.jpg
Boring The grandeur of Britain itself is reminder of slavery and empire No point destroying historical items,Non_hope_speech,Images_SD/SD_NHS_0041.jpg
anime preductions im also trans guy and know how hard it can be to tell someone Its amazing that you already have told some friends,Hope_speech,images_DE/DE_HS_0418.jpg
love the child who said god gave us choice and my choice is to love want to meet him,Hope_speech,images_DE/DE_HS_0387.jpg
Yes The dining chairs were made in 1812 shortly before the abolishment of the slave trade thank god Otherwise it would have been disaster,Non_hope_speech,images_DE/DE_NHS_0618.jpg
You can do it Believe in yourself,Hope_speech,Images_SD/SD_HS_0345.jpg
Love it Thank You,Non_hope_speech,images_DE/DE_NHS_0350.jpg
The world is telling men to dieThe Democrat party is telling men to dieFeminists are telling men to dieHillary Clinton said WOMEN ARE THE FUTURE,Hope_speech,Images_SD/SD_HS_0208.jpg
White man is weak nowadaysnWhat disgrace,Non_hope_speech,Images_SD/SD_NHS_0349.jpg
relate to her so much,Hope_speech,Images_SD/SD_HS_0480.jpg
Oh for the love of God ALL LIVES MATTER will not apologize for saying this Im an RN for 30 yrs treat ALL lives with empathy compassion,Hope_speech,Images_SD/SD_HS_0070.jpg
BP Gaming but if say what he said Id be threatened,Non_hope_speech,Images_SD/SD_NHS_0253.jpg
Thank you Larry,Non_hope_speech,images/INHS0012.jpg
baddie nRacist All lives do matter and that includes the black children killed in the inner cities that black lives matter never talks about Black lives only matter to BLM when white person takes it nALL LIVES MATTER Do you think god would say all lives matter is racist,Hope_speech,images/IHS_0482.jpg
Anyone of color saying black lives matter is working against their own cause ALL LIFE MATTERS If you selfcategorize and call yourself black man or black woman,Non_hope_speech,images_DE/DE_NHS_0328.jpg
Censored think you need to look at the stats,Non_hope_speech,images_DE/DE_NHS_0529.jpg
can have an african race based scholarship then if african americans have been so repressed If they cant say all lives matter they are planning genocide again,Non_hope_speech,images_DE/DE_NHS_0480.jpg
Everyones life SHOULD matter Clearly black people in usa overall do not share this EXP Maybe ask them why they say BLM Maybe to them they see place that does not value their lives,Hope_speech,Images_SD/SD_HS_0079.jpg
think this is so biased hiho Honestly way too biased to be represented in this way to kids Not fair nWhat he said religious people dont like gays is so wrong The people who believe in the God of the Bible love Gods creation We love gays just as much as any sinner We believe it is one of the many sins that seperate us from God,Hope_speech,Images_SD/SD_HS_0137.jpg
yeah because he was being abused and starved at 14 thats illegal,Hope_speech,Images_SD/SD_HS_0625.jpg
am bisexual and am scared to tell my parents because am only ten years old so they wouldnt understand me the only one who knows this secret is KantaDiya she is also bisexual she is my dads another wife that no one knows about except me,Hope_speech,Images_SD/SD_HS_0299.jpg
im sitting here watching this and when he says god gave us choice my choice is to love im trying not to cry bc my family doesn know yet told my mom but not really anybody else in my family,Hope_speech,Images_SD/SD_HS_0350.jpg
All lives matter because we all need peace,Hope_speech,images_DE/DE_HS_0196.jpg
The chemistryenergydynamic between these two feels so awkward Love her,Non_hope_speech,Images_SD/SD_NHS_0389.jpg
Rebekah and my free of speech is to say Im bi,Hope_speech,images/IHS_0150.jpg
Batista that kind of is their end goal,Non_hope_speech,images_DE/DE_NHS_0139.jpg
Its not controversial to say all lives matter Haha thats nuts:face with hand over mouth:,Non_hope_speech,Images_SD/SD_NHS_0166.jpg
wonder how MANY people Madonna saved from suicide am not fan of Madonna but can understand the love between she and her FANS,Hope_speech,images/IHS_0592.jpg
Exactly guess thats not what theyre fighting for Obviously So many innocent people have died Business is ruined people hurt and injuredfor what For whos behalf How can one justify this thought the whole point was for the country to come together for the good of the country and for everyone,Hope_speech,Images_SD/SD_HS_0364.jpg
Pull down all Socialist statues,Non_hope_speech,images_DE/DE_NHS_0305.jpg
Bro Id black havent matter in the last 400 years how can all live matter The dude is clown,Non_hope_speech,images_DE/DE_NHS_0283.jpg
Why dont all lives matter just wondering,Hope_speech,images/IHS_0427.jpg
We all know black lives matter too This isnt revelation to America,Hope_speech,images_DE/DE_HS_0355.jpg
Good thing that they factor in age,Non_hope_speech,images_DE/DE_NHS_0182.jpg
Police need to use authority and guns whenever challenged If the do not do this,Non_hope_speech,images_DE/DE_NHS_0587.jpg
believe women should have the freedom to work and vote and live as anyone else,Hope_speech,images/IHS_0346.jpg
think all lives matter instead of saying black lives matter we should all come together and be saying all lives matter Skin colors shouldnt change our feelings for each other but my opinion on George Floyd is that he didnt deserve to die but do not think hes hero because he was criminal and cant forgive him for when he held gun up to pregnant ladys baby hump and said he would shoot her baby hump and the lady herself,Hope_speech,images_DE/DE_HS_0150.jpg
Who said black matter more,Non_hope_speech,images/INHS0016.jpg
Marshall it literally in the name and the movement,Non_hope_speech,images/INHS0255.jpg
Im from the UKhes seems like good guy,Non_hope_speech,images_DE/DE_NHS_0181.jpg
The president is not doing any of this its the democrats thats calls the all of this,Non_hope_speech,Images_SD/SD_NHS_0249.jpg
if your becoming racist because of slaver statue so be it,Non_hope_speech,Images_SD/SD_NHS_0202.jpg
Black here again,Non_hope_speech,Images_SD/SD_NHS_0046.jpg
she literally came out as bisexual,Hope_speech,Images_SD/SD_HS_0521.jpg
For Jesus Christ ALM All Lives Matter He died and resurrected for remissions of everybodys preexisting sins to save from eternal hell Accept HIM Be saved from eternal hell For free,Hope_speech,images/IHS_0525.jpg
What the hell is this video no one says this shit to people,Non_hope_speech,images_DE/DE_NHS_0288.jpg
How about Black lives are equal Because they are still the center of the topic and they just seek equality which this country has proven not to have given them in the past,Hope_speech,Images_SD/SD_HS_0052.jpg
think he resigned his position to take up role in the DHS,Non_hope_speech,images/INHS0480.jpg
If you say All Lives Matter,Non_hope_speech,Images_SD/SD_NHS_0267.jpg
Anderson would say the reason why so many people are on welfare is for historic reasons lot of black families got economically screwed over from the time when they were enslaved to the 20s and even today know it sounds hypocritical for me to say this after my previous comment was about white guilt,Hope_speech,Images_SD/SD_HS_0338.jpg
love you Madonna needed you so much in this life You are someone to admire Thank you so much for everything,Hope_speech,images_DE/DE_HS_0327.jpg
Not single person has died from it Not one Its no different than Alcoholics Anonymous where people try to help you stay away from bad behavior,Non_hope_speech,Images_SD/SD_NHS_0272.jpg
the inference is supposed to be,Non_hope_speech,Images_SD/SD_NHS_0357.jpg
wait till it all explodes,Non_hope_speech,images/INHS0643.jpg
It became illegal in Hawaii 50th State in May 2018,Hope_speech,images/IHS_0391.jpg
Omg TJ is Christian now,Non_hope_speech,Images_SD/SD_NHS_0012.jpg
lewis Hi Eve Its never to early to start learning engineering Especially these days,Hope_speech,images_DE/DE_HS_0032.jpg
Now stop this protesting because we are all equal My best friend is black and even she says all of this is blown out of proportion Yesterday in the UK seen black police officers dragging white man across the pavement You dont see me recording it shouting at them saying there racist There doing there job,Hope_speech,images_DE/DE_HS_0379.jpg
Annie is really muture suppose Although thought she WAS lgbt wasnt expecting Her to be against it,Hope_speech,images/IHS_0099.jpg
huhh that happened because of this,Non_hope_speech,images_DE/DE_NHS_0203.jpg
Must suck being white male atm,Non_hope_speech,images/INHS0123.jpg
Clearly this virus has side effect of stupid causing people to act out in an aggressive and disgraceful manner,Hope_speech,images/IHS_0522.jpg
OMG sounds like bunch of unattractive women whining,Non_hope_speech,images/INHS0278.jpg
God gave us choice,Hope_speech,images/IHS_0512.jpg
Maddona saved my Soul in 1999,Hope_speech,images/IHS_0281.jpg
Carbon based lives matter,Non_hope_speech,images_DE/DE_NHS_0030.jpg
they mean that the fact that girls dont normally choose STEM fields is because we are socialized to be interested in other stuff Which is bad thing because when someone does break the norm,Hope_speech,Images_SD/SD_HS_0381.jpg
absolutely agree just dont get how people think thats not racist but if you white lives matter or something its apparently racist:thinking face: isnt the definition of racism treating group of people different because of there skin colour or where they live This world doesnt make sense,Non_hope_speech,images/INHS0457.jpg
What exactly is the point of this videoIf the people are indeed racistsexist that these women talk of what is this video going to do that would change it,Non_hope_speech,images/INHS0375.jpg
Mess weLL aLwAyS sAvE tHe DaY,Non_hope_speech,images_DE/DE_NHS_0107.jpg
dont believe in god but when the kid said god gave us choice,Hope_speech,images/IHS_0363.jpg
All lives matter EVERY LIFE we are all here to live together with respect to each other PERIOD,Hope_speech,images_DE/DE_HS_0490.jpg
Stupid PEople sitting in positions setting foolish Examples WHAT ABOUT ALL CONTINENTS OF PEOPLE LIVES MATTER THIS IS PROOF THAT MAN IS AGAINST HIMSELF AND NOTHING MATTERS OTHER THAN AMERICAN MONEY WITH DEAD FACES PRINTED ON IT,Non_hope_speech,images_DE/DE_NHS_0502.jpg
agree Just like homeless elderly Asian man got violently attacked by black man Does that man live not matter So yeah,Non_hope_speech,Images_SD/SD_NHS_0313.jpg
even birds are seen as racist in Sweden come on,Non_hope_speech,images/INHS0188.jpg
This video is perfect example that you can tell your kids about sexuality Kids are so much more opened minded then adults,Hope_speech,images/IHS_0371.jpg
Jesus died for all of us White black,Hope_speech,images/IHS_0289.jpg
She fight and defend,Hope_speech,images_DE/DE_HS_0480.jpg
dont believe you are Asian dont believe Asia is thing Afroeurasia is one compact continent Its very easy to travel within it Africa is too close to Eurasia to be deemed separate,Non_hope_speech,images_DE/DE_NHS_0227.jpg
She is genuinely fighter for love,Hope_speech,images/IHS_0083.jpg
Why is it black vs white and not vs the people who control the institutions all whites aint the enemy To be honest looking at the climate just for saying all lives matter or WLM you get fired and dragged,Hope_speech,images_DE/DE_HS_0584.jpg
Laurencya sure believe it genetic thing can change it with therapy,Non_hope_speech,images_DE/DE_NHS_0643.jpg
my parents threatened to throw me into conversion therapy for being trans but were too ashamed to thankfullynIm in Canada btwdespite all our LGBT rights,Hope_speech,images_DE/DE_HS_0344.jpg
God created all humans,Hope_speech,Images_SD/SD_HS_0343.jpg
The majority of these women seem to be speaking of assumed sexism,Non_hope_speech,Images_SD/SD_NHS_0293.jpg
that sheriff needs to jump on out of uncle toms cabin,Non_hope_speech,images_DE/DE_NHS_0191.jpg
Atlas stop asserting and prove don is racist,Non_hope_speech,images/INHS0626.jpg
feel will cry it happen to me everyday at the university but am so grateful to be there thanks for inspiring us,Hope_speech,images_DE/DE_HS_0182.jpg
wait minute isnt the leader of the democrats black man come on black people all lives do matter,Non_hope_speech,Images_SD/SD_NHS_0002.jpg
feel sorry for people who still dont understand homosexuality,Non_hope_speech,images_DE/DE_NHS_0159.jpg
This is true dont mind so much people being surprised that Im in STEM mind how some men in STEM have treated me because Im female,Hope_speech,images_DE/DE_HS_0554.jpg
dont agree in hire people just because they are men,Hope_speech,images_DE/DE_HS_0058.jpg
It wasnt erected as symbol of slavery it wasnt symbol of racial profiling it was erected as historical significance for what he did to help build in the city on the basis of your argument youd have idiots destroying 90 of all historical buildings and monuments in the uk Protest peacefully not ok to go around defacing property as mass mob Abide by the law or face the consequencesstupid sheeple committing crimes an eye for an eye is not acceptable democracy and justice is,Hope_speech,Images_SD/SD_HS_0260.jpg
just wanted to tear up when Debbie spoke about creating engineering toys for little girls to help change the spatial learning they have People like her are the reason why still want to pursue in engineering,Hope_speech,images/IHS_0052.jpg
Thompson Respect is not the same as support You saying they have to support you is you not supporting their beliefs Everyone has different beliefs Suck it up,Non_hope_speech,images_DE/DE_NHS_0293.jpg
Conversation therapy is so disturbing to me and should be illegal,Hope_speech,Images_SD/SD_HS_0243.jpg
What change does throwing over statues make Shouldnt they lobby the government What police brutality is there against blacks in the UK Even the leftist BBC doesnt say this is correct,Non_hope_speech,Images_SD/SD_NHS_0190.jpg
am so happy and proud to live in the same time,Non_hope_speech,images_DE/DE_NHS_0295.jpg
think this is my new favourite Madonna interview thank you for holding my hand through some of the worst of it Bless you,Hope_speech,images/IHS_0252.jpg
Yes it is controversial to say at this time after this tragedy all lives matter Yet Its shame for America to say black lives matter 2020 still stuck with racism It means black life is worth less If feels bad to hear it As human specie we have lot more to learn and need to have some humility We were just hit by virus,Hope_speech,Images_SD/SD_HS_0403.jpg
Prayer Corner nI understand and agree 100 whith what youre saying and Im also proud ChristiannI was just saying that the people the commenter asked about must have some power if the higher authorities are covering up their mistakes instead of taking the correct actions against themnI listen to and admire alot of priests and what they say and how they livenMy point was that alot of people follow the leaders of the religion any religion blindly,Hope_speech,Images_SD/SD_HS_0448.jpg
as another Christian and queer myself hehe couldnt agree more those Christians working for conversation therapies do so much harm and hate towards others and shouldnt be considered Christians at all but extremists,Hope_speech,images/IHS_0297.jpg
Kodomo All lives Matter literally means All lives including Black lives matter No wonder why people dont support BLM anymore,Hope_speech,images_DE/DE_HS_0439.jpg
Im also studying chemical engineering also cried when watched this video:sneezing face: and totally understand how you felt,Hope_speech,Images_SD/SD_HS_0200.jpg
All lives matter spread peace and love why is the left trying to divide us open your eyes to all young poeple rioting is not the answer,Hope_speech,images/IHS_0207.jpg
Pigs in blanket Fry em like bacon Their chants arent even clever Also,Non_hope_speech,images/INHS0506.jpg
WE NEED MORE GIRLS IN THE STEM FIELDS JOIN US,Hope_speech,Images_SD/SD_HS_0420.jpg
So the Lord said to Cain,Non_hope_speech,images_DE/DE_NHS_0077.jpg
Are female engineers rare or something Im music major so have no clue,Non_hope_speech,images/INHS0463.jpg
All Lives Matter,Hope_speech,Images_SD/SD_HS_0133.jpg
Wait wait Its only for Earth And even then,Non_hope_speech,images/INHS0186.jpg
Its most definitely racist all life matters no matter what all men were created equal and that means they all have life and if they lose that life including black white pink orange whatever it is gone forever,Hope_speech,images_DE/DE_HS_0524.jpg
USA Theres Bristol in America know theres one here in the UK,Non_hope_speech,images/INHS0582.jpg
Rebekah how tf is someone loving someone else sin,Hope_speech,images/IHS_0229.jpg
Haskins Every life matter Every life is special,Hope_speech,Images_SD/SD_HS_0170.jpg
Good Keep that mentality and dont be victim,Hope_speech,images_DE/DE_HS_0527.jpg
All lives matter There is so much diversity here in America and we should just respect each other The color of your skin,Hope_speech,images/IHS_0190.jpg
Exactly and thats why they hate it,Non_hope_speech,Images_SD/SD_NHS_0382.jpg
Jimmy Pop too bad your skied daddy doesnt exist,Non_hope_speech,images/INHS0145.jpg
The girl with the red sweater handled that conversation SO WELL am LGBTQ and wouldnt have been offended having conversation with her She was nice and still respected the guy,Hope_speech,Images_SD/SD_HS_0627.jpg
Honesty wow youre so unique with that mindset,Non_hope_speech,images_DE/DE_NHS_0384.jpg
Theres no need to say all lives matter because white lives have always mattered in America Black lives havent Until white supremacy dies it makes no sense to say all lives matter because it changes nothing 1st realize white supremacy is problem,Non_hope_speech,images/INHS0289.jpg
Pretty sure GapeyAssy was just trolling,Non_hope_speech,images_DE/DE_NHS_0330.jpg
Parsons When Where How Youre big dumb arent you The phrase BLM means black lives matter TOO Not ONLY black lives matter Idiot,Non_hope_speech,images_DE/DE_NHS_0019.jpg
That would just be,Non_hope_speech,images/INHS0113.jpg
THE FOOL im not very religious Plus listening to different point of view is nice dont want to live in an echo chamber,Hope_speech,images_DE/DE_HS_0247.jpg
All life is gift from God,Hope_speech,images/IHS_0219.jpg
halim comments,Non_hope_speech,images/INHS0109.jpg
Some of those kids were so well spokennAnd hope that man has wonderful life,Hope_speech,images_DE/DE_HS_0131.jpg
All lives matter ridiculous to think otherwise,Hope_speech,Images_SD/SD_HS_0493.jpg
All lives matter why is Black live matter Why is White live matter Why is Yellow live matter All lives matter But do what you think its right Never ever mistaken between Criminals and Heroes,Hope_speech,images_DE/DE_HS_0398.jpg
Guys All Lives Matter So Stop It Because Thats Selfishness,Hope_speech,images/IHS_0541.jpg
benjamin ramsey thats like saying you shouldnt get upset for when somebody criticizes or says your bad person because your color of skin,Non_hope_speech,images_DE/DE_NHS_0506.jpg
yall are talking about the girl that said dont agree with homosexualality but my best bet is that shes part of the lgbtq community and is just trying her best to hide her true sexuality because shes scared or ashamed that she wont be accepted,Non_hope_speech,Images_SD/SD_NHS_0332.jpg
live in my moms basement was being very calm about what said sir and for you to be ignorant with your words is immature please if you want to have debate make sure theres no assumptions and your only stating Facts because you assumed that dont care about white speakers Im black and the black community have been oppressed for years and we have been able to have open arms to other cultures including whites and its not fair for you to assume what you assumed,Hope_speech,images/IHS_0273.jpg
and also the bible was badly translated so actually there is nothing against gays in it and also nTREAT YOUR NEIGBORS LIKE YOU WANT THEM TL TREAT YOU,Hope_speech,images/IHS_0209.jpg
She saved my life and gave me new hope,Hope_speech,Images_SD/SD_HS_0281.jpg
Actually there have been very few cases of it working,Non_hope_speech,Images_SD/SD_NHS_0271.jpg
Not trying to steal your thunder,Non_hope_speech,images_DE/DE_NHS_0292.jpg
Come on people do not want to defend trump,Non_hope_speech,images/INHS0073.jpg
Dark Gunman The feminism effect like that title,Non_hope_speech,Images_SD/SD_NHS_0484.jpg
nobody said you can only be those two things Of course trans people can be gay,Hope_speech,Images_SD/SD_HS_0047.jpg
Gender Equality Paradox states that in countries the more equal the genders are in pay The less likely women will pursue STEM Careers Therefore the best way to increase the number women in STEM is to pay women less,Hope_speech,images/IHS_0455.jpg
apologise for stereotyping but the girl who said she didnt understand love,Non_hope_speech,Images_SD/SD_NHS_0001.jpg
Hates not gonna get you anywherennOMG AN INTELLECTUAL,Non_hope_speech,images/INHS0394.jpg
Sunshine littlephilly Iv heard if believe in Jesus and know him as my saviour will go to heaven we all sin,Non_hope_speech,Images_SD/SD_NHS_0197.jpg
Queer is anything that isnt straight So if you think someone is not straight or cis then you say theyre queer Hope this helps,Hope_speech,images/IHS_0354.jpg
Saying all lives matter takes away from the movement All lives are supposed to matter,Hope_speech,images_DE/DE_HS_0293.jpg
This woman changed the world and keeps changing it Including my life Thank you,Hope_speech,images/IHS_0166.jpg
YOU HAVE TO MOVE UP TO DO BETTER AND DONT BLAME SOMEONE ELSE MY PARENTS CAME HERE WITH 200 IN THERE POCKETS AND LIVED IN THE HOOD BUT MOVED UP AN BOUGHT HOME AND MADE BETTER LIFE SO DID MY AUNT AND UNCLE WHO ARE OF MIX RACE ITS NOT THE COLOR OF YOUR SKIN BUT WHO YOU ARE,Non_hope_speech,images_DE/DE_NHS_0005.jpg
its another way an umbrella term for someone who is lgbtq if you dont know the specifics,Non_hope_speech,images/INHS0429.jpg
God loves all lives conceived and born,Hope_speech,images_DE/DE_HS_0446.jpg
Nord Then why are you even here,Non_hope_speech,Images_SD/SD_NHS_0137.jpg
of the soul its refreshing to see such guys Most guys on these type of videos comment kitchen jokes Its not easy for women in STEM because they are constantly told to go back to the kitchen which is exactly why these videos are needed but even then manbabies tell you that your cognitive ability isnt any good even though they themselves cant do math,Hope_speech,Images_SD/SD_HS_0548.jpg
kennedy mensah ALM is antiBLM because BLM is hate movement lead by self admitted marxist activists,Non_hope_speech,images/INHS0177.jpg
All lifes matter anyone who says other wise is rasist,Hope_speech,Images_SD/SD_HS_0205.jpg
All lifes matter,Hope_speech,images_DE/DE_HS_0491.jpg
Animal lives also falls into all lives matter,Hope_speech,Images_SD/SD_HS_0262.jpg
Madonna is the PHONIEST person on earth She is absolutely selfish and vile,Non_hope_speech,images/INHS0625.jpg
Because he deals with black lives on daily basis,Non_hope_speech,images/INHS0485.jpg
hope that all life Matters In many years many People,Hope_speech,images/IHS_0544.jpg
blm is the new isis,Non_hope_speech,images_DE/DE_NHS_0578.jpg
The prophets warned that these days were coming,Non_hope_speech,images_DE/DE_NHS_0460.jpg
All lives matter end of story,Hope_speech,Images_SD/SD_HS_0310.jpg
There is one problem with youtubennnnnnnYou cant hit the like button multiple timesnBLACK LIFES MATTER,Non_hope_speech,images_DE/DE_NHS_0151.jpg
Im having doubts these past months about pursuing Civil Engineering because also feel like dont belong but then came across this and viola This kept me back in track This made me remember why pursued Civil Engineering in the first place Thank you very much,Hope_speech,images_DE/DE_HS_0113.jpg
get so emotional watching this Im crying right now We are all equal,Hope_speech,images_DE/DE_HS_0605.jpg
nAnd When look at the pyramids dont think they are literal structures to guide pharaoh into the afterlife,Non_hope_speech,Images_SD/SD_NHS_0428.jpg
This was amazing,Hope_speech,images_DE/DE_HS_0564.jpg
If BLM rejects ALM,Non_hope_speech,images_DE/DE_NHS_0387.jpg
get taking down the statue but tossing it into the cannel It will cause tax payer money to fish that outmoney that could go to outreach programs or schools,Non_hope_speech,images/INHS0006.jpg
literally thought she was lesbian,Non_hope_speech,Images_SD/SD_NHS_0160.jpg
You can never tell on the outside unless they literally wear shirt that says Im lesbian or Im homophobe lot of people think Im lesbian Im not but have full respect for them,Hope_speech,images/IHS_0107.jpg
This was not the appropriate video to put this in have some respect rest in piece gorge Floyd,Non_hope_speech,Images_SD/SD_NHS_0179.jpg
came out at the age of,Hope_speech,images/IHS_0330.jpg
Hey have respect for All Lives MATTER Its the TRUTH that is being ignored The Politicians are creating narrative that diverts attention away from our Childrens Safety,Hope_speech,Images_SD/SD_HS_0449.jpg
We are so lucky and fortunate to have someone so smart and so dedicated to us and the cause,Hope_speech,Images_SD/SD_HS_0219.jpg
just want to hug her here She made me cry like this Madonna Very inspirational and strong woman,Hope_speech,images_DE/DE_HS_0343.jpg
How is she supposed to do that,Non_hope_speech,Images_SD/SD_NHS_0442.jpg
Dont lie who else is FAN of News nnMrBeast commented on my recent video:baguette bread:,Non_hope_speech,images_DE/DE_NHS_0504.jpg
This video really inspired me Im computer science major and Ive been in the same boat my whole life loved Legos as kid but people around me really pushed gender roles,Hope_speech,Images_SD/SD_HS_0033.jpg
God gave us choice and my choice is to love WOW this kid gets it,Hope_speech,images_DE/DE_HS_0362.jpg
What country is it,Non_hope_speech,images/INHS0060.jpg
Juan needs to be jobless his no good in the media,Non_hope_speech,Images_SD/SD_NHS_0082.jpg
Until we start to acknowledge that we systematically oppress and discriminate against blacks,Non_hope_speech,Images_SD/SD_NHS_0129.jpg
Peace be upon you to our beloved brothers and dearest sisters,Hope_speech,images/IHS_0583.jpg
Im so happy my parents dont care if somebody is lgbtq Im bisexaul and still havent come out because,Hope_speech,images/IHS_0241.jpg
Byuriii oh retweet retweet for sure,Non_hope_speech,images/INHS0613.jpg
would tell her to shut up and sing but dont think she can sing anymore cans she Wasnt the best to begin with Lady Gaga is much better think gays need to stick with Gaga,Non_hope_speech,Images_SD/SD_NHS_0630.jpg
think this is amazing Inspiring young girls What the heck is everyone complaining about This woman is my role model,Hope_speech,Images_SD/SD_HS_0078.jpg
Im straight Christian female from religious family and our mindset has always been that just because dont agree with your choice does not mean im gonna hate you for it its like hating someone because theyre different raligion few of my best friends are LGBT and that kid phrase it better then ever could,Hope_speech,images/IHS_0105.jpg
there is absolutely nothing wrong with lgbtq people and will fight you if you think otherwise lmao:orange heart:,Hope_speech,images_DE/DE_HS_0202.jpg
Me thinking about coming out,Hope_speech,images/IHS_0306.jpg
Sutherland Ofcourse,Non_hope_speech,Images_SD/SD_NHS_0111.jpg
No they fight about their black skin thats it We should be take care of ourselfs too,Non_hope_speech,Images_SD/SD_NHS_0274.jpg
go back to Africa,Non_hope_speech,Images_SD/SD_NHS_0276.jpg
We can only talk to God,Non_hope_speech,images/INHS0211.jpg
Whys is it only black lives matter feel like thats just another form of racism and segregation It should be all lives matter,Hope_speech,images/IHS_0610.jpg
Butt of the Day Ranking,Non_hope_speech,images/INHS0279.jpg
love Madonna came out and told that Ive always liked Women sumhow always wanted to be Man,Hope_speech,images_DE/DE_HS_0465.jpg
have always been fan,Non_hope_speech,images_DE/DE_NHS_0361.jpg
well it is book its written or printed work consisting of pages glued or sewn together along one side and bound in covers thats book,Non_hope_speech,Images_SD/SD_NHS_0133.jpg
grew up with an father who was an engineer was always encouraged in maths since very beginning Now fail history,Non_hope_speech,Images_SD/SD_NHS_0058.jpg
ARREST THE KILLERS OF BREONNA TAYLOR,Non_hope_speech,Images_SD/SD_NHS_0157.jpg
studying nuclear engineering really inspiring,Hope_speech,images_DE/DE_HS_0646.jpg
dont understand how people can just not agree with homosexuality like its not something you agree with you just have to accept it because thats just how some people are,Hope_speech,Images_SD/SD_HS_0327.jpg
pictured myself This was so inspirational Thank you Budding Astronautical Systems Engineer,Hope_speech,images/IHS_0380.jpg
As she says women have different perspective In field such as engineering where innovative ideas and thinking outside the norm is so rewarded there should be definite demand for girls to have an equal chance for an engineering career,Hope_speech,images_DE/DE_HS_0225.jpg
Theres good chance the religious girl just said what she knew she had to say because she knows her community will probably watch the video,Hope_speech,Images_SD/SD_HS_0373.jpg
BS more whites are killed by cops IDIOT aMErika,Non_hope_speech,images/INHS0631.jpg
they only agreed to the demands to get the parade going thats what they said anyway,Non_hope_speech,Images_SD/SD_NHS_0606.jpg
Maybe lets stop assuming wether Annie will come out or not Kinda unfair to assume wether someone is LGBT based on the way someone looks,Hope_speech,Images_SD/SD_HS_0077.jpg
No we are all from earth and Africans can live in America so what if you arent from that place,Hope_speech,Images_SD/SD_HS_0402.jpg
Seeing as these things get politicized and quickly find their currency in the anti crowd guess the honest reflection of Wireds viewers take is the initial likedislike ratio Wonder what is says Of course the average Wired reader is pretty liberal But stil,Non_hope_speech,images/INHS0452.jpg
Wood How so Did we say George Floyd was savior of mankind Did he save someones life No George Floyd is one of many black people who died of police brutality and social inequality He was catalyst that finally allowed this chain reaction to explode Please understand the meaning of all this before ever thinking about posting something so despicable as this,Non_hope_speech,Images_SD/SD_NHS_0338.jpg
She said it bothers her that people call her smart when she wanted to be pretty had the exact opposite complaint at that age wanted to be called smart instead of pretty am Roboticist today with an extensive background in both software and hardware have friends whos parents encouraged them to go into STEM that hated the idea and felt pressured,Hope_speech,images/IHS_0576.jpg
All lives matter shout it from the roof top My family died for all people,Hope_speech,images_DE/DE_HS_0575.jpg
silver thats is the NWO plan,Non_hope_speech,images/INHS0442.jpg
Chloe Winchester shes allowed to have different opinion,Non_hope_speech,images_DE/DE_NHS_0369.jpg
How about were all black lives matter and until you start protest in Chicago and Baltimore Im done listening to any of the arguments,Non_hope_speech,images/INHS0509.jpg
The color of are skin does not define are personality or are capability of doing and accomplishing stuff Its just color or more specific its just genetic,Hope_speech,images_DE/DE_HS_0010.jpg
You are all blind They are using you as tool Youve been brainwashed all of you live by the mediaOPEN YOU EYES There are lot of people from this ETHNICITY,Non_hope_speech,images_DE/DE_NHS_0604.jpg
Black lives matter have stupid cousin who laughed at women on Tiktok because of her complexion could not believe it Even if walked away by scolding need to get him to accept the fact that evry soul in this world is unique Weather black or white everyone matters love yall if you support us Pls give me some advice,Non_hope_speech,Images_SD/SD_NHS_0645.jpg
littlephilly but who said lgbtq is sin believe in God 100 and think Hes really merciful so He wouldnt send us to hell just because we followed our hearts love is love,Hope_speech,images_DE/DE_HS_0199.jpg
That is uHH really mean She is such smart kid and has great mind set :smiling face with hearts:,Hope_speech,images/IHS_0446.jpg
Anyone else notice this video and its topic was big years ago around election time,Non_hope_speech,images_DE/DE_NHS_0027.jpg
cant imagine family putting their child thru tortuous conversion program Embrace and love your kids for who they are,Hope_speech,Images_SD/SD_HS_0255.jpg
Seriously people Dont be so god damned quick to believe EVERYTHING that you read ESPECIALLY when were talking about articles that are being google translated and quite often deliberately missquoted andor misinterpreted,Hope_speech,images_DE/DE_HS_0320.jpg
am kid who dreams of being an aerospace engineer at nasa,Hope_speech,Images_SD/SD_HS_0308.jpg
Its Maya did say BL dont am an immigrant in this country and know more than someone else what it is like to be different But will keep saying that ALL LIVES MATTER ASIAN who was discriminated because of covid BTW,Hope_speech,Images_SD/SD_HS_0057.jpg
For people who were judging Annie and read that she has come out now but Im not sure if thats true was the same way when was younger because grew up in religious family But was really really confused and hated myself because couldnt understand why God would hate me if like girls Which for me made me try to prove even more that didnt like girls at all finally left the religion two years ago and came out as bisexual Its really scary if your family is homophobic and tell you that you are damned forever for that,Hope_speech,images_DE/DE_HS_0406.jpg
All lives matter Including every race Whites are the minority on this planet Fact,Hope_speech,images_DE/DE_HS_0144.jpg
Why not band together and fight all racism at once peacefully,Hope_speech,images_DE/DE_HS_0011.jpg
My mom came out at the age of 39 years after she had me lmao,Hope_speech,images_DE/DE_HS_0356.jpg
kris where in the Bible does it say that homosexuality is sin The passage that Ive always seen sited has been proven to be translated incorrectly and is actually condemning pedophilia rather than homosexuality Man shall not lay with man was originally meant to read as man shall not lay with boy Homosexuality is never condemned Please do research and learn about the origins of the book you claim to worship,Hope_speech,images/IHS_0121.jpg
Can we agree all lives are equal,Non_hope_speech,Images_SD/SD_NHS_0132.jpg
Can you give me some tips to be good friend to my friend MY HEART,Hope_speech,images/IHS_0089.jpg
hate how people think they dont fit in simply because the others in group are not the same sex,Hope_speech,images/IHS_0088.jpg
Im lesbian and one thing that bothers me is when supporters of LGBTQ get all mad when some people dont agree with us and call that homophobic Being homophobic is way different then not agreeing with LGBTQ Like the majority of these kids arent necessarily supporters and dont necessarily agree with it,Hope_speech,images_DE/DE_HS_0183.jpg
Haskins if you wear mask youre an idiot Hinder your immune system ans get hypercapnia Lol,Non_hope_speech,Images_SD/SD_NHS_0163.jpg
Toys should be made to build more skills like this,Hope_speech,images_DE/DE_HS_0430.jpg
Im so surprised that people think this is just an American issue There are racial issues everywhere and politics has nothing to do with it at ALL,Hope_speech,images/IHS_0138.jpg
growing up extremely low income and as woman of color engineering resources were not handed to me there were no toys this warmed my heart to know that girls my nieces age have toys like this regardless of that Im honored to say Ive been accepted to some incredible universities as bioengineering major so screw anyone who tells young women especially minoritiy disadvantaged that we cant do it because we can,Hope_speech,images_DE/DE_HS_0581.jpg
Clinton will will because the system is rigged,Non_hope_speech,images/INHS0088.jpg
Hold up saw the comments and was looking for that little girl Now just realized who the little girl is How butch,Non_hope_speech,Images_SD/SD_NHS_0588.jpg
This truly hurts my heart God does not want anyone to hate anyone God is LOVE and FORGIVENESS All sin is equal,Hope_speech,Images_SD/SD_HS_0173.jpg
354 ancient egypt no longer exists And they were not built by slaves,Non_hope_speech,Images_SD/SD_NHS_0103.jpg
Im literally wearing cuffed jeans as we speak,Non_hope_speech,images_DE/DE_NHS_0516.jpg
Edwards You clearly havent heard the Black Lives Matter militants speak,Non_hope_speech,Images_SD/SD_NHS_0601.jpg
She look amazing right,Non_hope_speech,images/INHS0517.jpg
Long Have you ever thought about the reason why these people resist arrest The answer is simple,Non_hope_speech,images/INHS0647.jpg
this looks like it was all plan to get black people out in large groups together dureing pandemic that kills more black people than anyone else,Non_hope_speech,images/INHS0391.jpg
Both Madonna and Elizabeth Taylor never turned their backs on the gaysnThey were both very involved with support for research from the very beginning of the AIDS crisis,Hope_speech,images/IHS_0303.jpg
192 Please go somewhere else spreading your hate,Non_hope_speech,images/INHS0105.jpg
makes me really proud to say that 40 of my engineering class is female,Hope_speech,Images_SD/SD_HS_0494.jpg
For news men,Non_hope_speech,images/INHS0460.jpg
Absolutely horrible thats still thing,Non_hope_speech,Images_SD/SD_NHS_0532.jpg
If you click strongly disagree with all questions then make your gender female age 1820 something living California with Bachelors degree you get two zeros,Non_hope_speech,Images_SD/SD_NHS_0480.jpg
never understood racism grew up thinking whats the problem with with different colored humans theyre literally the same but different colorsnTo this day still dont know why people think race of humans is better than another race when theyre exactly species,Hope_speech,images/IHS_0440.jpg
All lives matter no matter color gender or religion bernies an effing idiot fishing for minority votes another two faced demonrat,Hope_speech,images/IHS_0212.jpg
lost most all except one of my friends after coming out as bisexual Im lucky my family is so accepting My sister is bisexual as well The only hard part is my grandparents on my fathers side We meet up every year for few days My older cousins bring their girlfriends and every year at the end of the visit my grandparents say to me Someday you will bring your boyfriend to be with us We cant wait to meet him when you get one Its so awful,Hope_speech,images_DE/DE_HS_0466.jpg
Bill gatess agenda in Africa and Israel go against the USA,Non_hope_speech,images_DE/DE_NHS_0086.jpg
All lives matter to God,Hope_speech,images_DE/DE_HS_0595.jpg
honestly think people can love who they want to love,Hope_speech,images_DE/DE_HS_0427.jpg
Samuel Stephens nCouldnt one take that to mean,Non_hope_speech,images_DE/DE_NHS_0028.jpg
Whoa thats impressive writing boomer backwards Can you do some more lol,Non_hope_speech,images/INHS0295.jpg
so whos gonna tell annie,Non_hope_speech,images/INHS0257.jpg
of course you reached your goal,Hope_speech,Images_SD/SD_HS_0122.jpg
There are lots of people that get depression and comit suicide after conversion therapy,Hope_speech,images/IHS_0016.jpg
That would just be pure mean,Non_hope_speech,images_DE/DE_NHS_0597.jpg
Some ppl want to feel victimized and opressed and too lazy to get damn job,Non_hope_speech,Images_SD/SD_NHS_0083.jpg
Sheriffs da MAN,Non_hope_speech,Images_SD/SD_NHS_0291.jpg
What has been She the white Cosby Sure took small talent long ways Time for the seniors home madge,Non_hope_speech,images/INHS0543.jpg
This conversation could be happening right now no change,Non_hope_speech,images_DE/DE_NHS_0428.jpg
Thats sad viewpoint Yes your life matters too,Non_hope_speech,images/INHS0199.jpg
was fortunate enough to have parents who gave me duplo and lego construction toys as child However have still always felt what you talk about Fitting in is something we all strive for however would never want to compromise who am to do so cannot wait for some of my family friends daughters to get bit older so that can get them GoldieBlox as gift This is an amazing initiative and you gave an amazing talk to describe why it is necessary in this world Thank you,Hope_speech,images/IHS_0115.jpg
have always been an artiest and writer never wanted to be an engineer nAnd here im an engineer student its my first year in college and yes always feel this is not my place always fail nBut this video made me so hopefull nI see myself in this video 10 years from now,Hope_speech,images/IHS_0172.jpg
All the best sis Prove yourself Follow your passion,Hope_speech,images/IHS_0472.jpg
remember that Greta thunberg and how all the demonstrations she caused changed nothing,Non_hope_speech,images/INHS0068.jpg
omg how can someone be that amazing,Hope_speech,images/IHS_0609.jpg
its been years and Im still bisexual,Hope_speech,images/IHS_0307.jpg
Strange that there is never any mention of the money paid to the leaders of the African tribes involved or the atrocities and genocide going on within these counties today,Non_hope_speech,images/INHS0194.jpg
Madonna educates people on many thingsShes there because shes destined for itShe does lot of good admirable things,Hope_speech,images/IHS_0436.jpg
Inspiring and encouraging,Hope_speech,images/IHS_0327.jpg
This is very inspiring am studying civil engineering,Hope_speech,images_DE/DE_HS_0231.jpg
dont fit in But our little girls willnThis is so beautiful and honestly started getting emotional This is similar to what saynThere may not be hope for me,Hope_speech,images/IHS_0234.jpg
because it took 30 seconds to find out that this is another pointless feminist aggression video without real content,Non_hope_speech,images_DE/DE_NHS_0047.jpg
Great talk Very inspiring Im in the minority too Im women and got my major in computer science nearly 20y ago and work in sw engineeringnGo girls go,Hope_speech,images/IHS_0205.jpg
All lives matter Stop the hate people Hate breeds Hate Marching around shouting is all fine and dandy when its peaceful and such but there are too many folks that are racist as shit going along with the black lives matter marches We need to be kind,Hope_speech,images_DE/DE_HS_0318.jpg
wont support any kind of brutality both sides show at this time The american police is known to be hard and brutal and when look at the laws of this country Im not suprprised by the crime rate the people trying to stop racism by hurting people are questionable too People who werent even involved got hurt by both sides mostly from the police,Hope_speech,images/IHS_0641.jpg
just hate how when people talk about conversion therapy it makes others think that Christianity is bad,Hope_speech,images/IHS_0186.jpg
ur mom is cat white people are not the ones that are oppressed and getting killed by police for no reason you ever heard of daniel shaver You just sound like dumbass liberal running your mouth when you should put sock in it,Non_hope_speech,images/INHS0047.jpg
Yall lives matter There,Hope_speech,images_DE/DE_HS_0372.jpg
wish people understood that sexuality is spectrum and we dont all have to fit into specific box We are all human we all love,Hope_speech,images_DE/DE_HS_0063.jpg
Hates not going to get you anywhere in the world,Hope_speech,Images_SD/SD_HS_0098.jpg
Conversion therapy brainwashing,Hope_speech,images/IHS_0126.jpg
race that has done nothing for the betterment of mankind certainly has lot to say,Non_hope_speech,Images_SD/SD_NHS_0384.jpg
Uh Do you even know how to spell Judaism No you do not Get lost 12 year old,Non_hope_speech,Images_SD/SD_NHS_0228.jpg
Nelson The majority of African Americans do not agree with BLM because first off,Non_hope_speech,images/INHS0183.jpg
Chloe Faye mean they are there to hear his story,Non_hope_speech,Images_SD/SD_NHS_0156.jpg
God Bless all the Police risking their lives everyday,Non_hope_speech,images/INHS0487.jpg
didnt have to mention black lives could say all lives matter,Non_hope_speech,images_DE/DE_NHS_0312.jpg
The best woman that supported LGBTTTQ forever shes deserve her award for looong Time she was recognized to fight for the human being,Hope_speech,images_DE/DE_HS_0364.jpg
Im from the UAE and they respect everyone,Hope_speech,Images_SD/SD_HS_0282.jpg
The only thing that puts doubt in girls minds are videos like this to whom ever is making stuff life this nnGet bent And hope to the atheist God that my daughter grows up and understands that all this is just bullshit and that her fate is in her own hands,Hope_speech,images_DE/DE_HS_0505.jpg
They are saying because they are female engineer,Non_hope_speech,images_DE/DE_NHS_0174.jpg
Gaming ROBLOXnThat makes no sensenBlackAfrican descentnBrown can mean different ethnic groups depending on which country you say that but Brown in the US would be Latinos and Brown in Canada would be South Asians and Middle Easterns,Non_hope_speech,Images_SD/SD_NHS_0511.jpg
Chaos chaos its great for ratings right news media what disaster,Non_hope_speech,images/INHS0462.jpg
Thank you for sharing your story Marcus,Hope_speech,images_DE/DE_HS_0013.jpg
My dad ALWAYS included me on all his manly things growing up He is my biggest supporter in pursuing my mechanical engineering degree started working in the industrial manufacturing industry and fell in love,Hope_speech,images_DE/DE_HS_0305.jpg
Shes the BEST,Non_hope_speech,images_DE/DE_NHS_0276.jpg
Rebekah bruh how do you not agree with how someone is born,Hope_speech,images/IHS_0110.jpg
Hernandez No you are wrong grew up in three parent house hold Grandma was there also got great education and finished with honors How does any of that help me when am spotted by satanic cop can tell you breaking the law is not prerequisite to going to jail nnThe masses must rise up and fight this evil system of oppression By any means necessary,Non_hope_speech,images_DE/DE_NHS_0386.jpg
The sheriff is ontheground experienceI believe him,Non_hope_speech,Images_SD/SD_NHS_0461.jpg
My brother is bi and support him very much,Hope_speech,images_DE/DE_HS_0637.jpg
LG she seems very sad in an emotional way,Non_hope_speech,Images_SD/SD_NHS_0498.jpg
Black lives are included in all lives,Hope_speech,Images_SD/SD_HS_0537.jpg
Thats what the far left do,Non_hope_speech,images/INHS0307.jpg
dont agree with homosexuality but have friends who are homosexualnnThats like white person saying theyre racist but they have black,Hope_speech,Images_SD/SD_HS_0025.jpg
You all have to remember what Martin Luther King said have dream that my four little children will one day live in nation where they will not be judged by the color of their skin,Hope_speech,images/IHS_0487.jpg
never thought would but now Im biomedical engineer,Hope_speech,images/IHS_0073.jpg
Chirho Knight thanks to George soros,Non_hope_speech,images/INHS0424.jpg
Not really no Women in politics are important as well,Hope_speech,images/IHS_0555.jpg
Love Wins have always thought that grew up with her and her music Music today is auto tuned BS They call her old,Hope_speech,Images_SD/SD_HS_0470.jpg
Yall need to stop this whole shes young shell come out of the closet eventually sounds lot like every conversation an lgbt survivor has had,Hope_speech,Images_SD/SD_HS_0558.jpg
Steven TParker Is never wrong to have an inspiration to do something and everything can be for you if you like it and work hard And about this not being touchy feely subject it is for her different things mean different things for different people Maybe you dont care but you havent face the problems or fears she has,Hope_speech,images/IHS_0080.jpg
All humanity matters,Hope_speech,Images_SD/SD_HS_0273.jpg
When people are running for president or anything like that the Santa said whatever of course theyre going to say what you want to hear dont make us look dumb Bernie goofball all lives matter,Non_hope_speech,Images_SD/SD_NHS_0406.jpg
All lives cant matter if black lives dont :person shrugging:,Non_hope_speech,images/INHS0464.jpg
The things she says are truly inspiring It really feels like all of the engineering world has been constructed by old white men and is targeted towards old white men,Hope_speech,Images_SD/SD_HS_0270.jpg
Me too still think she is,Non_hope_speech,images_DE/DE_NHS_0109.jpg
FINALLY something positive,Hope_speech,images_DE/DE_HS_0436.jpg
work for tech company and recently conducted job interviews at local engineering school Less than 10 of the candidates were women As much as we support and strive for diversity in our company,Hope_speech,images_DE/DE_HS_0036.jpg
Its good that you got strict religious type to voice his opinion and he was polite about it Throwing abuse at people who think differently never works but with open discussion the more enlightened thinking often wins through,Hope_speech,images_DE/DE_HS_0206.jpg
dont watch things that doesnt interest me Why this world has to be so negative am praying and many others are as well Take care,Hope_speech,Images_SD/SD_HS_0460.jpg
im really amazed by his perseverance probably would have broken down and pretended to be straight just to get out of it,Hope_speech,images_DE/DE_HS_0495.jpg
She looks awful,Non_hope_speech,images/INHS0314.jpg
it doesnt matter what your family does when you want to make career for yourself what matters is what you can or will do youre in no better position then the one who comes from poor family and also wanting to be video game developer,Hope_speech,Images_SD/SD_HS_0116.jpg
Gonzalez Maybe look up the word inclusivity and realize your own hypocrisy in other parts of your life That is the premisse of the discussion in this video Inclusivity as opposed to favoritism,Non_hope_speech,images/INHS0192.jpg
started crying when she quoted the mom who said You can be anything So many people do not realize how important it actually is for girls to believe that,Hope_speech,Images_SD/SD_HS_0388.jpg
For judgmental comments like this Im ashamed to be part of the LGBT community,Non_hope_speech,images_DE/DE_NHS_0094.jpg
Take the passport of the protestors and kick them out of the country,Non_hope_speech,images_DE/DE_NHS_0120.jpg
love that you guys are coming at this from full heart and really trying to help children understand the new world that they live in today some people may be against us some people may be for it but whether youre against learning about the way the world actually works or not doesnt mean that the world doesnt still actually work and if your children are going to be productive people in our society then they should learn about our new society,Hope_speech,images/IHS_0566.jpg
She is sooo nice God bless her Love from Colombia,Hope_speech,Images_SD/SD_HS_0201.jpg
Thanx Britshere in the USA Philadelphiathe shameful statue of former thug mayor and police chief Frank Rizzo got taken down,Non_hope_speech,images_DE/DE_NHS_0508.jpg
There are lot of adults that could learn from these kids Great job parents,Hope_speech,Images_SD/SD_HS_0005.jpg
Check out video called Hate Crime HypocrisyLouder with Crowder It will give you all some much needed perspective,Non_hope_speech,images/INHS0225.jpg
Being girl is not just about pink color and dolls and homie stuffs It is more than that We all are equal Thanks for giving this wonderful speech and sharing ur thoughts with this world am really glad,Hope_speech,Images_SD/SD_HS_0370.jpg
really wish black loves matter was originally called all lives matter or something else at the end of the day the american constitution says all lives are equal regardless of race,Hope_speech,images/IHS_0029.jpg
Suffering He better apologise on his twitter account otherwise well cancel him for something he did near on 200years ago Some idiot,Non_hope_speech,Images_SD/SD_NHS_0450.jpg
My mom told me that if someone really believes in their religion that will except you for who you are not who you arnt,Hope_speech,Images_SD/SD_HS_0454.jpg
All lives matter includes every life,Hope_speech,Images_SD/SD_HS_0356.jpg
Everything goes as they planned,Non_hope_speech,images_DE/DE_NHS_0640.jpg
When you say all lives matter Youre including everyone They dont want to include everyone,Hope_speech,images/IHS_0381.jpg
Thank you for sharing such an inspiring story of yours am Filipina,Hope_speech,Images_SD/SD_HS_0246.jpg
Black lives matter is racist and delusional,Non_hope_speech,Images_SD/SD_NHS_0519.jpg
present are your parents homophobic my parents are,Non_hope_speech,Images_SD/SD_NHS_0327.jpg
am doing aerospace engineering am in my first yearTbh was little doubtful but this video inspired me alot Thanks,Hope_speech,Images_SD/SD_HS_0552.jpg
Saying All lives matter can be offensive for the same reason black lives matter can be offensive to some Black Lives Matter is an offensive saying because to some it insinuates that the majority of non blacks think that black lives dont matter and that the majority of non blacks are racist when there is absolutely no physical evidence to support that thought So obviously to non racist non black that is grossly offensive notion Now All Lives Matter can be offensive to some blacks because to them it insinuates that they only care about black lives and that theyre saying other lives dont matter when if you actually try comprehend their perspective,Hope_speech,images/IHS_0006.jpg
Very thankful hes okay and living his truth today,Hope_speech,images/IHS_0215.jpg
All Humans matter Whats with labeling color Dogs matter Cats matter Bees matter Trees matter Americans matter,Hope_speech,images/IHS_0242.jpg
the boy asking for tips on how to be good friend for his friend Im crying omg,Hope_speech,images_DE/DE_HS_0185.jpg
Im currently working towards my bachelors in engineering Im female and not the smartest,Hope_speech,images_DE/DE_HS_0141.jpg
dude serious Theres people watching videos about innocent Muslims living their daily lives but yet there are those western comments hating on them and calling them terrorists somehow those people deserve more positive attention than LGBT since innocent muslims are getting killed nJust an example on how stupid your comment was,Hope_speech,Images_SD/SD_HS_0265.jpg
Brown So Im not good person because teach Gods word and have been kind to everyone here am genuine and have shown that throughout this entire thread You didnt say word,Non_hope_speech,Images_SD/SD_NHS_0381.jpg
guess the blacks killed on the 4th of July dont matter because they werent killed by white police,Non_hope_speech,images/INHS0623.jpg
To say black lives matter is divisive To say all lives matter is inclusive,Hope_speech,images/IHS_0408.jpg
was humiliated and bullied by others who believe they have sharp features but believe am beautiful even though dont have sharp features,Hope_speech,images/IHS_0171.jpg
Which one is annie,Non_hope_speech,images_DE/DE_NHS_0253.jpg
god gave us choice my choice is to love :pleading face:,Hope_speech,images/IHS_0601.jpg
Thats rare motherson scenario,Non_hope_speech,Images_SD/SD_NHS_0328.jpg
is Lord Savior Because pointing gun at the belly of pregnant woman while robbing her house is totally minor matter,Non_hope_speech,Images_SD/SD_NHS_0266.jpg
this woman changed my life,Non_hope_speech,Images_SD/SD_NHS_0033.jpg
If she comes out at this point it must be choice nnjk annie we all support you no matter what,Hope_speech,Images_SD/SD_HS_0496.jpg
from djibouti that was great but you had courage to achieve your aim,Hope_speech,images_DE/DE_HS_0283.jpg
Po what you just wrote and said in black and white is called contradictionary hypocrite:rolling on the floor laughing::rolling on the floor laughing:,Non_hope_speech,images/INHS0333.jpg
Annie think her name is she out here with buzz cut,Non_hope_speech,Images_SD/SD_NHS_0131.jpg
This video isnt about rights Its about stopping the cultural idea that women cannot go into STEM because its perceived as masculine profession lot of female classmates grew up with wer told constantly that girls cant do math Its cultural issue,Hope_speech,Images_SD/SD_HS_0222.jpg
Im about to start my career in civil engineering in few months you can do it,Hope_speech,images_DE/DE_HS_0153.jpg
Yes like theres no differences We are all humans,Hope_speech,images_DE/DE_HS_0208.jpg
No one ever said only black lives matter,Non_hope_speech,images/INHS0597.jpg
Wow didnt realise her kind of music could have that impact was fan when was younger,Hope_speech,images_DE/DE_HS_0009.jpg
All lives matter for SURE Everyone is equal,Hope_speech,images_DE/DE_HS_0086.jpg
Candra Rakhmasari nYES using religion to abuse someone and take away their rites goes against the golden rule Do onto others as you want done to you It goes against peace when treating people with hate It makes me so mad when people use religion to abuse other people,Hope_speech,Images_SD/SD_HS_0559.jpg
Yesterday was the day just received my results and were accepted to the bigger institute of engineering of my country nThan here started the critics of my family and teachers what Youre girl Go and study medical science and leave engineering for boys Youre crazy You just lost your good grades for engineering while you could study biology of become doctor Why this speech helped me so much to realize that yes its possible to succed in engineering EVEN IF Im girl,Hope_speech,Images_SD/SD_HS_0368.jpg
do even understand what ALM is meant for,Non_hope_speech,images/INHS0591.jpg
totally agree One of my old classmates came out as trans and pan,Hope_speech,images/IHS_0294.jpg
wish that people werent so heartless She truly is an advocate for bettering the lives of others just wish that the so many lives were never taken away,Hope_speech,images_DE/DE_HS_0082.jpg
This whole conversion therapy thing is messed up It makes all Christians look like terrible people even though God says to love everyone,Hope_speech,Images_SD/SD_HS_0466.jpg
Rahi Da Silva you straight up took the words out my mouth brother Thanks brother,Non_hope_speech,Images_SD/SD_NHS_0224.jpg
Is this more of problem in the west Because if you visit other countries there are many female engineers and science majors,Hope_speech,Images_SD/SD_HS_0066.jpg
very true Jesus said greatest of these is love,Hope_speech,images/IHS_0082.jpg
Both Madonna and Elizabeth Taylor never turned their backs on the gaysnThey were both very involved with support for research from the very beginning of the AIDS crisis,Hope_speech,images_DE/DE_HS_0366.jpg
Why cant you say all lives matter but you can say black lives matter thats bit selfish,Hope_speech,Images_SD/SD_HS_0007.jpg
dont get it These groups that conduct conversion therapy under the guise of religion are the biggest sinners there,Non_hope_speech,images_DE/DE_NHS_0552.jpg
Robots Player He did not shoot her but he threatened to,Non_hope_speech,Images_SD/SD_NHS_0543.jpg
Im helluva engineer and the fact that am an attractive female means nothing You cheapen the degree by isolating women from men graduated from GT in 1988 It was,Hope_speech,Images_SD/SD_HS_0181.jpg
Career choices depend on personality differences and result in differences in interest Women have different personalities than men and therefore they choose careers based around people 60 of the time Men choose careers based around things 60 of the time Its biology not culture If woman feels like she doesnt fit in ANYWHERE,Hope_speech,images/IHS_0005.jpg
Id even go as far as to say all people who wants to go into any kind of STEM should watch this While it is mainly about getting girls into engineering,Hope_speech,images/IHS_0629.jpg
You have to surround with the right people,Non_hope_speech,images_DE/DE_NHS_0004.jpg
All lives matter includes black lives,Hope_speech,images_DE/DE_HS_0620.jpg
hope this changes,Hope_speech,images_DE/DE_HS_0578.jpg
All lives matter to JesusI will side with the Lord,Hope_speech,Images_SD/SD_HS_0427.jpg
Russians in Ukraine were burned,Non_hope_speech,images_DE/DE_NHS_0018.jpg
Crystal is so mature She asks good questions AND SHES WHOVIAN TOO This child is being raised right,Non_hope_speech,images_DE/DE_NHS_0207.jpg
Now if you say any other races lifes matter youre racist have lot of white privilege,Non_hope_speech,images/INHS0246.jpg
Sasha Dumse he also told humans to love each other,Hope_speech,images/IHS_0509.jpg
wow this really got to me Im female in highschool who is extremely interested in engineering and science,Hope_speech,images/IHS_0188.jpg
Pritchard not true,Non_hope_speech,Images_SD/SD_NHS_0595.jpg
Beautiful interview She has done so much for the LGBTQ community over her 35year music career This was such genuine and heartfelt interview What beautiful person she is,Hope_speech,Images_SD/SD_HS_0006.jpg
Im studying to be civil engineerhope succeed,Hope_speech,images_DE/DE_HS_0410.jpg
My friend came out of the closet to me,Hope_speech,images/IHS_0631.jpg
proud of you GOOD LUCK,Hope_speech,images/IHS_0449.jpg
Dont worry She actually came out as bi few weeks later,Non_hope_speech,images/INHS0165.jpg
Come to Venezuela and watch how the system you want prevails,Non_hope_speech,images_DE/DE_NHS_0090.jpg
If you dont want kids to understand what other people have gone through then dont watch and its not brainwashing its telling kids whats wrong with religious people who take it to seriously,Hope_speech,Images_SD/SD_HS_0015.jpg
If you say All lives matter,Hope_speech,images_DE/DE_HS_0546.jpg
All of the topics were very interestingA mis amigos LatinosHispanos,Non_hope_speech,Images_SD/SD_NHS_0583.jpg
They say they want everyone to be equal,Hope_speech,images/IHS_0347.jpg
Homosexuality is not choice just like your race,Hope_speech,images_DE/DE_HS_0449.jpg
If so many people hate racism,Hope_speech,images_DE/DE_HS_0037.jpg
IM canadian here whe hate racist nBLM is racist movement who support fascisme,Non_hope_speech,images_DE/DE_NHS_0602.jpg
Such passionate woman She is so under appreciated One day shell be gone,Non_hope_speech,Images_SD/SD_NHS_0234.jpg
Black lives matter Im white person but are you know that black people are still good just because we have different skin color doesnt mean people everybodys people on this planet,Hope_speech,Images_SD/SD_HS_0108.jpg
God gave us choice My choice is to love,Hope_speech,images/IHS_0533.jpg
Liberalism is thinking problem,Non_hope_speech,images_DE/DE_NHS_0238.jpg
Its ridiculous to believe all lives do not Matter JESUS died on the cross for we are all Gods Children,Non_hope_speech,Images_SD/SD_NHS_0302.jpg
cannot breathe they will be crying when they are icu with covid in weeks Disgusting twats,Non_hope_speech,images/INHS0140.jpg
April what virus is this where now the people like yourself want to see everything turned to ruins,Non_hope_speech,images_DE/DE_NHS_0319.jpg
She has old lady voice,Non_hope_speech,Images_SD/SD_NHS_0524.jpg
Its racist to say black lives matter its correct to say all lives matter nBlack people are not the only race that has poverty what about all other races if you are minority you get free stuff like government assistance free school opportunities if you are Caucasian and poor to bad theres no help for you maybe we should take look at that,Hope_speech,images/IHS_0091.jpg
am Christian and God did not teach teach us to not love someone because of there sexuality he thought to love everyone and show kindness,Hope_speech,images_DE/DE_HS_0260.jpg
That man is so incredibly strongi was moved Thanks,Hope_speech,images_DE/DE_HS_0055.jpg
Change equals ChallengenThis woman has delivered thousands of quick and witty lines over the past four decadesnBut,Non_hope_speech,images/INHS0327.jpg
Bennion have you seen him or talked to him lately or are you just reffering to the character named god in those fantasy books that were written in time where you could have child as your wife and everybody thought we are the center of the universe,Non_hope_speech,Images_SD/SD_NHS_0059.jpg
We were all made in Gods image All lives matter,Hope_speech,images/IHS_0550.jpg
One race matters is destructive thinking American is melting pot built on blood,Non_hope_speech,images/INHS0461.jpg
Someone just fortnite danced down the street and think it is fair to say it deserves to be euthanised,Non_hope_speech,images/INHS0399.jpg
Skrezo Loving the same gender is sin Then good chunk of the population is sinner There is nothing wrong with being LGBTQ,Hope_speech,Images_SD/SD_HS_0336.jpg
senator Sanders is not only ignorant,Non_hope_speech,images/INHS0121.jpg
have but one disagreement dear Sherrif,Non_hope_speech,images/INHS0215.jpg
kolb invite you to review the dictionary definition of brought,Non_hope_speech,Images_SD/SD_NHS_0358.jpg
All lives matter have all race in my family So sad Jesus loves us all the same and so should you,Hope_speech,Images_SD/SD_HS_0111.jpg
how can the girl who disagrees with homosexuality look like the biggest lesbian ive ever seen,Non_hope_speech,images/INHS0026.jpg
ALL LIVES WONT MATTER,Non_hope_speech,images_DE/DE_NHS_0285.jpg
Can people please stop saying Annie should come out of the closet or she is in for rude awakening Like really guys Dont judge her off of her appearance You are going off of stereotypes,Hope_speech,Images_SD/SD_HS_0283.jpg
Stratford thats ur porogative Not my problem at least dont have to look at it any more more to the point like said talk is talk the council dilly dallied while protestor done the job for them no charge,Non_hope_speech,images_DE/DE_NHS_0160.jpg
You can do it girl Keep going with your Engineering degree,Hope_speech,images/IHS_0394.jpg
The fact is that racism points fingers in All directions There are both good and bad people of all cultures and nationalities To say ALL LIVES MATTER does NOT exclude African Americans It would be constructive peaceful way of bringing us ALL as equals Now ALL LIVES MATTER would promote putting an end to racism once and for all,Hope_speech,Images_SD/SD_HS_0577.jpg
Garcia HY Pocnsy noun the parctice of claiming to have moral standards or beliefs to which ones own behavior does not conform pretense OG arrington back to the study with respect,Non_hope_speech,images/INHS0104.jpg
WHEN SEE PEOPLE WITH SHIRT ON THAT SAYS BLACK LIVES MATTERI THINK WHO TOLD THEM THEY DONT MATTER MATTER,Non_hope_speech,images_DE/DE_NHS_0282.jpg
How is it not,Non_hope_speech,images/INHS0575.jpg
Srbin :rolling on the floor laughing: Why dont you stick to European Afairs and dont worry about what like and dislike :thinking face: Last time checked in was Caucasians from Europe that brought many people from Africa We did not ask to come here Why dont you go to Mexico,Non_hope_speech,images_DE/DE_NHS_0013.jpg
All lives matterwell,Hope_speech,Images_SD/SD_HS_0209.jpg
Xx You know what This response is kinda cool am not going to shame you for what for you believe because you have your own history and experience People are trying to engage and we can respectfully disagree Having respectful discussions is the point think people want to talk rather than argue to prove they are right at this point The slogan is supposed to be divisive to get people to talk,Hope_speech,Images_SD/SD_HS_0217.jpg
know there is some sexism in the workforce and there is no doubt about that But the thing that hate is that these people are basically saying with all these stupid percentages that men need to change and help women into engineering and men are the problem that there arent really any women in that field And that is completely wrong the main reason that there arent any women in engineering is because women just dont choose to go into that line of work its as simple as that,Hope_speech,Images_SD/SD_HS_0585.jpg
Statistics are statistics An engineer DEFINITELY knows that One should be empowered by the fact that they are going against the norm Not dethroned But thats just my thoughts on the matternHowever wouldnt say this is rampant sexism Although Im just glad no one used fucking buzzwords like misogyny or bigots and other feminist bullshit They exclusively talked about their experiences rather than pushing some feminist agendannThis wouldnt have been disliked so much if it wasnt for the fact that the title and face of the video initial reaction,Non_hope_speech,images/INHS0236.jpg
Im an LGBTQ kid dont know if Im bi or lesbian,Hope_speech,Images_SD/SD_HS_0646.jpg
Leftist liberals are biggest intolerant and shameless peoples,Non_hope_speech,images/INHS0533.jpg
WE ALL ALLLLLLLLLLLLL HELLO ALLLLLLMATTERS IN GODS EYES GODS EYES ARE ON YOU THREE MENS AND THE WORLD EVEN ME HELLOPRAY,Hope_speech,images/IHS_0050.jpg
Dont embrace either side,Non_hope_speech,images_DE/DE_NHS_0629.jpg
We all bleed the same,Hope_speech,images/IHS_0451.jpg
Why is it wrong say Eitherboth are rightnIF ALL lives matterthen Black Lives Matterwhat is the discussion,Hope_speech,images/IHS_0606.jpg
100 this They know nothing,Non_hope_speech,Images_SD/SD_NHS_0106.jpg
It is absolutely cultural issue What great speech,Hope_speech,Images_SD/SD_HS_0530.jpg
Aaliyah Yusuf nHave that same energy when asians were getting attacked by racist ppl,Non_hope_speech,images/INHS0607.jpg
im lesbian am 19 right now and just got out of Conversion Therapy month ago it was pure abuse say its no fun they didnt hit me with bible but they have me in locked room with nothing in it like was insane and read the bible on loud speaker and not feed me dont see how this is allowed they throw holy water in my face and say came from the devil and here am out of Conversion Therapy still lesbian wish they new they didnt change me,Hope_speech,images_DE/DE_HS_0151.jpg
This was honestly exactly what needed at this moment Im currently in my first year of mechatronic engineering,Hope_speech,images_DE/DE_HS_0128.jpg
This is amazing and wish this kind of toy was around when was young Its important for us all to not pigeon hole kids according to their gender or race wish you many more successes and,Hope_speech,images/IHS_0529.jpg
Atheism is Unstoppable,Hope_speech,images_DE/DE_HS_0077.jpg
Men are feminin too Somebody lied to all of us smh,Non_hope_speech,Images_SD/SD_NHS_0333.jpg
Is User hrnnngngggggn marxist nsdhjdbdkdhdknnanyways the looting has mostly stopped as they have now gotten much more organizednnthe protestors have also made wishes to not be violent,Non_hope_speech,Images_SD/SD_NHS_0454.jpg
Dont worry if people dont like who you are They are still struggling to even like themselves Hate and resentment towards other people is like taking poison and expecting the other to die,Hope_speech,images/IHS_0515.jpg
We may look different and come from everywhere,Non_hope_speech,images_DE/DE_NHS_0068.jpg
Lets push more women into STEM like Elizabeth Holmes,Hope_speech,images/IHS_0535.jpg
In third world countries males make money and feed their family mostly not women Its the system where males are the head of family and works for the family,Hope_speech,images/IHS_0573.jpg
Its very special to understand the real meaning of life This flower is for madonna,Hope_speech,images_DE/DE_HS_0580.jpg
you can think whatever you want but in my opinion theres two sides to your thoughts on people in the lgbtq community,Non_hope_speech,images_DE/DE_NHS_0634.jpg
get them out of the country they are destroying history,Non_hope_speech,Images_SD/SD_NHS_0288.jpg
Just think in hundreds of years time someone will find this and maybe think is this what humans were like back in the 2020s,Non_hope_speech,images_DE/DE_NHS_0638.jpg
they are protecting and defending all our human rights,Non_hope_speech,images_DE/DE_NHS_0022.jpg
Sheila Makena when not agreeing with someone leads to crimes against the lgbtq people such as conversion therapy It is in fact being homophobic,Hope_speech,images_DE/DE_HS_0537.jpg
OMG love Crystals innocence She is such sweet kid,Hope_speech,images/IHS_0056.jpg
Parsons Whites have never faked crime against them when it comes to non Whites Thats definite lie,Non_hope_speech,images_DE/DE_NHS_0076.jpg
Feel bad for these kids,Non_hope_speech,images/INHS0414.jpg
also big words dont make sounds smart m8,Non_hope_speech,images/INHS0371.jpg
Nevermind they dont need to change they are born that way there is nothing wrong with it LGBT have been present for all time religion created by man is what unnecessarily criminalizes it would you advocate proselytization Converting gays never possible is just as despicable,Hope_speech,images/IHS_0632.jpg
All lives matter Period end of sentence,Hope_speech,images_DE/DE_HS_0504.jpg
More men should be teachers and nurses It should be 5050,Hope_speech,images/IHS_0420.jpg
Crystal never ceases to amaze me Its good to see her again,Non_hope_speech,images_DE/DE_NHS_0401.jpg
TheCounterpointer Why isnt it possible for our society to focus on broadening horizons for women AND helping boys get through the educational grindhousennI think our educational system could be vastly improved,Hope_speech,images/IHS_0570.jpg
Man Im black and disagree with black lives matter But think all lives matter man,Non_hope_speech,images/INHS0508.jpg
ALL LIVES MATTER not just the few,Non_hope_speech,images_DE/DE_NHS_0093.jpg
as swede hearing tj trying to pronounce swedish words was laughing my ass of,Non_hope_speech,Images_SD/SD_NHS_0063.jpg
Wow The plantation owners have really gotten the slaves fighting for them,Non_hope_speech,Images_SD/SD_NHS_0128.jpg
Stone Agreed She really should have gotten it first Bill Clinton certainly did advocate for LGBTQ rights but not until much later Madonna was doing it long before it was fashionable,Hope_speech,Images_SD/SD_HS_0068.jpg
Bernie sanders using black people for political points,Non_hope_speech,images_DE/DE_NHS_0281.jpg
hate all people who cant see past the colour of anyone cant imagine what there family are going through but do think that people should think first We are in global pandemic at the moment the people involved will get whats coming to them but STOP the rallies till the end of the pandemic its still spreading stay home and stay safe,Hope_speech,images/IHS_0475.jpg
If youre 25 and youve been straight all your life,Non_hope_speech,Images_SD/SD_NHS_0620.jpg
Didnt God created us all equal That means we are all matter Oh now its their word against Gods,Non_hope_speech,images_DE/DE_NHS_0633.jpg
It smells like which lives matter MORE dispute,Non_hope_speech,images_DE/DE_NHS_0528.jpg
Assuming other peoples sexuality and preferences and acting as if it something you cant help to do is being judgemental,Hope_speech,images/IHS_0367.jpg
Im here to break all kinds of stereotypes Im freshman engineer major JESUS IS GOOD,Hope_speech,images_DE/DE_HS_0561.jpg
The interviewer is bit too adulatory,Non_hope_speech,images/INHS0431.jpg
This was extremely inspiring,Hope_speech,Images_SD/SD_HS_0575.jpg
What an inspiring talk not just for engineers or aspiring engineers,Hope_speech,images_DE/DE_HS_0616.jpg
used to chant ALL Lives Matter until black edumuhcated me,Non_hope_speech,images_DE/DE_NHS_0563.jpg
ALL LIVES MATTER no one person or race is better than everyone else Truth,Hope_speech,images/IHS_0597.jpg
This shits mad weird you shouldnt be teaching kids about this kind of stuff kids arent sexual so you shouldnt teach kids about it,Non_hope_speech,images/INHS0611.jpg
ALL lives matter That includes all babys Jesus help this world,Hope_speech,images/IHS_0386.jpg
year later and hope you are fulfilling your dream 3nI reported comment and truly hope you had not seen the remark,Hope_speech,images_DE/DE_HS_0516.jpg
God Bless all the Police risking their lives everyday,Non_hope_speech,Images_SD/SD_NHS_0465.jpg
Carol Danvers Physically they are VERY different Sorry but nature is real do agree though that engineering has nothing to do with weather its men or women,Hope_speech,images/IHS_0558.jpg
Im stunned by the number of sexist comments by males here Whats more interesting to me is why so many males are insecure about the fact that women are entering the field of engineering This isnt war what are you so afraid of That your masculinityintelligence is under attack Well,Hope_speech,images_DE/DE_HS_0560.jpg
Why shes dressed like MICHAEL JACKSON,Non_hope_speech,images/INHS0118.jpg
Whatever happened to Coronavirus Remember how governments and the elites told us to stay at home and not gather in large groups because of this Deadly Virus Now the same Elites are supporting this large groups of people gathering and some dont even speak out against This nHypocrisy,Hope_speech,Images_SD/SD_HS_0183.jpg
they want special treatment its in their makeup They THINK theyre SPECIAL,Non_hope_speech,images/INHS0478.jpg
Have you become that strong smart woman in suits designing beautiful constructions visiting the site and giving instructions to the workers yet,Hope_speech,images/IHS_0254.jpg
She is rare species Both engineer and so beautiful,Hope_speech,images_DE/DE_HS_0130.jpg
Some1 seriously,Non_hope_speech,images_DE/DE_NHS_0154.jpg
This is the beginning of ww3 its gonna be white people against everyone else in their own lands,Non_hope_speech,images_DE/DE_NHS_0025.jpg
am black too and completely agree we are all humans and every single life is important not one is more more important than the other otherwise that is just racist and making the issue worse not better,Hope_speech,images_DE/DE_HS_0198.jpg
Well she was fighting for us in the mainstream media when no one was,Hope_speech,Images_SD/SD_HS_0604.jpg
when was young always took my brothers legos and cars and built things hated barbie dolls never have felt like the other girls am really considering engineering always threw the dolls and such away think im finally realizing this field exists Thanks to women like you,Hope_speech,images_DE/DE_HS_0311.jpg
Black lives never mattered in the amerikkka thats why its being said kinda obvious right,Non_hope_speech,Images_SD/SD_NHS_0637.jpg
BLM WE FIGHT AGAINST RACISM Ok when you gonna talk about racism towards AsiansWhitesLatinos,Non_hope_speech,images_DE/DE_NHS_0546.jpg
All lives matter and will never kneel to anybody except God,Hope_speech,images_DE/DE_HS_0599.jpg
Do you know the truth Omg thank YOU nnIM NOT THE ONLY ONE,Non_hope_speech,images_DE/DE_NHS_0280.jpg
Dont listen to the people who are trying to bring you down If gaming scientist doesnt exist,Hope_speech,images_DE/DE_HS_0405.jpg
The council should have went also,Non_hope_speech,images/INHS0241.jpg
My gaydar went off as soon as she came on screen,Non_hope_speech,Images_SD/SD_NHS_0205.jpg
always wanted to be in stem so is my brother,Hope_speech,images_DE/DE_HS_0347.jpg
this woman is pioneer and love her endlessly for all of her work towards helping the LGBTQIA community and certainly women,Hope_speech,images_DE/DE_HS_0155.jpg
Yes Black lives matter but anti American socialism should have no part or say in the future of true Bible believing black Americans or their children and thei families Take care,Hope_speech,Images_SD/SD_HS_0142.jpg
Its all just absolute rioting heavyhanded craziness This man also in the majority of his time gave lot of money to the city including building schools and hospitals for Bristol Tearing down the statue is not going to change the fact that city is better that he was there than not at all,Non_hope_speech,images_DE/DE_NHS_0367.jpg
wont be fun with the big fines or even prison sentences the clowns are all on film,Non_hope_speech,images_DE/DE_NHS_0510.jpg
this is what call an inspiring video good for you girl im ordering one of your toys,Hope_speech,Images_SD/SD_HS_0182.jpg
TheLegend27 Is Alive Shes definitely lesbian,Non_hope_speech,images_DE/DE_NHS_0290.jpg
dont see how saying give it few years or whatever is any better than telling lgbtq person that its just phase,Non_hope_speech,images/INHS0419.jpg
Just ignore racism Dude please educate yourself,Hope_speech,images_DE/DE_HS_0448.jpg
That is absolutely contradiction though Apples are real But you cant disagree with apples Homosexuality is real And you cant disagree with it,Hope_speech,Images_SD/SD_HS_0093.jpg
Larry Elder is the man,Non_hope_speech,images_DE/DE_NHS_0117.jpg
My entire school is the LGBTQ kid,Non_hope_speech,images_DE/DE_NHS_0131.jpg
Anyone care to guess how many police officers are killed by blacks every year,Non_hope_speech,images_DE/DE_NHS_0033.jpg
youre on the money,Non_hope_speech,images/INHS0110.jpg
LEEPER nothing was sexual in the discussion It was all about man who has been mistreated for being who he isnHave you noticed that none of the kids being uncomfortable They were discussing with an adult about bad thing that still happens In fact,Hope_speech,images/IHS_0538.jpg
know that was so sweet of the boy to to say hope he knows is good person,Hope_speech,images_DE/DE_HS_0152.jpg
Madonna has always made the world better place,Non_hope_speech,images_DE/DE_NHS_0551.jpg
All lives are what you make of them We are all born and we will all die,Hope_speech,images/IHS_0428.jpg
Stop treating people of different races differently and demanding bias in favor of certain races Duh,Hope_speech,Images_SD/SD_HS_0644.jpg
this is disgusting these protestors should be shot but instead the media celebrate these racist black rioters itsokaytobewhite,Non_hope_speech,Images_SD/SD_NHS_0633.jpg
Its gone full circle like an Ouroboros for these SJWs,Non_hope_speech,images_DE/DE_NHS_0199.jpg
Did you not watch the video lolnnWhat the fuck is up with you people who dont watch the video SHES FUCKING ENGINEER so its NOT IMPOSSIBLE BECAUSE SHE ALREADY IS ONE swear youd only think something was impossible if no one has ever done it,Hope_speech,images/IHS_0037.jpg
Omg Im first year chemical engineering student too Its real tough work sometimes wonder if im making all thr right choices because college was so harsh thought was doing academically fine until my grades and performance proved me wrong lost lot of faith in me and everyday dread going to uni bc fear itll be just the same old failures of yesterdays But even if nothings making sense anymore just keep on pushing and doing my thing No matter how depressing and lonely it gets,Hope_speech,images_DE/DE_HS_0084.jpg
And 14 and like cars,Non_hope_speech,images_DE/DE_NHS_0129.jpg
Well Democrats supported Obama,Non_hope_speech,Images_SD/SD_NHS_0568.jpg
IT IS NOT BOYS CLUBSOME ENGINEERS ARE FEMALE,Hope_speech,Images_SD/SD_HS_0031.jpg
God gave us choice and choose to love so powerful Sadly not all Christians think like this,Hope_speech,Images_SD/SD_HS_0348.jpg
GOD GAVE ME THE CHOICE TO LOVE child is teaching us,Hope_speech,images/IHS_0589.jpg
Im currently in college pursuing an electrical engineering degree have the same feelings am constantly doubting my self It always seems like everyone else in class is understanding except me try so hard and barely make it wonder if Im just setting my self up for failure Like what am doing to myself Is this worth it in the end Will make it to the end This video really touched me and made me understand that we can do this So what if we are the only girls So what if we dont do it right the first time Lets keep going and not give up,Hope_speech,images_DE/DE_HS_0606.jpg
Realism vs feelings propagandamost people prefer the last one This is why almost nobody gives damn about real issues like Hong Kong,Non_hope_speech,Images_SD/SD_NHS_0395.jpg
As an American,Non_hope_speech,Images_SD/SD_NHS_0388.jpg
sin Gurllllll Everyone sins,Non_hope_speech,images_DE/DE_NHS_0632.jpg
No It is only in your country,Non_hope_speech,images_DE/DE_NHS_0521.jpg
No one is trying to change the past,Non_hope_speech,Images_SD/SD_NHS_0522.jpg
She said in the video that only 11 percent of engineers are female,Non_hope_speech,images_DE/DE_NHS_0489.jpg
Yeah it seems like that kid learned lot from this,Non_hope_speech,images_DE/DE_NHS_0537.jpg
ALL LIVES MATTERS WETHER YOU ARE BLACK WHITE BROWN BLUE YELLOW ALL HUMANS LIVES MATTER IN THE SIGHT OF GOD CHRIST SHALOM,Hope_speech,images_DE/DE_HS_0517.jpg
started crying without even noticing watching this ted talk One day will be an engineer too,Hope_speech,Images_SD/SD_HS_0138.jpg
all lives matter isnt discriminating along racial lines,Hope_speech,Images_SD/SD_HS_0232.jpg
Its really sad racist with what is going on Our cities have been destroyed All keep hearing is how much the small black businesses have suffered To me it says White ppl dont care if George Floyd would have been white,Non_hope_speech,images/INHS0208.jpg
was being sarcasticnIm far from wanting to see anything in ruins nIm full of sorrow Nye Bevan spinning in his gravenAnd we should put our trust in Boris Johnson,Non_hope_speech,images/INHS0604.jpg
Why is it that the hundreds of thousands of black infants whose lives were terminated thru abortion werent important Why Again,Non_hope_speech,images_DE/DE_NHS_0198.jpg
Eric Miner Depends in the program There are some that is specific time frame and others that are like institutional places They send them to live there until they are cured,Non_hope_speech,Images_SD/SD_NHS_0418.jpg
how can you disrespect your own body It is YOURS,Non_hope_speech,images/INHS0488.jpg
Fake newsnSo if we all went out to lunch and the black guy didnt get his food ALLLIVESMATTERnGet it,Non_hope_speech,images_DE/DE_NHS_0509.jpg
God gave us choicennnMy choice is to lovennnnnI teared up man,Hope_speech,images/IHS_0613.jpg
Djelloul Because its immoral,Non_hope_speech,Images_SD/SD_NHS_0434.jpg
How When Soros is behind is behind all of this Black people are getting played,Non_hope_speech,images/INHS0619.jpg
teared up watching this think Debbies story is just so incredibly inspirational She is an incredible role model not only to the little girls she reaches through GoldieBlox,Hope_speech,images_DE/DE_HS_0399.jpg
youre so amazing im an engineer too and im spending the same moments like you now because of our culture in Egypt and just have the same thoughts thanks lot for doing such great thing,Hope_speech,images/IHS_0266.jpg
that would just be uh pure mean so cute,Hope_speech,images_DE/DE_HS_0197.jpg
To say black lives matter is to say that one race is worth more than another Racism in its basic form is the belief that one race is better than or more superior You put color on what matters and you are racist BLM is just another attempt at political prostitutes trying to find new Johns,Hope_speech,images/IHS_0139.jpg
This is amazing found my passion for engineering with GoldieBlox Boredom one night led me to this TED Talk and now its clear that whatever shes doing is working,Hope_speech,images/IHS_0568.jpg
WHOA THIS INTERVIEW IS EPICMADONNA AND THE JOURNALIST ON POINT,Non_hope_speech,images/INHS0153.jpg
Sunshine littlephilly honey but thought god loved everyone equally,Non_hope_speech,images_DE/DE_NHS_0539.jpg
And women in engineering are perfectly competent agree,Hope_speech,Images_SD/SD_HS_0407.jpg
We cant change the past we can only change the future,Non_hope_speech,images_DE/DE_NHS_0289.jpg
Dumse Clearly he also made the man and man to love each other and female and female to love each other,Hope_speech,images_DE/DE_HS_0264.jpg
Every life matters including the unborn,Hope_speech,images/IHS_0524.jpg
No Priti Colson was disgraceful He now is where he belongs in the mud His statue was disgrace,Non_hope_speech,images_DE/DE_NHS_0052.jpg
Comiskey dont feel like we need reparations We lost war Part of my tribes treaty is that there will be peace as long as we dont have standing military force It happened in the past and feel like it turned out better than ot could have since most losing nations are the ones that have to pay reparations after wars Now if the US broke up and there was war again or with another tribe then would think the winners would get the spoils,Non_hope_speech,images/INHS0308.jpg
World You ought to know by now,Non_hope_speech,Images_SD/SD_NHS_0432.jpg
Jesus died on the cross for all of us,Hope_speech,Images_SD/SD_HS_0587.jpg
ALL LIVES MATTER Any thing else is racist,Hope_speech,Images_SD/SD_HS_0603.jpg
Tad that story doesnt make any sense Grow up,Non_hope_speech,images_DE/DE_NHS_0383.jpg
Lynn We come from different countries Youve obviously been brainwashed by socialism used to think the same way,Non_hope_speech,Images_SD/SD_NHS_0535.jpg
Women dont get funny looks when talking to other peoples kids,Non_hope_speech,images/INHS0486.jpg
Madonna sounds touched,Non_hope_speech,images/INHS0248.jpg
Hunter WilliamsFoust yea wait till you face up to an MMA boxer see what you say then,Non_hope_speech,images_DE/DE_NHS_0380.jpg
She has really interesting life story and shes funny,Hope_speech,images/IHS_0339.jpg
agree that blacks have been treated poorly in the past and to lesser extent,Non_hope_speech,Images_SD/SD_NHS_0366.jpg
That boy in the gray shirt is literally smarter than the majority of adults,Non_hope_speech,images/INHS0112.jpg
Are we going to destroy George Washington statue too since he was slave owner,Non_hope_speech,images/INHS0264.jpg
This is very inspiring Im actually hesitating on taking engineering Not only because grew up thinking its for boys only but also because dont even know what engineers do Thank you for this Now,Hope_speech,images/IHS_0113.jpg
think ALL LIVES MATTER,Hope_speech,images_DE/DE_HS_0213.jpg
niether do you you come out her,Non_hope_speech,images/INHS0107.jpg
No offense but dont think LGBTQ has any thing to do with personality,Non_hope_speech,Images_SD/SD_NHS_0007.jpg
She looks great Greets from Chile,Non_hope_speech,images/INHS0001.jpg
Are you fcking high Brainwashed drone,Non_hope_speech,Images_SD/SD_NHS_0127.jpg
Everyone here is so worldly Having red hair is not sin and will not send you to hell There is no scriptures in the bible,Non_hope_speech,images/INHS0514.jpg
Actually my best friend is bi and she is in love with my other friend and shes pretty so see why she likes her,Hope_speech,images/IHS_0129.jpg
The whole Hands Up,Non_hope_speech,images_DE/DE_NHS_0269.jpg
E92Dave is what your comment is,Hope_speech,images/IHS_0101.jpg
My husband is male nurse,Hope_speech,Images_SD/SD_HS_0034.jpg
All people equalnNo special interestnStop the panderingnFollow the constitutionnProsecute criminals including bad cops,Hope_speech,images_DE/DE_HS_0042.jpg
hope you are getting support,Hope_speech,images_DE/DE_HS_0100.jpg
They have no clue,Non_hope_speech,Images_SD/SD_NHS_0416.jpg
Engineering drawing has me that way too,Hope_speech,images/IHS_0013.jpg
will never raise my son to be racist Those who embrace life know what the true answer isnShame on those who think one race is more important than another,Non_hope_speech,images_DE/DE_NHS_0351.jpg
hope he helps her come out of the closet,Hope_speech,Images_SD/SD_HS_0280.jpg
She saves lives with her music,Hope_speech,images/IHS_0438.jpg
we would have alot more food people that actually work to pay there food,Non_hope_speech,images_DE/DE_NHS_0079.jpg
John2G they dont change your sexuality but they can make you hate it enough to repress it and force yourself to be straight,Non_hope_speech,images_DE/DE_NHS_0262.jpg
AND NOW DEMS ARE SO DESPERATE LOOK AT WHAT THEY AND BLM AND ANTIFA ARE DOING NOW,Non_hope_speech,images_DE/DE_NHS_0058.jpg
All lives matter and at the same time criminals should be dealt with as per the law,Hope_speech,images_DE/DE_HS_0487.jpg
Its not something you can disagree with LGBTQ people exist Thats like saying you disagree with being Asian,Hope_speech,images_DE/DE_HS_0289.jpg
Tommy Qreusse nI dont quite agree Racism is not being pushed think that the ideal of racial equality under the law stands firm This has sound basis in the Word of God,Non_hope_speech,images/INHS0535.jpg
please dont give up its worth it,Hope_speech,images_DE/DE_HS_0154.jpg
its nothing about racismits about people who want to do work for theyre living and those who wants everything to come free crime doesnt pay is the lesson from this but people turns now it around and whine about every hammeroid that they got from sitting their whole life this is sick shit and so fucked up,Non_hope_speech,Images_SD/SD_NHS_0125.jpg
Paul lol heshe has yet to show us this false info,Non_hope_speech,images/INHS0201.jpg
Im female first year engineering student in South Africa and struggled great deal with engineering drawings in my first semester Debbies talk was just so relatable to me and extremely inspiring,Hope_speech,images_DE/DE_HS_0488.jpg
cried when the boy said everyone had choice and he chose love hes so sweet,Hope_speech,images/IHS_0211.jpg
understand that but wasnt suggesting All lives matter should be the response and thats it what am suggesting is booing all lives matter is racist and we need to recognise that or though BLM is great thing we have to be careful not yo cause more racism and division as whatever the corr message is people take things and run with it using good things to hurt good people,Hope_speech,images_DE/DE_HS_0284.jpg
Nobody says blue lives matter,Non_hope_speech,Images_SD/SD_NHS_0210.jpg
Im catholic and Im subscribed to your channel,Non_hope_speech,images_DE/DE_NHS_0212.jpg
We need religion where everyone is accepted One where youre free to love and be happy One where you can be yourself,Hope_speech,images_DE/DE_HS_0214.jpg
My inspiration,Hope_speech,Images_SD/SD_HS_0176.jpg
hope that the money that goes to this video will be donated in some way to the families and people that need it right right,Hope_speech,images_DE/DE_HS_0369.jpg
Im sorry to say this but dont think that she can do very much in order to inspire girls to become engineers with her product as it still heavily relies on the parents buying them believe that the real issue isnt getting girls interested in engineering but rather to prevent parents from pushing their kids into stereotypical roles because think that the families that buy Miss Sterlings books are the same that would have also gotten their girls variety of toys,Hope_speech,Images_SD/SD_HS_0594.jpg
am anxious to see if my 10 year old daughter will watch this with me STEM toys are her favorite,Hope_speech,images/IHS_0435.jpg
Dont force things unless you feel comfortable You got this,Hope_speech,images/IHS_0108.jpg
Im Christian and dont know how someone who can claim to love Jesus do these things to person This is unjust and cruel We are told to love everyone equally and cant stand for this Im so sorry people actually had to go through this Have wonderful day and stay strong you beautiful person Dont let anyone tell you who you can and cant be,Hope_speech,Images_SD/SD_HS_0275.jpg
chose love too,Hope_speech,images/IHS_0024.jpg
Whoever tries to change people is messed up nWe should learn to accept people for who they are nIf you dont agree with who someone is do not change them,Hope_speech,Images_SD/SD_HS_0193.jpg
Ive been told by believing Christians that Jesus hung out with those who were marginalized by society To show love and support That would include our LGBTQ kids,Hope_speech,images/IHS_0485.jpg
If this conlon guy was actually slave trader then ncompletely support removing the statue only have problem with this video Which is the protestors dumping the statue at the bottom of habour Thus making bristol seem like kip full of hoodlums who dont care about their areas appearance Not to mention their environment as whole If they really wanted to make point then they shouldve just found way to bring the statue down to the city council and leave it outside,Non_hope_speech,images_DE/DE_NHS_0564.jpg
BobbityBob19 Priti Patel is priti fit,Non_hope_speech,Images_SD/SD_NHS_0130.jpg
Emilia girls being engineers are common in my country,Hope_speech,Images_SD/SD_HS_0008.jpg
IT You need to stop They can choose how they want to live,Hope_speech,images_DE/DE_HS_0422.jpg
jo ma if they are miserable,Non_hope_speech,images_DE/DE_NHS_0062.jpg
In Malaysia there are more girls in chemical engineering,Hope_speech,images/IHS_0560.jpg
She saved my life,Hope_speech,Images_SD/SD_HS_0539.jpg
Gotta appreciate that when Juan Williams was talking literally everyone interrupted him gotta love fox for not letting people speak,Non_hope_speech,Images_SD/SD_NHS_0095.jpg
She made me live my life and also embrace it,Hope_speech,images/IHS_0198.jpg
My cousin is pansexual Pan sexual Its joke we have,Non_hope_speech,images/INHS0020.jpg
IP address please Im using it for scientific purposes on gas that have been working for,Non_hope_speech,images/INHS0408.jpg
This made me cry Im Hispanic,Hope_speech,Images_SD/SD_HS_0582.jpg
Y2K you would beat someone with book to make them believe in god thats what we call toxic faith not everybody believes the same things and thats what creates diversity,Hope_speech,images/IHS_0071.jpg
Please we all have our own,Non_hope_speech,Images_SD/SD_NHS_0615.jpg
Im Christian but choose not to judge Its not my place to judge others and so love everyone plus might be lil bi so theres that:person shrugging:,Hope_speech,images_DE/DE_HS_0046.jpg
So human lives matter would be good slogan to fight for,Hope_speech,images/IHS_0054.jpg
ALL LIVES MATTERIM FROM THE SEYCHELLES WE HAVE DIFFERENT TYPE OF PEOPLE,Hope_speech,images/IHS_0502.jpg
Should all the castles built by the normans in Wales be demolished too this is all ballocks,Non_hope_speech,Images_SD/SD_NHS_0456.jpg
if youre passionate about it give Ted talk yourself No need to put other people down to bring something that you think is important to light Minorities in any field should be taken seriously,Hope_speech,images_DE/DE_HS_0568.jpg
Think about it this way by only saying black lives matter you are putting down every other race including Native Americans They have it every bad because they got pushed out of their homes where their beliefs are so their basically taking page out of Hitlers book and say that Black is the master race when that isnt true because there is no master race everyone should be equal,Hope_speech,images/IHS_0548.jpg
ass here are too many trolls who even give LGBT bad light Its just embarrassing and shows what low IQ they got,Hope_speech,images/IHS_0026.jpg
darkmantlestudios not really when thats the correct term to use,Non_hope_speech,images_DE/DE_NHS_0580.jpg
This video is not just pointless,Non_hope_speech,Images_SD/SD_NHS_0460.jpg
Women have equal opportunity to succeed at STEM related fields in fact with graduation rate much higher than men,Hope_speech,images_DE/DE_HS_0552.jpg
Man are pissed by whiney bitches seeking attention,Non_hope_speech,images_DE/DE_NHS_0148.jpg
agree that there are some bad cops yes Ill admit it But most are good agree George shouldnt have been killed but it seems the cop just over estimated his strength,Hope_speech,Images_SD/SD_HS_0398.jpg
That kid that asked for tips on how to be good friend is an incredible person Wonderful Take that and go far kid You have beautiful life ahead of you Youll always be loved :orange heart:,Hope_speech,Images_SD/SD_HS_0179.jpg
all lives matter without that we never have peace so to me forever all lives matter,Hope_speech,Images_SD/SD_HS_0264.jpg
was inspired as women to believe in myself and be strong independent women was raised with no encouragement and to be powerless She rocks :call me hand: OMG nearly cried to her comment at the end never give up,Hope_speech,images_DE/DE_HS_0251.jpg
We all cannot dismiss the influence she has had in the progress for change in LGBTQ rights,Hope_speech,Images_SD/SD_HS_0613.jpg
Oh yeah didnt realize talking about mens issues was class problem of blaming womennKinda like how feminist dont give shit about mens issues or mens rightnfeminism today is hate group,Non_hope_speech,Images_SD/SD_NHS_0233.jpg
Thats not commandment,Non_hope_speech,Images_SD/SD_NHS_0219.jpg
am Tunisian Machine Learning Engineer Im very proud of my choice,Hope_speech,images/IHS_0508.jpg
haha cant breathe,Non_hope_speech,images/INHS0313.jpg
All lives MATTER God created life,Hope_speech,images/IHS_0072.jpg
Lmao all the Straights:trade mark: are having bit of freak out over this,Non_hope_speech,images/INHS0261.jpg
The founder of the Toronto Pride event made statement after pride day was over basically saying that BLM will not dictate to pride what they can or cant do He only signed their demands to move them along,Hope_speech,Images_SD/SD_HS_0371.jpg
Theyre scared of the truth That confident woman is very powerful and can acomplish anything she wants just like guy By the way Im guy,Hope_speech,images_DE/DE_HS_0381.jpg
was just accepted into Purdue Universitys engineering school and Im so excited never had any interest in engineering until took physics class and fell in love Being massive creative person this is such relief Knowing dont have to give that up to be an engineer You are such massive inspiration Thank you so much,Hope_speech,Images_SD/SD_HS_0365.jpg
Wolfie nnNone of what wrote was what felt,Non_hope_speech,images/INHS0111.jpg
Elizabeth Molloy never said others lives didnt matter,Non_hope_speech,images_DE/DE_NHS_0365.jpg
Rebekah Just couple things nFirst,Non_hope_speech,Images_SD/SD_NHS_0261.jpg
All are like unto GodnAnd we should be ashamed to thing we are above someone nJesus Christ said no better love then this but he who lays down his lift for his friendsnAnd that is just what Jesus Christ did for all who ever lived nTo him each of us mattersnWho are we to say one color is above anothernWhite people died to free slaves And Black people died to keep our country free We owe lot to bothnAll lives matter,Hope_speech,Images_SD/SD_HS_0383.jpg
JESUS PURPOSE FOR COMING INTO THIS WORLD WAS FOR MANKIND THERE WERE DISPLEASING THINGS THAT WENT ON IN HIS JOURNEY HERE IN THIS WORLD THERE WRE KILLIMGS OF INNOCENT PEOPLE LIKE IT IS TODAY ETC JESUS MISSION WAS TO BRING MANKIND BACK TO OUR HEAVENLY FATHER BECAUSE OF IN JUST THINGS WERE HAPPENING TELL ME OUT THE SLAUGHTING IN THE DIFFERENT RACES,Hope_speech,images/IHS_0277.jpg
They say they but some of these people love that walnut sauce Question what is walnut sauce why so much pizza,Non_hope_speech,images_DE/DE_NHS_0431.jpg
It is actually one of the main reasons lot of research has been done on the subject An absence of social influences to go into STEM fields is one of the biggest problems The reason why they drop out after they get to school is again due to the social influences this time negative from their peers Also,Hope_speech,images/IHS_0248.jpg
BILL CLINTON Right there know whatever award that was its garbage,Non_hope_speech,images_DE/DE_NHS_0066.jpg
If the really wanted racial equality they should say ALL LIVES MATTERnnWhenever you have slogan that promotes one race,Hope_speech,images/IHS_0382.jpg
People who disliked this are the true evil,Non_hope_speech,images/INHS0562.jpg
starrynight0621 Ive never faced any kind of sexism at my school but because Im the best at maths and science in my class the boys cant exactly say its boy thing,Hope_speech,Images_SD/SD_HS_0080.jpg
are incorrect on all accounts Women are not overrepresented She even stated that only 11 of the engineering workforce are female How is that number overrepresented Only 20 graduate with the degree only 20 even go into the field Lets see,Hope_speech,images_DE/DE_HS_0165.jpg
We were all created equal USA is the land of the free home of the Brave,Hope_speech,images_DE/DE_HS_0485.jpg
Boet GG apparently believing thinking that black lives matter makes me black supremacist If believed only black lives matter would say only black lives matter But said black lives matter,Non_hope_speech,Images_SD/SD_NHS_0020.jpg
Every life mattershuman,Hope_speech,images/IHS_0345.jpg
Lets dispel with this notion that Donald Trump doesnt know what hes doing He knows exactly what hes doing,Non_hope_speech,Images_SD/SD_NHS_0600.jpg
The 18th century police is investigating the vandalism,Non_hope_speech,images_DE/DE_NHS_0315.jpg
she may just like her hair short but anyways if she doesnt maybe its internalised homophobia,Non_hope_speech,Images_SD/SD_NHS_0146.jpg
The little asian girl was asking such valid and deep questions for her age So moving,Hope_speech,images/IHS_0462.jpg
Same here never saw it as something wouldnt be able to do if wanted to And never thought being female should play part in that Who cares if there are fewer women in the engineering fields than men Im here because wanted to work on engineering projects,Hope_speech,Images_SD/SD_HS_0134.jpg
This is such ridiculous debate How do our lives matter anyway,Non_hope_speech,images/INHS0033.jpg
Africa for Africa people Fight for it,Non_hope_speech,images/INHS0469.jpg
Shoutout to Annie for being so real Despite her beliefs,Hope_speech,Images_SD/SD_HS_0400.jpg
BLM is not about black lives If it was,Non_hope_speech,images_DE/DE_NHS_0233.jpg
De Los santos nah that would be to take step back We dont want to split each other up We have to unite in order to fix it,Hope_speech,images_DE/DE_HS_0093.jpg
Man cant believe he survived surrounded by all the gays,Non_hope_speech,images_DE/DE_NHS_0644.jpg
Very inspiring Thankyou,Hope_speech,images_DE/DE_HS_0111.jpg
Everybody needs to do this in their country,Non_hope_speech,images_DE/DE_NHS_0113.jpg
Republicunt Trump supporter logic all lives matter He deserved to die he was thug Fucking pathetic hypocrites,Non_hope_speech,Images_SD/SD_NHS_0560.jpg
These BLM people are not making it easy to like them,Non_hope_speech,images/INHS0003.jpg
It is shame that we men played and continue to play such mean game dealing with woman other than your mother,Hope_speech,images_DE/DE_HS_0341.jpg
Minority Confronted by what People being surprised youre an engineer Oh,Hope_speech,images/IHS_0217.jpg
All lifes matter,Hope_speech,images/IHS_0189.jpg
Where is your video about inspiring the next generation of female Biologists,Non_hope_speech,images/INHS0586.jpg
And our prime minister sends out tweet Just as bad as Trump What happened to all the strong leaders Bunch of puppets and pussys the lot of them Get on national TV and do say something constructive Pass new laws use your power find your backbone This is no the time for demonstrations its as simple as that,Non_hope_speech,images_DE/DE_NHS_0055.jpg
Just Tea all lives matter is what Its presented as ALL LIVES MATTER You can deny it all you want to but all lives matter,Hope_speech,images/IHS_0141.jpg
You can atleast inspire little onesnnnnNot just women nBut for allnYou dont seem do care about equality,Hope_speech,images/IHS_0488.jpg
And we are happy you are not giving up on us,Hope_speech,Images_SD/SD_HS_0090.jpg
BLACK LIVES MATTER IS Racist statement which pushes narrative of hate and violence IDENTIFYING HUMAN BEINGS BY THEIR SKIN COLOR IS RACIST Besides dont think that ever met BLACK person Your skin Color is not black if you really want to go there,Hope_speech,Images_SD/SD_HS_0076.jpg
would be able to support BLM if they also focused on the thousands of people killed in Dem run cities like Chicago,Non_hope_speech,images_DE/DE_NHS_0382.jpg
If came out to my parents they would definitely send me to therapy,Non_hope_speech,images_DE/DE_NHS_0355.jpg
TA Good for you hope those other girls will realize that their purpose in STEM is not to hang out with other girls but to actually do something with STEM,Hope_speech,images/IHS_0350.jpg
God gave us choice my choice is to love would die for that kid,Hope_speech,Images_SD/SD_HS_0583.jpg
Yo for real why do all of you guys care so much about what her sexuality is gonna be Because she has short hair and wears cuff jeans lot of people wear cuff jeans and have short hair that arent LGBT Im okay if she does become LGBT,Hope_speech,images/IHS_0069.jpg
If had to pick which is more feminist would say the exposing American Feminism is more accurate than the modest Muslim Feminism think society is better overall when women are more revealing than mean or at least have full liberty to show as much or as few as they want am not for public nudity but even as Christian know lust can happen in all levels of clothing so might as well let woman show what they got,Hope_speech,images_DE/DE_HS_0479.jpg
hans kasper No one ever said white lives doesnt matter Why dont white Americans start their own protest instead of trying to forcefully join and switch the agenda In no way is it double standard,Non_hope_speech,Images_SD/SD_NHS_0530.jpg
Hi Debbie Just wrote comment on your GoldieBlox told my daughter is an Engineer must tell you that toys brought her like automatic car,Non_hope_speech,images/INHS0207.jpg
People need to stop telling Annie to come outnLet her live her life as human being whether she is part of the LGBTQ community or not,Hope_speech,images_DE/DE_HS_0390.jpg
Just because she disagrees with homosexuality doesnt mean shes homophobic,Hope_speech,images/IHS_0480.jpg
It shouldnt have been there obviously the guy donated huge sums near his death to bristol to get brownie points for heaven lol He knew he was guilty glad its down but blm is waste of time as well,Non_hope_speech,images/INHS0640.jpg
God gave us choice and chose to love EXCUSE ME WHILE GO CRY THIS KID IS TOO CUTE,Hope_speech,Images_SD/SD_HS_0616.jpg
Hes great interviewer,Non_hope_speech,Images_SD/SD_NHS_0437.jpg
All Lives Matter Im not racist dont support riots and lawlessness Protest peacefully for change and let the justice system take its course Dont be sheep,Hope_speech,images_DE/DE_HS_0312.jpg
Ive never been fan of Madonnas music nor do like her personality but do love that she has been great friend to the LGBTQ community Also,Hope_speech,images/IHS_0035.jpg
All human life matters has Ive said before politics is responsible,Hope_speech,images/IHS_0320.jpg
Ok first of all,Non_hope_speech,images/INHS0042.jpg
Stunning interview She was so calm,Non_hope_speech,images_DE/DE_NHS_0462.jpg
Morning Madera Slavery in America ended 200yrs ago,Hope_speech,images_DE/DE_HS_0017.jpg
that doesnt tells you if someone is homosexual or not,Non_hope_speech,images_DE/DE_NHS_0078.jpg
Well the thing is marijuana and alcohol beer are actually the same thing just in different substance Did you know its actually really hard to die from marijuana compared to alcohol If you want to learn more heres linknLink,Non_hope_speech,images/INHS0380.jpg
So they were trying to change your personality That would be,Non_hope_speech,images_DE/DE_NHS_0042.jpg
This person inspired me to be an engineer This makes me really happy really needed this,Hope_speech,images_DE/DE_HS_0453.jpg
If all lives were on the chopping block sure the message would be ALL LIVES MATTER but unfortunately its us black men whos lives are on the chopping block,Hope_speech,images/IHS_0075.jpg
you gonna make it There are so many jobs that require engineering skills but are not pure engineering,Hope_speech,images_DE/DE_HS_0622.jpg
The best woman that supported LGBTTTQ forever shes deserve her award for looong Time she was recognized to fight for the human being,Hope_speech,images/IHS_0074.jpg
Since when is being expected to act in professional manner at work exclusive to women Newsflash,Non_hope_speech,images_DE/DE_NHS_0530.jpg
What dont like about this interview is that she doesnt own being heterosexual who supports the LGBTQ community She is straight children and all But maybe she believes love is love Either way lots of straight people liked her music as well wish all people the best All lives matter,Hope_speech,images/IHS_0218.jpg
Thats why love her she made me feel that being different is okay her music change people lifes,Hope_speech,images/IHS_0145.jpg
2020 will be unforgettable,Non_hope_speech,images_DE/DE_NHS_0324.jpg
dont agree with heterosexuality Does that make any fucking sense How can you agreedisagree over what someone IS If you say youre straight,Hope_speech,Images_SD/SD_HS_0377.jpg
my sister do math know girls do lot of math we need more girl perpective in ingeniering like this womennthe man engineers make bridges,Hope_speech,Images_SD/SD_HS_0488.jpg
This really inspired me am doing my first year in computer systems engineering Just girls out of 17 boys am never giving up Its hard but worth it,Hope_speech,images/IHS_0085.jpg
Royalty OH SHIT WE HAVE AN EDGELORD HERE,Non_hope_speech,images_DE/DE_NHS_0590.jpg
as much as dont really agree with annie she was really polite about it and respectful,Hope_speech,Images_SD/SD_HS_0223.jpg
Its so beautiful that those children will have understanding for everything and everyone and wont be judgemental as the rest of the society Love this channel,Hope_speech,images_DE/DE_HS_0025.jpg
Great Message Madge Where theres life theres hope,Hope_speech,Images_SD/SD_HS_0154.jpg
people need to educate themselves and be bias about the situation before say All Lives Matter cause no one said white or any race matters,Non_hope_speech,images/INHS0243.jpg
this could be us in twenty years its scary,Non_hope_speech,images_DE/DE_NHS_0263.jpg
2020 is so boring tbh,Non_hope_speech,images/INHS0266.jpg
This speech was really inspiring Thank you so much,Hope_speech,images_DE/DE_HS_0473.jpg
gx np We are all human,Hope_speech,Images_SD/SD_HS_0322.jpg
All you need to do is let girls choose their own subjects Dont make other girls have to choose what you want them too Give them their own options In fact Ive never heard anyone tell girls that they cant choose engineering or science Let them choose what they enjoy,Hope_speech,Images_SD/SD_HS_0384.jpg
Only logic truth matters,Non_hope_speech,images_DE/DE_NHS_0111.jpg
We will all PRAY for Black lives mater,Non_hope_speech,images_DE/DE_NHS_0622.jpg
Queen of the world,Non_hope_speech,images/INHS0618.jpg
musnt force someone to change just let them no the consequences that their choice will bring and leave it at that,Hope_speech,images_DE/DE_HS_0492.jpg
Great talk We also need more women in science,Hope_speech,images_DE/DE_HS_0023.jpg
river thats how used to be and then realized Im FLAMING BISEXUAL,Hope_speech,images/IHS_0432.jpg
DefEnd the Police,Non_hope_speech,images/INHS0244.jpg
girl nd is Computer Engineering student nd love fact dat my parents always wanted me to an engineer played wid those blocks as young nd yes India may developing country bt glad my parents didnt only picture guys as an engineer,Hope_speech,images_DE/DE_HS_0540.jpg
The STEM field is very diversethe problem is the vast number of Indian and Asian women and men in STEM strangely dont seem to count Notice,Hope_speech,images_DE/DE_HS_0419.jpg
Omg luv Madonna She is my hero and will always defend her against all the haters Lets appreciate this living legend,Hope_speech,Images_SD/SD_HS_0140.jpg
Thank you Madonna youre by years an inspiration and an openminder knight,Hope_speech,images_DE/DE_HS_0579.jpg
Thats horrible and inexcusable to do to another human being even more so child Whether person agrees with homosexuality or not DOES NOT give them the right to play God and judge another on their sexual preferences believe in reading the Bible and showing love and acceptance in one another and focus on verses such as John,Hope_speech,Images_SD/SD_HS_0347.jpg
All lives DO matter No one is better than the other Sanders is fraud He got arrested in 1964 for throwing eggs at black protesters,Hope_speech,images/IHS_0569.jpg
was inspired since always since wen was 1011,Hope_speech,images/IHS_0131.jpg
really want people to stop using religion as an excuse for ignorance,Non_hope_speech,images/INHS0301.jpg
spent years in highschool with majors science,Hope_speech,images_DE/DE_HS_0543.jpg
Idk if Im wierd but never really played with dollsI just loved playing with cars,Hope_speech,images_DE/DE_HS_0161.jpg
Central the man in this video did lot of that and look at him now You really think that works,Non_hope_speech,Images_SD/SD_NHS_0631.jpg
Shes always done what is daring or pushing boundaries Any negative publicity shes every gotten has only increased her celebrity Evidence,Hope_speech,images_DE/DE_HS_0420.jpg
even if shes talkin for women as male was really motivated by her always wanted to be an engineer but lack of confidence that maybe im not smart enoughor not born smart enough but its more like how bad you want it,Hope_speech,Images_SD/SD_HS_0136.jpg
Right Show some decorum,Non_hope_speech,images_DE/DE_NHS_0488.jpg
what privilege when millions of whites live in poverty,Non_hope_speech,images_DE/DE_NHS_0544.jpg
Women should have the oportunity to follow their dreams despite anyone telling them NO you cant,Hope_speech,Images_SD/SD_HS_0313.jpg
Im black and never thought about this have changed my mind about this BLACK LIVES MATTER TOO,Non_hope_speech,Images_SD/SD_NHS_0439.jpg
am inspired every time watch this Bookmark this,Hope_speech,images/IHS_0250.jpg
All lives matternThe unborn,Hope_speech,images/IHS_0437.jpg
The first step is make it illegal in freedom states or states that have enough freedom,Non_hope_speech,images/INHS0355.jpg
Injustice anywhere is threat to justice everywherenBLM when people mention chineese slavesn,Non_hope_speech,Images_SD/SD_NHS_0296.jpg
Hey white guy here in if say Im an engineer people dont believe me either its not sexism its skepticism stop making everything about race and gender instead of logic,Hope_speech,images/IHS_0261.jpg
got chills throughout the video Im so happy to be able to come into the field with women and as an inspiring aerospace engineer,Hope_speech,images_DE/DE_HS_0451.jpg
Strikes me as weird that you take the view of one Republican and try to use it to represent the views of all Republicans,Non_hope_speech,images/INHS0195.jpg
he isnt real,Non_hope_speech,Images_SD/SD_NHS_0353.jpg
We are missing the best female talent There may be females that are truly interested but not encouraged as in told about engineering not forced or bullied out of it there have been studies that show capable females leave STEM because they are bullied by peers or faculty do not force anyone into field they are not interested in have cousin that would be capable but not interested tell her to do what she likes But there are females that would like it we need to find them diverse workforce makes it better workforce Crash tests were only conducted using males dummies until females engineers got involved and saw there needed to be tests on females as well Females and males do approach problems in different ways,Hope_speech,images_DE/DE_HS_0570.jpg
am rooting for you Dont listen to naysayers If you want to be gaming scientist,Hope_speech,Images_SD/SD_HS_0378.jpg
wish Mj is alive,Non_hope_speech,images_DE/DE_NHS_0213.jpg
Is it wrong laughed when he said beaten with the Bible,Non_hope_speech,images/INHS0567.jpg
Churchill statue next,Non_hope_speech,Images_SD/SD_NHS_0370.jpg
All lives matter includes black lives and others as well People dont seem to understand that Cant imagine prioritising one race and completely ignoring other races No matter how small or big the situation is,Hope_speech,Images_SD/SD_HS_0497.jpg
Yep that was exactly what would do as teen When was around my parents was the most stereotypical straight person but around my friends was full on queer It makes sense if she is,Hope_speech,images/IHS_0624.jpg
Wth why cant people just be like him,Non_hope_speech,Images_SD/SD_NHS_0373.jpg
RACISTnR athernA nnoyingnC ommunistnI nspirednS ilencingnT actic,Non_hope_speech,Images_SD/SD_NHS_0580.jpg
you gotta hate Larry Elderwhy He speaks with datathis man has more courage in his pinky finger nail than 95 of democrats and especially any liberal under 30 Black lives mattertell the black fathers,Non_hope_speech,Images_SD/SD_NHS_0040.jpg
know so many LGBTQ members myself am pansexual and genderfluid Those kids are so nice,Hope_speech,images_DE/DE_HS_0242.jpg
Who us protesting for Equality,Non_hope_speech,Images_SD/SD_NHS_0427.jpg
am so so lucky to have Madonna in my life nAfter all these years of ups and downs,Hope_speech,Images_SD/SD_HS_0287.jpg
Xx you should see color though When you say you dont see color you are denying who people are,Non_hope_speech,images/INHS0634.jpg
Look around you,Non_hope_speech,Images_SD/SD_NHS_0528.jpg
can disagree yet still support someone that is homosexual Its her own opinion and choice,Hope_speech,images_DE/DE_HS_0064.jpg
White lives matter but you better not say it,Non_hope_speech,images/INHS0163.jpg
Its very telling to me anyone that says black lives matter only thinks of the black community as worthy of being human That is pure evil think to say,Non_hope_speech,images/INHS0311.jpg
cant believe you tube hasnt taken this down,Non_hope_speech,images/INHS0378.jpg
Hate isnt going to get you anywhere God gave us choice,Hope_speech,images/IHS_0256.jpg
Frederick Uzokwe oppression is worse than deathnHeard it all now,Non_hope_speech,Images_SD/SD_NHS_0208.jpg
Religion is between you and God You dont have to force it on someone OR hate on anybody because they think differently,Hope_speech,Images_SD/SD_HS_0482.jpg
Walker saying you dont agree with the LGBT community is like saying you dont agree with black people we dont have choice to choose our sexuality or skin colour,Hope_speech,images_DE/DE_HS_0411.jpg
am currently female engineering student Bachelors DegreeYou have really moved me Debbie with your storyWoW Thank you,Hope_speech,images/IHS_0210.jpg
she saved my life too and am not exaggerating,Hope_speech,Images_SD/SD_HS_0014.jpg
Shes so confident cant not love her,Non_hope_speech,images/INHS0091.jpg
cried watching this video,Non_hope_speech,images_DE/DE_NHS_0153.jpg
No offense but what does Asians have to do with this No hate tho Im Asian myself,Non_hope_speech,Images_SD/SD_NHS_0022.jpg
Sam Abesh Lol yeah Ive been taken off lists to visit hangars before take aerospace eng and when asked why,Non_hope_speech,Images_SD/SD_NHS_0123.jpg
ALL LIVES MATTER AGREE NOT JUST CERTAIN LIVES OR RACES JUST BUNCH OF CRY BABIES GET OVER IT,Hope_speech,images_DE/DE_HS_0391.jpg
OMG her face is not moving,Non_hope_speech,images/INHS0376.jpg
All lives do matter regardless of race Period there is good and bad people of all races We all need to come together and stop letting the media separate us this is ridiculous,Hope_speech,images_DE/DE_HS_0194.jpg
you mean something every normal person does when they cant afford tailor,Non_hope_speech,Images_SD/SD_NHS_0285.jpg
nQueer is the short and simple way of saying LGBTQIA If youre queer,Hope_speech,images/IHS_0062.jpg
Well hope they get the message that we dont want them,Non_hope_speech,images_DE/DE_NHS_0385.jpg
Good on the women choosing these fields instead of the whiners that say more women should be in STEM but hold degree in social justice or similar pointless crap Be the change you want to see,Hope_speech,Images_SD/SD_HS_0288.jpg
brandonshmandon sorry can you give us name,Non_hope_speech,images_DE/DE_NHS_0201.jpg
ROD agree slavery was bad But should we use our modern day judgement to justify wether or not theyre bad They didnt think like us The things theyve done were bad Yes But without them you and wouldnt be here We modern days humans think certain things in the past were wrong They were normal back then Yes My main point is,Hope_speech,images/IHS_0231.jpg
Madonna has been an advocate from day dot She fought so hard for and with LGBT people She is an icon and legend in every sense of the word Her heart is so pure,Hope_speech,Images_SD/SD_HS_0100.jpg
This whole protest makes no sense Destroying police properties,Non_hope_speech,Images_SD/SD_NHS_0577.jpg
have lot of respect for that sheriff He speaks the truth,Non_hope_speech,images/INHS0451.jpg
Would it be racist if an audience booing someone who said black lives matter All lives matter,Hope_speech,images_DE/DE_HS_0008.jpg
Like this comment to support nBlack lives matter nWe will and should live as equals we look different but we should be treaded the same black or white boy or girl we are all humans so protest fo what is right or you can fall and be stone hearted for as long as you live and remember god made us all as equals,Hope_speech,images_DE/DE_HS_0638.jpg
Rebekah what,Non_hope_speech,images/INHS0529.jpg
Fear only God,Non_hope_speech,images/INHS0540.jpg
baddie nAnd have seen even more racist people say black lives matter They even attack people for saying all lives matter As an Italian American laugh at black peoples hypocrisy nBlack lives ONLY matter when white person takes it,Non_hope_speech,images_DE/DE_NHS_0326.jpg
love her she is the ideal mother figure,Non_hope_speech,images/INHS0367.jpg
Jones not true Theres red talk about it actually and theres research which produced results about why it might happen,Non_hope_speech,images_DE/DE_NHS_0418.jpg
God gave us choice My choice is to love That was amazing,Hope_speech,images_DE/DE_HS_0541.jpg
Im in Narnia at the moment hope one day can make it out the closetWardrobe,Non_hope_speech,images/INHS0072.jpg
love that she uses her platform to shed light on the darkness very brave,Hope_speech,images/IHS_0403.jpg
loved that manI Ill never forget get him olny if he was alive to see this RIP BLACK LIFES MATER today is the day we blacks are going take Powe,Non_hope_speech,images_DE/DE_NHS_0575.jpg
used to live in shared house with family who would take in foreign students One student was from Saudi Arabia and he was amazed that women were allowed to walk around with no hijab on female student asked him to go for drink and he actually went back to the family he was staying with and asked them Is this allowed in your country Is this OK because its not allowed in Saudi Arabia So you cant possibly equate Islam to feminism,Non_hope_speech,images/INHS0074.jpg
As female Indian engineer,Hope_speech,images/IHS_0590.jpg
Great Hufflepuff Okay Still doesnt prove anything We dont know her sexuality and it doesnt matter to any of us,Hope_speech,images/IHS_0164.jpg
Why do so many black people often refer to slavery They never experienced slavery themselves and white people didnt invent the system of slavery,Non_hope_speech,images_DE/DE_NHS_0556.jpg
All lives matter there is not enough of you this will end itll be bad for you you better be nice,Hope_speech,images/IHS_0366.jpg
live in indian am 17 electronics commuation enggi have choosen am very proud hope its intresting feild,Hope_speech,Images_SD/SD_HS_0065.jpg
Where is the law here Anyone can do anything Where is democracy BTW dont like the statue and think it was bad to have it in the first place But my question is still valid This is not the way This is anarchy,Hope_speech,Images_SD/SD_HS_0227.jpg
All lives are what you make of them nWe are all born and we will all die,Hope_speech,images_DE/DE_HS_0258.jpg
Well he is right,Non_hope_speech,Images_SD/SD_NHS_0305.jpg
have always wanted to go into engineering because my dad told me that but really didnt know what it was and know really want to do it am eleven and and really inspired already... Thanx,Hope_speech,images/IHS_0187.jpg
Tyrone Marcus god loves everyone no matter what,Hope_speech,Images_SD/SD_HS_0543.jpg
souls and forgive ur ignorance You arent as evolved as higher intelligence people,Non_hope_speech,Images_SD/SD_NHS_0028.jpg
Dont Dare Give Up Right Now Im Counting On You Not Giving Up,Hope_speech,images/IHS_0443.jpg
The lives of every human that have been conceived matter,Hope_speech,images/IHS_0528.jpg
Disgusting lefty tosser hooligans How many people did their hero Lenin murder,Non_hope_speech,images/INHS0374.jpg
Remember to vote Trump Not because hes good choice,Non_hope_speech,images/INHS0050.jpg
ALL LIVES MATTER young old black white brown god made us all cuz he loves us all thats it bottom line,Hope_speech,Images_SD/SD_HS_0490.jpg
thought this was going to be another need feminism because speeches What pleasant surprise to wind up being moved and uplifted by her talknInstead of griping about all the problems,Hope_speech,images_DE/DE_HS_0384.jpg
Interesting How the Jewish Nation had slaves in the Old Testament Exodus 21,Non_hope_speech,images/INHS0338.jpg
Is it true if youll take engineering you must be good in drawing nAnd want to take engineering and my weakness is drawing,Hope_speech,images_DE/DE_HS_0647.jpg
love the sherif Just stop Juan,Non_hope_speech,images_DE/DE_NHS_0475.jpg
Im Christian and dont care if you are homosexual As long as you dont harm anybody you do whatever you want,Hope_speech,images_DE/DE_HS_0250.jpg
Were you triggered by his logic and rational arguments,Non_hope_speech,images_DE/DE_NHS_0479.jpg
am girl in 6th Grade who is interested in STEM Whenever tell people that,Hope_speech,images_DE/DE_HS_0627.jpg
it is definitely possible for her to be straight and even in the comments people claiming they know her personally BUT she could easily be closeted she even points out how shes religious and in environments like that,Non_hope_speech,images_DE/DE_NHS_0130.jpg
Im guy and played Barbie doll when was kid But chose electrical engineering to be my major while was in college And now Im engineer Hahaha still think Barbie dolls are pretty Whats wrong with guys playing Barbie,Hope_speech,Images_SD/SD_HS_0574.jpg
you have encouraged me thank you for sharing,Hope_speech,images/IHS_0046.jpg
Kid in the red shirt :thinking face:,Non_hope_speech,images/INHS0594.jpg
All lives matterJesus loves us all the same,Hope_speech,images/IHS_0094.jpg
hate crime is when youre attacked for being gay or black Just fighting minority isnt hate crime Unless it is,Hope_speech,images/IHS_0087.jpg
McFondle False Madonna isnt superstar or any kind of star for that matter and above no one Madonna is human An elderly human at that,Non_hope_speech,images/INHS0049.jpg
lives matternIf you put color in front of lives you are racist,Non_hope_speech,images/INHS0039.jpg
love sheriff Clarkesays the truth,Non_hope_speech,images_DE/DE_NHS_0525.jpg
Their agenda is getting equal and fair privilege under the law Can you understand that As for white privilege,Non_hope_speech,images/INHS0498.jpg
yh you did cause his names Jules,Non_hope_speech,Images_SD/SD_NHS_0143.jpg
Cooper For one you dont know how old am and not anywhere near the age of being boomer Say whatever you want,Non_hope_speech,images_DE/DE_NHS_0603.jpg
SHE LITERALLY SUPPORTED THE LGBT COMMUNITY BEFORE ANYBODY EVER DID PEOPLE DONT UNDERTAND HOW IT WASNT COOL OR TRENDY TO SUPPORT THEM,Hope_speech,images/IHS_0591.jpg
To believe in equality for women is dumb imo If was asked that,Non_hope_speech,images/INHS0592.jpg
Such fake,Non_hope_speech,images/INHS0304.jpg
And had napkin over it cause had to protect my intellectual property was already loving this talk but this got me even more,Hope_speech,images/IHS_0511.jpg
am have big respect for sherif David Clarke You are wonderful man God bless you,Non_hope_speech,images/INHS0358.jpg
bakkoush she was obviously raised differently than the other kids was raised extremely conservative and considered myself hardcore conservative too and stayed that way until met people that had different beliefs than my own That wasnt until was about 15 For all we know shes only just now really being exposed to these things She may change her mind on homosexuality,Hope_speech,Images_SD/SD_HS_0163.jpg
Love is Love,Hope_speech,images/IHS_0602.jpg
the question is so easy to answer the problem is the politics they take it to another lvl to take the vote of black people,Non_hope_speech,images/INHS0336.jpg
Lilyx nur actually brainwashed water rider,Non_hope_speech,images/INHS0022.jpg
Morrison think phrased it wrong in the sense that never played with Legos Ive seen it,Non_hope_speech,Images_SD/SD_NHS_0150.jpg
Im pansexual and mentally and physically disabled,Non_hope_speech,Images_SD/SD_NHS_0453.jpg
Poole so wheres the second wave Ahahah,Non_hope_speech,images/INHS0545.jpg
Thompson Theyre disagreeing with their lifestyle,Non_hope_speech,images/INHS0191.jpg
We are one nation under god after allnAll men are created equal in the eyes of GOD nso people should start treating people the way they want to be treated,Hope_speech,Images_SD/SD_HS_0292.jpg
came out as bisexual and she is one of the main reasons why turned bi have the biggest girl crush on her and still do Go Madonna,Hope_speech,images_DE/DE_HS_0371.jpg
This is 2020 and statues like these belong in museum now,Non_hope_speech,Images_SD/SD_NHS_0303.jpg
Haha your right,Non_hope_speech,images_DE/DE_NHS_0299.jpg
When the sheriff first came on the public scene many years ago,Non_hope_speech,Images_SD/SD_NHS_0371.jpg
They need to be all publically hung,Non_hope_speech,images/INHS0324.jpg
Poor blacks They have it so bad Half century of Affirmative Action and endless racial setasides carved out exclusively for them just wasnt enoughnAnyone else here SICK to DEATH of this,Non_hope_speech,images_DE/DE_NHS_0442.jpg
Kinney Lol,Non_hope_speech,images/INHS0134.jpg
think this is my new favourite Madonna interview thank you for holding my hand through some of the worst of it Bless you,Hope_speech,images_DE/DE_HS_0236.jpg
Berg Democrats dont elect someone just because theyre famousnnYa almost elected Crooked Hilary,Non_hope_speech,images_DE/DE_NHS_0470.jpg
Pitner Didnt imply it was current at allnQuite simple statement,Non_hope_speech,Images_SD/SD_NHS_0400.jpg
The little kid that said that God gave him choice and he chose to love is the greatest kid ive ever seen Theres so much wrong portrayal of what christianity is on the media that is refreshing to see someone who actually gets the concept And also love that Annie regardless of her point of view respected the survivors opinion and got to an agreement Ilove them all please protect them,Hope_speech,images/IHS_0559.jpg
My choice is to love perfect answer because God is Love so thats why the gospel needs to be spread through testimonies and exposing the false churches that the devil comes in the name of Thessalonians,Hope_speech,images_DE/DE_HS_0500.jpg
People forgot about this,Non_hope_speech,images/INHS0217.jpg
Lots of people owe Madonna without even knowing it,Non_hope_speech,images/INHS0515.jpg
hate the dont agree with homosexuality argument like Thats like saying dont agree with that tree over there Like Its just thing that exists and cant be changed,Hope_speech,images/IHS_0023.jpg
The girl that doesnt agree with homosexuality looks like she hasnt came out yet:rolling on the floor laughing:,Non_hope_speech,Images_SD/SD_NHS_0019.jpg
The most white people in America are racist specially the police,Non_hope_speech,images_DE/DE_NHS_0435.jpg
know You should treat people as people and not colors,Hope_speech,Images_SD/SD_HS_0073.jpg
Kelechi okoroafor YES thank you,Non_hope_speech,images/INHS0159.jpg
out of 10 She uses her platform And were better off because of it,Hope_speech,Images_SD/SD_HS_0042.jpg
All life on the planet is the most precious thing God has given anyone or anything once it is gone that is it so remember this and quit fighting over it all life matters right from the smallest tiny thing to the most ignorant thing on the planet that is most fun in lightning and unwoke the human being :thinking face::thinking face::face with raised eyebrow:,Hope_speech,images/IHS_0040.jpg
The US and europe is not the world btw,Non_hope_speech,Images_SD/SD_NHS_0226.jpg
In india women engineer is very common like 35 nFunny thing is in my class Computer Engineering teachers use to give more marks to girls and top students are girls But during placement phase only guys could make into top companies,Hope_speech,images_DE/DE_HS_0528.jpg
Hum no Indigo child are pure and very special and sensitive but who knows,Non_hope_speech,Images_SD/SD_NHS_0612.jpg
Remember what Martin Luther King Jr said that every body should be treated equally So black people cant even listen to there own race with out even saying BLM Because if Blacks mattered and whites didnt then we arent treated equally Cut the BS and help our future crisis for GD,Hope_speech,images/IHS_0214.jpg
If you are going through something similar know that youre not alone :orange heart:nThere are churches that are ONA Open and Affirming of all lgbtq people You are loved,Hope_speech,images/IHS_0496.jpg
Madonna is seriously repulsivelooking to me She has birdlike,Non_hope_speech,Images_SD/SD_NHS_0603.jpg
am religious but its not meant to hate everybody because hates not going to get you anywhere in the world God gave us choice and my choice is to lovennAweeeeeew wow :sneezing face:,Hope_speech,images_DE/DE_HS_0548.jpg
Racism is dying,Hope_speech,images_DE/DE_HS_0376.jpg
God gave us choice My choice is to love That is the sweetest thing Ive ever heard,Hope_speech,Images_SD/SD_HS_0155.jpg
Jonathan Mason could also agree on one thing agree to disagree because no matter how many ways someone says something Im always going to think all lives matter because were all lives matter means is you matter other personal matters the world matters nobody should be treated like they dont matter when it comes down to it its all about ethics In fairness at the end of the day isnt that racisms weakness let me tell you this its not just about me its about everyone including yourself you should have right be treated fairly and dont have anything against you just saying believe the answer to getting rid of racism fairness caring about everyone no matter what their color is everybodys life matters including you care about even whats fair your side my side their side because dont like racism rather be solution to the problem then sit there and tell people but only my life matters when in reality thats bunch of baloney it doesnt matter what color you are your life matters and youre important as anybody else how could that be bad thing,Hope_speech,Images_SD/SD_HS_0092.jpg
Rioters and animals,Non_hope_speech,images_DE/DE_NHS_0438.jpg
When told my friends that really wanted to pursue engineering specifically,Hope_speech,images/IHS_0090.jpg
pass thank you for this response bc yes some Catholics have done horrid things but thats not bc of Catholicism but bc they gave in to sin and they are bad people,Hope_speech,images/IHS_0599.jpg
black lives matter is self explanatory need an explanation for where you get matter more from,Non_hope_speech,images_DE/DE_NHS_0119.jpg
Guaranteed by law freedom,Hope_speech,images/IHS_0520.jpg
Imagine going off on someone for an ongoing LGBTQ joke within the community,Non_hope_speech,Images_SD/SD_NHS_0225.jpg
the world survivoreis kinda over exadurated,Non_hope_speech,images/INHS0646.jpg
If all lives dont matter Soon No lives will matter Stop the hate Show some love,Hope_speech,images_DE/DE_HS_0474.jpg
Thank you Im studying engineering right now and your speech inspire me lot,Hope_speech,Images_SD/SD_HS_0517.jpg
this made me cry very inspiring,Hope_speech,Images_SD/SD_HS_0097.jpg
That video clip should be posted online under definition of Pandering The Irish guy is the only one who meant what he said,Non_hope_speech,images_DE/DE_NHS_0168.jpg
All Lives Matter believe its not the color if your skin its your personality other then in pleasant notes hair eyes dress You can see they all see Black and or white All Lives matter,Hope_speech,Images_SD/SD_HS_0463.jpg
The little boy that asked for advice on how to be good ally friend was so sweet melted my heart Lol,Hope_speech,images/IHS_0342.jpg
Over the years have found the only thing as good as female engineer is another female engineer wish would have had more of pool to hire from have never regretted hiring them You go Debbie Send the world more,Hope_speech,images/IHS_0640.jpg
NonnALL Lives Matter copy and paste this,Hope_speech,images/IHS_0096.jpg
pi Im Communist Lives Matter to those individuals in our lives but as Society we are not obligated Im Voting TRUMP 2020,Non_hope_speech,Images_SD/SD_NHS_0029.jpg
think he handled that very well in way that made it both very real for them while keeping it within what they could handle Well done Marcus,Hope_speech,Images_SD/SD_HS_0399.jpg
When hear black lives matter but not all lives matter feel like they are saying my life dont matter So if my life dont matter so why should care about anyone elses life,Non_hope_speech,Images_SD/SD_NHS_0448.jpg
That Sheriff for President Try to negotiate with that refreshing,Non_hope_speech,images/INHS0361.jpg
Ricky Norton blm,Non_hope_speech,images_DE/DE_NHS_0372.jpg
Haskins the left BLM What rock did you climb out from under Lol Welcome back,Non_hope_speech,images_DE/DE_NHS_0482.jpg
2015 who coulda think of that,Non_hope_speech,images_DE/DE_NHS_0391.jpg
hes such good explainer for the kids,Non_hope_speech,images_DE/DE_NHS_0558.jpg
am Roman Catholic believe that we should not mistreat members of the LGBT community We should always treat them with respect and to love them with Gods grace and power,Hope_speech,Images_SD/SD_HS_0302.jpg
Earth angel with an iron coat :coat: she had to wear it or she wouldnt have survived all the hate We love you Madonna We see and feel your light but we also accept your dark as well For to love only one side of humanity isnt real With out night there is no light,Hope_speech,images_DE/DE_HS_0031.jpg
As Christian cannot stand it when people hide behind their faith in order to be bigoted Like youre saying youre homophobe but you cant admit its because youre crap person,Non_hope_speech,images/INHS0520.jpg
Dont give your imaginary friend in the sky credit for her hard work She is working to change the world,Hope_speech,images_DE/DE_HS_0534.jpg
just because we say all lives doesnt mean we dont support black lives we are simply saying all lives Because if everyone is separated we cant come together as group,Non_hope_speech,images_DE/DE_NHS_0143.jpg
she changed my life,Hope_speech,images/IHS_0079.jpg
There is God and He is good Beauty plus brains trumps everything else She is likely one of the most intelligent CEOs around and the hottest ever speaker on TED Talks,Hope_speech,images_DE/DE_HS_0074.jpg
aha someone making that point finally lotta people seem to think the only account of this dude is the actual statue,Non_hope_speech,images_DE/DE_NHS_0218.jpg
ALL lifes matter When people boo that do they think that black live matter more dont know to much about this butI think ALL lifes matter,Hope_speech,images/IHS_0614.jpg
Whats your source of this view Ive never see anything on this If it was true you know the media would be all over it believe you are mistaken,Non_hope_speech,images_DE/DE_NHS_0140.jpg
gaming but history is the problem Perhaps if everyone could let go of the past rather than obsess over past glory and mistakes that caused trauma or create separation perhaps humans could start to move forward as species,Non_hope_speech,Images_SD/SD_NHS_0256.jpg
Democrat politics is toxic thats all,Non_hope_speech,images_DE/DE_NHS_0392.jpg
Black lives matters trying to separate themself by race which in itself is racist,Non_hope_speech,images_DE/DE_NHS_0395.jpg
just want to point out that the Bible does not say that homosexuality is sin The passage that Ive always seen sited has been proven to be translated incorrectly and is actually condemning pedophilia rather than homosexuality Men shall not lay with man was originally meant to read as man shall not lay with boy Homosexuality is never condemned Please do research and learn about the origins of the book you claim to worship Incorrect translations and interpretation of Gods words are harming real people on daily basis,Hope_speech,images_DE/DE_HS_0091.jpg
black lives matter is just phrase at the end,Non_hope_speech,images/INHS0354.jpg
All lives matter speak for all black people when apologize for BLM,Hope_speech,Images_SD/SD_HS_0610.jpg
andrews or maybe love them for who they are,Hope_speech,images/IHS_0313.jpg
Hum Im just not convinced that alm is an honest call for representing these issues It matters that alm originates from counterprotests that propose police brutality to not be an issue nI think it is just statement to dismiss blm If am wrong,Non_hope_speech,images/INHS0210.jpg
Please describe the exact crime and violence BLM itself has caused and promoted,Non_hope_speech,Images_SD/SD_NHS_0386.jpg
God loves us all lets move on and FIX the citiesnTroops home spent on all communitiesnGood luck from Australia,Non_hope_speech,Images_SD/SD_NHS_0316.jpg
McMacaveli Shakoor dont know any person that worships statue,Non_hope_speech,images/INHS0035.jpg
Is Alive Okay fine,Non_hope_speech,Images_SD/SD_NHS_0073.jpg
All loves matter Not color added all lives,Hope_speech,images_DE/DE_HS_0297.jpg
Those protesting that ALL LIVES MATTER shouldnt be complaining about BLM protests,Hope_speech,images/IHS_0196.jpg
Beckett You cherry pick studies,Non_hope_speech,images_DE/DE_NHS_0278.jpg
am mechanical engineering major and Im so happy to come across this video,Hope_speech,images/IHS_0633.jpg
Im sorry but saying black lives matter is excluding other races which it in itself is racist,Hope_speech,Images_SD/SD_HS_0423.jpg
ALL LIVES MATTER NO EXCUSES ANYMORE ALL EVERYONE LIFE MATTERS TIME TO GROW UP,Hope_speech,images/IHS_0295.jpg
Black lives Black Vote,Non_hope_speech,Images_SD/SD_NHS_0561.jpg
Black lives also matter,Non_hope_speech,images_DE/DE_NHS_0105.jpg
Who will be purged,Non_hope_speech,images/INHS0309.jpg
maybe if it was still called Constantinople people might care more,Non_hope_speech,images_DE/DE_NHS_0389.jpg
just want to make this clear all lives matters but black people arent treated equally,Hope_speech,images_DE/DE_HS_0494.jpg
they booed him when he said white lives matter thats racist,Non_hope_speech,images/INHS0141.jpg
Just try it sending us home ull have reall big problem caal us minority where im from try looking for the minority lolo,Non_hope_speech,images_DE/DE_NHS_0184.jpg
dont agree with homosexuality dont agree with the thousands of pimples on youre face,Non_hope_speech,images/INHS0530.jpg
think it goes back to Women being afraid to step into male dominated atmosphere and they are afraid they wont make any friends It goes back to the idea that women and men cant just be friends,Hope_speech,images_DE/DE_HS_0210.jpg
You can believe in that it is not easy but its posible xoxo,Hope_speech,Images_SD/SD_HS_0234.jpg
Agreed this will fuel racism damn sure,Non_hope_speech,Images_SD/SD_NHS_0436.jpg
Ofc all lives matter But black lives matter phrase is just emphasising black because it needs to be given more attention,Non_hope_speech,images/INHS0157.jpg
How about more women pouring concrete,Hope_speech,Images_SD/SD_HS_0422.jpg
Well probably because the parents do want kids to go crazy so its become rule And ive seen in other Kids meet blank the parents be pulled up She mayve been scared,Non_hope_speech,Images_SD/SD_NHS_0081.jpg
Lay off with the face fillersyou look like monster,Non_hope_speech,images/INHS0063.jpg
Well granny lost the eye patch,Non_hope_speech,Images_SD/SD_NHS_0319.jpg
Well it has to get to 666 at one point,Non_hope_speech,images_DE/DE_NHS_0616.jpg
Beaten with bible im deaddd,Non_hope_speech,images/INHS0173.jpg
All Lives Matter,Hope_speech,images_DE/DE_HS_0459.jpg
think we should collectively agree to not label this as therapy This is not therapeutic at all This is abuse Covering it up with medical term when its not even medical in nature hitting someone with book is physical abuserepeating verses meant to break your will for hours day is mental abuse is disrespectful to the field of medicine which serves to help and cure people Gayness does not to be cured It is not disease It is not choice There is absolutely nothing wrong with it Now lets respect one another and help stop this abuse,Hope_speech,images_DE/DE_HS_0640.jpg
Im pursuing civil engineering and most of my classmates are boys tho,Hope_speech,Images_SD/SD_HS_0268.jpg
Sorry did not know,Non_hope_speech,images/INHS0160.jpg
Parsons Self pity based on exactly what Go ahead and tell me about the criminal record dont have,Non_hope_speech,images_DE/DE_NHS_0397.jpg
Im girl who grew up with Legos,Hope_speech,Images_SD/SD_HS_0164.jpg
TBH someone like her didnt come to my mind is not because shes woman,Non_hope_speech,images/INHS0293.jpg
Then people need to get out and vote or Nov 3rd 2020 will become the new worst day,Non_hope_speech,images_DE/DE_NHS_0598.jpg
dont really get it when ppl say they dont agree with homosexuality Even when its said in the most respectful way possible Like what is there to disagree with If youre not hurting anybody let em be,Hope_speech,Images_SD/SD_HS_0619.jpg
This was so empowering and thoughtful Its so incredibly inspiring how enthusiastic she was and how she was never willing to give up This really shows us how good things take time It takes rejections and hard work It takes staying up til in the morning Thats when you make difference hope whatever youre working hard for is success and dont give your hopes up no matter how challenging or difficult things get,Hope_speech,images_DE/DE_HS_0245.jpg
Peter Tosh Equal Rights 19810613 Amsterdam,Non_hope_speech,images/INHS0351.jpg
She was being respectful though dont see how someone cant agree with something youre born with but if theyre being nice thats all that matters,Hope_speech,Images_SD/SD_HS_0168.jpg
BLM sounds racist to me it should be human lives matter,Hope_speech,Images_SD/SD_HS_0211.jpg
No they are not All lives matter,Hope_speech,images_DE/DE_HS_0286.jpg
Insyirah Ami nnCapitalism isnt system of ethics Its an economic system For someone who claims to be educated in business,Non_hope_speech,Images_SD/SD_NHS_0042.jpg
So like boys like sexually Like would marry boy But kinda like girls romantically And Im not against romantic feelings towards the same gender Now sexually dont support it but will be there for anyone who is support people not for what they do but for their spirit and compassion towards everyone Pls dont come at me,Hope_speech,Images_SD/SD_HS_0337.jpg
My choice is to love and live life,Hope_speech,Images_SD/SD_HS_0600.jpg
Since when LIfe was defined by the colour of the skin of it Holder in this society everyone can live the LIfe they envisionMorgan Freeman and Denzel Washington are examples of this Claim,Hope_speech,Images_SD/SD_HS_0580.jpg
Dumse God also said to love everyone for who they are,Hope_speech,images_DE/DE_HS_0164.jpg
people have been campaigning for the removal for some time now They didnt listen,Non_hope_speech,Images_SD/SD_NHS_0195.jpg
Several deaths can be directly and indirectly linked to conversion therapy From suicide and long term impacts from the physical abuse such as brain or limb damage to some links to hate crimes against the failed projects of some of these camps,Hope_speech,images/IHS_0430.jpg
Im religious and LGBTQ,Hope_speech,images/IHS_0344.jpg
Noah as kid wasnt thinking like that was taught to respect everyone as long as theyre not hurting anyone,Hope_speech,images/IHS_0625.jpg
Its honestly not even battle between white vs black people Its battle between racists and people,Hope_speech,images/IHS_0471.jpg
yamiGAJw queer is basically an umbrella term for someone who is not straight or not cis cis means someone who identifies with the gender they were assigned at birth,Hope_speech,Images_SD/SD_HS_0633.jpg
Darryl wouldnt be surprised if this somehow actually got black people to start hating black people,Non_hope_speech,Images_SD/SD_NHS_0222.jpg
RL Verify with facts please,Non_hope_speech,images_DE/DE_NHS_0332.jpg
gave my niece set Im hoping to inspire the next engineer in my family,Hope_speech,images/IHS_0156.jpg
Why are all these kids smarter than me,Non_hope_speech,Images_SD/SD_NHS_0417.jpg
All life matters color is irrelevant,Hope_speech,images/IHS_0288.jpg
RESPECT LGBTQ PEOPLE SUPPORTING YALL TILL MY LOVE GIVES OUT :star-struck:,Hope_speech,Images_SD/SD_HS_0428.jpg
Im girl played with legos even as teenager,Hope_speech,images/IHS_0111.jpg
Thats the dumbest op Ive seen in while The president IS the person whos running the country dumbass,Non_hope_speech,Images_SD/SD_NHS_0258.jpg
Is conversion therapy illegal because it often times involves physical and mental abuse or do people just ignore that,Hope_speech,Images_SD/SD_HS_0538.jpg
God is love and god loves every good person no matters what,Hope_speech,images/IHS_0300.jpg
Im 14 year old girl and dream everyday of being an engineer,Hope_speech,images/IHS_0003.jpg
Is that supposed to be funny,Non_hope_speech,images_DE/DE_NHS_0327.jpg
Your Whole point is you dont fit in because you are girl nSTOP thinking about yourself as Female engineer,Hope_speech,images/IHS_0206.jpg
Tyrone Marcus no we are his children he loves us all we arent bad people we make mistakes,Hope_speech,images/IHS_0182.jpg
They shouldve put that one kid from the meet drag queen video who had the rainbow hair feel like it wouldve been good experience for him,Non_hope_speech,images_DE/DE_NHS_0249.jpg
Baden Jones Actually you cant You can choose who you date but at the end of the day you cant choose who youre attracted to,Hope_speech,images/IHS_0490.jpg
This was years ago,Non_hope_speech,Images_SD/SD_NHS_0405.jpg
When my mom suggested to me to become civil engineer pictured myself this strong smart woman in suits designing beautiful constructions visiting the site and giving instructions to the workers It sounded pretty amazing as girl who will be doing such things And right now Im on the path to become an engineer but sometimes really do feel lonely and discouraged though These kind of talks really inspire and sharpen me lot Thank you so much And what you are doing right now is so great Debbie,Hope_speech,Images_SD/SD_HS_0039.jpg
yes he loves everyone,Hope_speech,images_DE/DE_HS_0065.jpg
Im studying chemistry But boy engineering is amazing have lot of female friends in that field,Hope_speech,images/IHS_0179.jpg
Born to be star an icon She has done so much for the LGBTQ community Im so horrified by the hate she gets because of her age,Hope_speech,images_DE/DE_HS_0349.jpg
cried am also girl who wants to be an engineer since was in middle school Thank you so so much love it:pleading face:,Hope_speech,images_DE/DE_HS_0069.jpg
Ben Lynch but that sailor was just living his life,Non_hope_speech,Images_SD/SD_NHS_0646.jpg
Not matter if you like man or woman god love you all equal,Hope_speech,Images_SD/SD_HS_0397.jpg
dont just get people tearing down historic concentration camps Some things serve purpose of education and reflection on past atrocities the statue is not an ACTIVE and 21st century racist icon,Non_hope_speech,Images_SD/SD_NHS_0635.jpg
thats funny because last time checkednn1Women are smarter than mennnOnce women started demanding equal rights,Hope_speech,Images_SD/SD_HS_0453.jpg
Right in the feels,Non_hope_speech,images/INHS0297.jpg
fapnawb So All Lives Matter because all race that gets affected is applied,Hope_speech,images_DE/DE_HS_0115.jpg
Worenwu all lives means we are all equal,Hope_speech,images/IHS_0077.jpg
Yea think he should be the leader Holding pregnant woman at gunpoint is really brave,Non_hope_speech,images_DE/DE_NHS_0200.jpg
can relate with her experience being minority in MecEng Major is really hard but,Hope_speech,images_DE/DE_HS_0050.jpg
All lives DO MATTER but the question is out of CONTEXT Those who answer this question fall into the TRAP,Hope_speech,images_DE/DE_HS_0099.jpg
Thing is its easy to say that online like shrimp coward go to harlem or london and say that Ugghhhh,Non_hope_speech,images_DE/DE_NHS_0224.jpg
pray to get the chance to thank her for keeping me alive during very bad time in my life as young teen She is legend beyond legends Thank you Madonna,Hope_speech,Images_SD/SD_HS_0197.jpg
Alamayehu duh of course All lives not blm group agenda do your research Your naive,Non_hope_speech,images/INHS0500.jpg
skin is not race it is an organ that covers our body if it is black white or whatever colour it is only an organ what is wrong with people if black lives matter so much why are they killing their unborn children at such large numbers BLM only cares about getting money for their movement and not the people who they claim to be fighting for they dont care about anyone but their bank accounts or the cities where black people live would be improving but they are not explain that one and with these last riots how many black businesses were destroyed by these black lives matter groups,Hope_speech,images/IHS_0415.jpg
Very well said Gentlemen All lives matter Bernie wanted to vote for you but not no more because ALSO MATTER am Hispanic,Hope_speech,Images_SD/SD_HS_0064.jpg
im female computer science engineer and this was the most emotional ted talk ive ever watched sooo important,Hope_speech,images/IHS_0532.jpg
Jessica Walker think most people dont even know what you are trying to argue about agree with you Most people may or may not like homosexuals but its just an opinion its really not like they hate them personally dont support homosexuality but also dont hate them just dont support them in general do have one friend who is bi but dont really mind that hes bi just as long as he doesnt act odd around me Also,Hope_speech,Images_SD/SD_HS_0560.jpg
Brown meant to say dont care who Boos me because know at the end of day Im right its also pretty hypocritical people sit there and complain about racism but they turn around at the exact same way our lives only matter blah blah blah all lives the way see it racism is black and white either you think that you are better than that person because you are that color you are racist or you think theres no difference between that person whether theyre that color or not and you are not racist so what do you think about that the only way for racism the stop is when all lives matter but you know what think people are too proud to admit it so therefore racism will never ever ever end because people actually boo the people that make sense because it doesnt go with their beliefs you either believe that their lives matter and yours doesnt or youre racist but in reality theyre actually the ones being racist,Hope_speech,images_DE/DE_HS_0574.jpg
Reynolds You cannot change persons sexual orientation Period Thats why Its something hard wired in the brain,Hope_speech,images/IHS_0043.jpg
The girl with the short hair and cuffed jeans is going to come out just know it Internal homophobia,Non_hope_speech,images_DE/DE_NHS_0426.jpg
In my Civil Engineering classes Brazil fifty percent are woman,Hope_speech,images/IHS_0410.jpg
Im 12 and Ive known was into girls since was When was or 10 didnt know about homophobia and things so came out to some of my friends also didnt know they were religious and they told lot of people at my school,Hope_speech,images/IHS_0060.jpg
Apparently not since theyre complaining about things that arent legit complaints,Hope_speech,images/IHS_0319.jpg
Sanders is so clearly manipulating young people,Non_hope_speech,Images_SD/SD_NHS_0286.jpg
guess this is better start to getting us back to where we were before with childrens toys just dont see the reason for toy companys to have gone that route in the first place Or maybe our culture should stop genderizing professions Though,Hope_speech,Images_SD/SD_HS_0349.jpg
YouTube Account it is her right to think that though She isnt stopping anyone from using their rights,Hope_speech,Images_SD/SD_HS_0369.jpg
Definitely true all lives matter duddent matter what color you were born to bennnnMartin Luther King,Non_hope_speech,images_DE/DE_NHS_0512.jpg
Im all in for equality but think what the future holds for USA is akin to the aftermath of Nazi rule in Germany The German government is now very apologetic to the Jews People Whites maybe will become very sensitive to slight black person According to me,Non_hope_speech,Images_SD/SD_NHS_0509.jpg
Destroying history good or bad Fascism,Non_hope_speech,images_DE/DE_NHS_0083.jpg
Survivor Ridiculous not like the dude was on the verge of dying this is so stupid hes not survivor survivor is someone who went to war and SURVIVED im disgusted they compare this man to real survivor,Non_hope_speech,images/INHS0615.jpg
BLM is not racists if it were wouldnt be defending it here,Non_hope_speech,Images_SD/SD_NHS_0422.jpg
Jenny Yao am asking for 5050 with strong protections against misandric discrimination Males in those professions are double victims of capitalisms wage scale inequalities and also sexism against men in those professions,Hope_speech,Images_SD/SD_HS_0374.jpg
Yes that was genuine Bless her Never give up hope love you ladyx,Hope_speech,images/IHS_0474.jpg
Awesome Not only that youve created engineered,Hope_speech,images_DE/DE_HS_0520.jpg
Im lesbian and have been my whole life but came out to myself years ago am now 11,Hope_speech,images_DE/DE_HS_0098.jpg
Please for god sake just let people live their lives how they want,Hope_speech,images_DE/DE_HS_0119.jpg
Its Only people who idolize destruction that care about taking them down PeriodnnThey want to destroy anything,Non_hope_speech,images_DE/DE_NHS_0081.jpg
Ok but why is it protest against black lives matter,Non_hope_speech,images/INHS0365.jpg
Shes just such beautiful person Very touching interview,Non_hope_speech,Images_SD/SD_NHS_0345.jpg
This is the definition of talking for saying nothing,Non_hope_speech,images/INHS0525.jpg
Is Alive Im Christian and Im Lesbian,Hope_speech,Images_SD/SD_HS_0421.jpg
David Cobb no bell end its not what said is it,Non_hope_speech,Images_SD/SD_NHS_0214.jpg
As queer man feel for those that have been forced into conversion therapy But lets just get it out of the way,Non_hope_speech,images/INHS0162.jpg
This man is inspirational loved this,Hope_speech,Images_SD/SD_HS_0512.jpg
Someone beats my kid with book,Non_hope_speech,images_DE/DE_NHS_0453.jpg
This video is awesome Im 15 year old girl who will probably go into engineering at uni and cant wait,Hope_speech,Images_SD/SD_HS_0153.jpg
Just leave her alone She wouldnt want to look at the comment finding people asking about her sexuality because thats weird Its none of our business,Hope_speech,Images_SD/SD_HS_0586.jpg
So true was discouraged by men too They arent willing to help and pick on you for not knowing stuff that they learnt by communicating with their friends,Hope_speech,images/IHS_0170.jpg
God bless and protect sherif Clarke,Non_hope_speech,Images_SD/SD_NHS_0447.jpg
Im Living Like Jim Morrison its the truth it looked awful when she performed on New Years eve,Non_hope_speech,images/INHS0234.jpg
That little boy gives me hope for the world,Non_hope_speech,images/INHS0168.jpg
think Jaun is either ignorant or racist cant,Non_hope_speech,Images_SD/SD_NHS_0584.jpg
And now Sheriff Clark has been fired by Fox,Non_hope_speech,images_DE/DE_NHS_0029.jpg
Man the officer who killed him must be having the worst time of his life,Non_hope_speech,Images_SD/SD_NHS_0619.jpg
Can we please talk about the serious topic at hand instead of assuming what childs sexuality is,Hope_speech,images_DE/DE_HS_0346.jpg
Who is dying to go out and interact or employ black person after all of this with the risk of being branded racist if one day they decide to call you one the minute they dont agree with you Black community just does not understand that you cannot just simply demand respect from people,Non_hope_speech,images_DE/DE_NHS_0056.jpg
All of us matter All human life matters,Hope_speech,images_DE/DE_HS_0270.jpg
Lives matter If you nominate only one race before that statement you are the racist,Hope_speech,images_DE/DE_HS_0299.jpg
Im female marine engineer and also graduated from naval academy with rank of 2nd Lieutenant Reservist and used to work as third mechanic engineer onboard very large crude oil tanker vessels,Hope_speech,Images_SD/SD_HS_0433.jpg
wow its so amazing to knw about amazing its true nothings immposible for girls had givn me motivation for my engg entrance exam,Hope_speech,images/IHS_0247.jpg
Dont change because they dont like younChange because you want tonnDont really know if this is an origin quote,Hope_speech,images_DE/DE_HS_0134.jpg
Your life matters to me lot,Non_hope_speech,images_DE/DE_NHS_0333.jpg
Boa In US women are given preference over men by,Hope_speech,Images_SD/SD_HS_0184.jpg
He is very courageous,Hope_speech,images_DE/DE_HS_0193.jpg
Im going to cry went through such similar experience and just hope all people can take away from this is to really actually treat people how you would like to be treated and be kind,Hope_speech,images_DE/DE_HS_0614.jpg
As someone who dosnt really feel comfortable saying Im religious but would say my beliefs fall most closely to Christianity and attends church regularly this whole concept of conversation therapy disgusts me have read the Bible through and through Yes the Bible does say that homosexual actions are sinful It also says thousand other things are sinful things we are all guilty off in our lifetime the Bible clearly says all sin is forgivable The Bible says the greatest commandment is love Jesus when faced with the option to condemn chose love over and over and over again He forgave and he showed compassion In fact the only people Jesus was super blunt or mean with Was not the drunkerds,Hope_speech,Images_SD/SD_HS_0455.jpg
Megan Anderson can please dm me on insta really want to know more about that,Non_hope_speech,images_DE/DE_NHS_0531.jpg
Alll on the movement lives matter are criminals,Hope_speech,images_DE/DE_HS_0189.jpg
Wanted to write comment Then read yours Like and time saved Thanks,Non_hope_speech,images_DE/DE_NHS_0542.jpg
SUXASS yeah is annoying having to explain this all to my mum,Non_hope_speech,images_DE/DE_NHS_0031.jpg
Juan is so blind He doesnt want to lose his job he is under the democratic leadership,Non_hope_speech,images/INHS0410.jpg
All Lives Matter AlwaysnIf you dont like it,Hope_speech,Images_SD/SD_HS_0212.jpg
All lives matter Anything else is literally creating division,Hope_speech,Images_SD/SD_HS_0294.jpg
Brown its not an assumption when black lives matter and Antifa lock people inside building and then set it on fire thats not protesting nor rioting its domestic terrorism,Non_hope_speech,Images_SD/SD_NHS_0364.jpg
No one like her Thank you MADONNA You inspire me in world that is becoming so crazy Never give up hope NEVER,Hope_speech,Images_SD/SD_HS_0126.jpg
Conversion therapy is one of the most fucked up things ever heard Never agreed with it You cant change how someone biologically feels,Hope_speech,images_DE/DE_HS_0049.jpg
More ad hominems and no facts yawn,Non_hope_speech,Images_SD/SD_NHS_0052.jpg
bless you wish you all the very best xxx,Hope_speech,images_DE/DE_HS_0237.jpg
luckily more and more states and countries are making it illegal,Hope_speech,images/IHS_0501.jpg
weed is illegal,Non_hope_speech,Images_SD/SD_NHS_0623.jpg
zerosonico bruh that just aint okay to say that,Non_hope_speech,Images_SD/SD_NHS_0624.jpg
love the content but his voice irritates me,Non_hope_speech,images_DE/DE_NHS_0204.jpg
Literally every statue of anybody in history should be demolished then because guarantee that none of them can name one person from that time period who didnt own slaves,Non_hope_speech,images_DE/DE_NHS_0102.jpg
God straight up says love everyone so to me that over powers everything,Hope_speech,Images_SD/SD_HS_0395.jpg
Zara Hassan not the same The girl has respect for LGBTQ people She doesnt agree with being that,Hope_speech,images_DE/DE_HS_0105.jpg
Thank you so much for sharing such wonderful message,Hope_speech,images/IHS_0468.jpg
God gave us choice,Non_hope_speech,Images_SD/SD_NHS_0559.jpg
recently switched my major to computer science,Hope_speech,images/IHS_0267.jpg
Applaud the protesters,Non_hope_speech,Images_SD/SD_NHS_0536.jpg
Rebekah also If loving someone will send me to ever lasting tormmet Than taking that hell loved in love Ive had it for life time and if had choice thtta if love someone Ill be sent away to hell Im gonna love that person with all my heart No matter the hell Ill experience,Hope_speech,Images_SD/SD_HS_0607.jpg
Never said that but ok,Non_hope_speech,Images_SD/SD_NHS_0347.jpg
Dragons Find me one comment where said it was wrong to love someone have love for everyone in this world and have made that very clear throughout this thread All you see is hate and its because you have hate in you You love some and hate others love ALL people,Hope_speech,images/IHS_0642.jpg
No because that is hate crime Not the same as destroying statue of racist,Non_hope_speech,Images_SD/SD_NHS_0565.jpg
Shepard If hear any,Non_hope_speech,images_DE/DE_NHS_0229.jpg
Juan is political panderer,Non_hope_speech,images_DE/DE_NHS_0451.jpg
am truly Greg what do you mean,Non_hope_speech,images_DE/DE_NHS_0427.jpg
The black lives matter movement reminds me lot of the Black panther movement in the late 60s They protested pretty much the same ideals But were shut down by corrupt cops later on,Non_hope_speech,images_DE/DE_NHS_0448.jpg
Replace it with george floyd statue,Non_hope_speech,Images_SD/SD_NHS_0171.jpg
Yes plastic surgery,Non_hope_speech,Images_SD/SD_NHS_0368.jpg
WELL SAID BROTHER SPEAKING OUT FOR BABIES IN THE WOMB BECAUSE ALL LIVES DO MATTER PRAY EVERYDAY THAT WE COULD JUST LOVE EACH OTHER NO MATTER THE COLOUR OFOUR SKIN ONLY LOVE FOR ALL MAN KIND IS THE ANSWER OUR CREATOR GOD MADE ONLY ONE HUMAN RACE WE ARE ONE,Hope_speech,images/IHS_0564.jpg
When they started booing at the white life matters that kinds hurted me tho,Non_hope_speech,images/INHS0030.jpg
Its not All lives do matter End of argument,Hope_speech,Images_SD/SD_HS_0148.jpg
young lad was stabbed by black guy in racially motivated attack in Ireland The video is circulating on twitter Its not nice to watch,Hope_speech,images/IHS_0136.jpg
this is so inspirational,Hope_speech,images/IHS_0439.jpg
feel so base for that guy They treated him as if he wasnt human just because of who he loved :pleading face:,Hope_speech,images/IHS_0423.jpg
ALL LIVES MATTER IF YOU ALL LIKE IT OR NOT nTHIS CLOWN Juan williams SHOULDNT HAVE CAREER IN THE NEWS INDUSTRY BECAUSE HE KNOWS NOTHING,Non_hope_speech,images/INHS0052.jpg
The media an the left are using the black cause to further there own agenda,Non_hope_speech,Images_SD/SD_NHS_0572.jpg
girl Also my other issue is as the LGBTQ community is fighting for freedom equality they are treating anyone with different opinion as if theyve done something wrong,Hope_speech,Images_SD/SD_HS_0158.jpg
dont agree with homosexuality sounds as stupid as dont agree with being Its fact about someone,Hope_speech,Images_SD/SD_HS_0569.jpg
like seeing her this way She seems real,Non_hope_speech,Images_SD/SD_NHS_0435.jpg
All Lives Matter,Hope_speech,images_DE/DE_HS_0589.jpg
sheriff David Clarke is the man,Non_hope_speech,images/INHS0142.jpg
Im studying Mechanical Engineering and this has boosted up my mood years later,Hope_speech,Images_SD/SD_HS_0086.jpg
Inspiring talk Im glad found this video,Hope_speech,images/IHS_0505.jpg
shes inspiring,Non_hope_speech,Images_SD/SD_NHS_0281.jpg
feel like people dislike these videos without even watching them,Non_hope_speech,images/INHS0229.jpg
yall need to shut up ab annie every girl with short hair isnt lesbian jesus christ,Hope_speech,images_DE/DE_HS_0555.jpg
OH NO dont want to get microarrested and go to microjail,Non_hope_speech,images/INHS0519.jpg
Every life on this world matters,Hope_speech,Images_SD/SD_HS_0445.jpg
its no exaggeration feel the same to this day,Non_hope_speech,images/INHS0251.jpg
She looks amazing,Non_hope_speech,Images_SD/SD_NHS_0344.jpg
Because we already know that White Lives Matter you fool,Non_hope_speech,images_DE/DE_NHS_0192.jpg
donated money to my charity call white man collage fund please help,Non_hope_speech,images_DE/DE_NHS_0468.jpg
USA is imploding,Non_hope_speech,Images_SD/SD_NHS_0085.jpg
White lives matter Black lives matter your lives matterThe ridiculous crap needs to stop,Non_hope_speech,Images_SD/SD_NHS_0165.jpg
Covid19 was created for this purpose,Non_hope_speech,images/INHS0468.jpg
JACkEBOY says person that isnt infected Someone who is might have different opinion Stay safe,Non_hope_speech,Images_SD/SD_NHS_0504.jpg
Razvan Lupu he isnt saint,Non_hope_speech,images/INHS0292.jpg
Only women are to blame for not giving opportunities to other women,Non_hope_speech,images_DE/DE_NHS_0486.jpg
Rebekah nHonestly Think logically for two seconds nIf you were so nice and so caring,Hope_speech,Images_SD/SD_HS_0522.jpg
Dont call me black or white call me by my name Im not white have freckles and go different colours My name is Norman,Hope_speech,images/IHS_0102.jpg
Why do we have statue of slave trader,Non_hope_speech,images/INHS0576.jpg
To the ones who think or feel not all religious people are bad In this case we are assuming christianity for right know There are bad Christians no lie this is true but also lot of Christians are kind are excepting So be kind used to hate Christians because thought they would hate me back But realized not all of them will hate me,Hope_speech,Images_SD/SD_HS_0562.jpg
The best cop ever,Non_hope_speech,images/INHS0226.jpg
Brandow nThankyou RitanEnjoy the day,Non_hope_speech,images_DE/DE_NHS_0242.jpg
love that lil man with grey thoughtful and so wise:orange heart:,Hope_speech,images/IHS_0251.jpg
TurnernNone of that addresses the question as to why transsexual should be mentioned as sexuality alongside lesbian,Non_hope_speech,images_DE/DE_NHS_0455.jpg
These kids are much smarter than we think they are,Non_hope_speech,images/INHS0411.jpg
Ray AgenThere is no sexism that you know of,Non_hope_speech,images/INHS0018.jpg
All lifes matter,Hope_speech,images_DE/DE_HS_0365.jpg
All lives matter Anything else is racism,Hope_speech,Images_SD/SD_HS_0416.jpg
and throwing away boxsets of roots,Non_hope_speech,Images_SD/SD_NHS_0398.jpg
Much love and best of wishes You have an inmence amount of potential,Hope_speech,images/IHS_0622.jpg
Say no to racism Bury all those racial memories that keep humanity down and back,Non_hope_speech,images/INHS0570.jpg
The Sheriff is good person He hits the nail on the head,Non_hope_speech,images/INHS0256.jpg
No This time we ll never forget dont loock back Peter Tosh and Mick Jaggern,Non_hope_speech,images/INHS0031.jpg
CHASER its cool that he including being Asian It shouldnt be big deal also agree with the sheriff,Non_hope_speech,Images_SD/SD_NHS_0280.jpg
love Madonna shes trailblazer and trendsetter thx Madonna for being unapologetically yourself and spreading love and empowering messages your so inspirational love my beautiful queen Madonna,Hope_speech,images_DE/DE_HS_0308.jpg
live in the Netherlands,Non_hope_speech,images_DE/DE_NHS_0127.jpg
god gave us choice my choice is to lovenwhat an amazing kid,Hope_speech,images_DE/DE_HS_0467.jpg
love this get little discouraged every time go to classI am the only girl among 110 students in my class am currently in my fourth year studying civil engineering It has been an interesting and challenging ride for me Listening to Debbie Sterling talk about her experiences gives me hope for this and the next generation of engineer girls,Hope_speech,images/IHS_0120.jpg
god gave us choice and my choice is to lovennnThat kid is so sweet,Hope_speech,Images_SD/SD_HS_0218.jpg
every race is racist,Non_hope_speech,images/INHS0147.jpg
think that the homosexual people arent bad,Hope_speech,images/IHS_0543.jpg
Madonna in her songs and her voice have always been there as way to comfort me,Hope_speech,images_DE/DE_HS_0463.jpg
They multiplied Remember HIM said theat he will be replaced be the oncoming generation nSo Mussolini and Hilter and Il Re et Emperatore they are still around aswell nMay Halie Selassie bless you Much love and greetings in the name of HIM from Germany Deutschland,Non_hope_speech,images/INHS0253.jpg
Ill be honest this speech did not inspire me She made it seem like they dont encourage women to do well in engineering As Chemical Engineering student have been nothing but supported by teachers and other classmates in my program to succeed and do well The STEM field wants more women in the field women just dont choose to be in the field The majority of women want to be in other careers like teaching or business Most of the girls that have talked to ask me why would want to be into major like this Its not problem of women not being encouraged to be in engineering,Hope_speech,Images_SD/SD_HS_0516.jpg
hes not trying to be funny hes telling facts through the evelotinary chain of primates to humans roughly million years ago weve been the first species complex and capable enough to create third gender or at least reverse engineer gender not only that but most breeds of dogs and cats exsist today because humans are again the only species on earth capable of doing the things we do,Non_hope_speech,Images_SD/SD_NHS_0104.jpg
Ultra sadly it isnt reported by the media as much as it should be,Non_hope_speech,images_DE/DE_NHS_0500.jpg
Paulu are incorrect when say backs are killed more than white by police as in 2019 police killed 1004 people in America but 250 were black that leaves around 650 were of other races and considering whites are the most common race in America that mean large amount of that 650 were white And all lives matter was just slogan but is now movement as things change though time and so do people But Im white,Non_hope_speech,images_DE/DE_NHS_0599.jpg
every generation is ungrateful not just this one,Non_hope_speech,images/INHS0322.jpg
If all of the horrible things happend when he was 14 and he came out of the closet when he was 13 that means he had terrible birthday,Non_hope_speech,images/INHS0129.jpg
The star was most likely chosen to fit the text,Non_hope_speech,Images_SD/SD_NHS_0145.jpg
People who say all lives matter are just playing dumb at this point,Non_hope_speech,images_DE/DE_NHS_0294.jpg
ALL LIVES MATTER WE ARE ALL GODS CHILDREN ANYONE WHO BELIEVES OR THINKS ANY DIFFERENT WILL PROBABLY END UP BURNING IN HELL READ YOUR BIBLE AT WHAT TIME DID IT BECOME WRONG ITS ALWAYS BEEN THE TRUTH KNOW GODS WORD BECAUSE ONE DAY YOU WILL END UP FINDING OUT THE HARD WAY ITS NEVER TOO LATE UNTIL ITS TOO LATE,Hope_speech,images/IHS_0497.jpg
dont wanna fight was just saying,Non_hope_speech,images_DE/DE_NHS_0456.jpg
Shes living legend She changed the world Madonna are my life,Hope_speech,images_DE/DE_HS_0244.jpg
may ask why,Non_hope_speech,Images_SD/SD_NHS_0102.jpg
and MSNBC is the Left version of Fox,Non_hope_speech,Images_SD/SD_NHS_0035.jpg
Kids meet an Xbox player,Non_hope_speech,Images_SD/SD_NHS_0170.jpg
As Christian absolutely cannot stand conversion therapy God teaches us to love everyone,Hope_speech,images_DE/DE_HS_0551.jpg
They have done everything so they will eventually run out out kids meat thats what mean,Non_hope_speech,images/INHS0368.jpg
Its done Get over it It needed to be done and the government was just stalling,Non_hope_speech,Images_SD/SD_NHS_0003.jpg
am man and support this,Hope_speech,Images_SD/SD_HS_0202.jpg
Byuriii the joke is on those who judge,Non_hope_speech,Images_SD/SD_NHS_0463.jpg
Princess Di liberals love promises like PLANS,Non_hope_speech,Images_SD/SD_NHS_0101.jpg
am so grateful to live in an environment where rarely get to hear things like engineering is not for women When was little,Hope_speech,Images_SD/SD_HS_0333.jpg
ALL LIVE MATTER All controversy over this is caused by racist bigots Black lives mater is racist statement and supports segregation Black lives matter supports black supremacy just as KKK supports white supremacy Black lives matter and KKK ate both equally racist Plain and simple,Hope_speech,Images_SD/SD_HS_0541.jpg
No they dont,Non_hope_speech,images_DE/DE_NHS_0338.jpg
Try making that Sheriff victim What legend,Non_hope_speech,images_DE/DE_NHS_0352.jpg
Also Im not disagreeing with you but the enslaved bit was for every other race apart from white but still ALM,Non_hope_speech,Images_SD/SD_NHS_0377.jpg
Black lives matternWhite lives matternAsian lives matternAustralian lives matternI mean is no one gonna stop me cus Ill be here all daynAll lives matter but so does freedom of speech,Hope_speech,images/IHS_0051.jpg
understand why Black Lives Matter doesnt want to include all other races because it destroys the purpose of their point Of course all lives matter But it including others hurts their cause Think about it,Non_hope_speech,images_DE/DE_NHS_0344.jpg
dont believe in lying yourself to make other people happy That is straight to the bones,Hope_speech,images/IHS_0493.jpg
People say it because its truthful Your problems arent bigger than my problems Your life isnt more worthy of being talked about than my life You arent better just because you say you are ALL LIVES MATTER If you really think that statement is meant to silence black people,Non_hope_speech,Images_SD/SD_NHS_0004.jpg
How bout we stop saying black lives matter or all lives matter lets just all agree LIVES MATTER idc if you frog human purple dude in banana costume,Non_hope_speech,images_DE/DE_NHS_0359.jpg
Her speech is the reason why have decided to give my passion try And yeah Its engineering,Hope_speech,images_DE/DE_HS_0075.jpg
Your MANIPULATION tactic does Not work with GodnBLM is Hurting the black community and everyone else,Non_hope_speech,images/INHS0552.jpg
And what are those,Non_hope_speech,images/INHS0436.jpg
Im so thankful that growing up had those construction toys to play with when was young Its amazing that youve inspired such young girls to become excited about building things and learning about engineering,Hope_speech,images_DE/DE_HS_0179.jpg
Posidonlusional because ALM isnt addressing the concerns of BLM BLM is trying to fix various problems in the black community,Non_hope_speech,Images_SD/SD_NHS_0626.jpg
have friend who chose to be lesbian because of negative experiences she has had with men Now she is happily living with her girlfriend doesnt miss being with man at allnnI have heard for others it is not choice and think that thats okay dont understand the hate against LGBTQQIAAP,Hope_speech,images_DE/DE_HS_0217.jpg
God gave us choice My choice is to love Omgosh,Hope_speech,images_DE/DE_HS_0288.jpg
your guessing,Non_hope_speech,images/INHS0635.jpg
All life matter That simple,Hope_speech,Images_SD/SD_HS_0515.jpg
wish that people werent so heartless She truly is an advocate for bettering the lives of others just wish that the so many lives were never taken away,Hope_speech,images_DE/DE_HS_0342.jpg
am cryingso much love to Marcus and everyone LGBTQ,Hope_speech,images_DE/DE_HS_0549.jpg
lucky you hope can find my way to be such great woman Wish me luck,Hope_speech,images_DE/DE_HS_0112.jpg
Thats really greatYeahThats itOne person can make all the difference,Hope_speech,Images_SD/SD_HS_0160.jpg
What fun joke,Non_hope_speech,images/INHS0490.jpg
How can you not agree with sexuality Its like not agreeing with the moon,Hope_speech,images/IHS_0315.jpg
Repent God loves the sinner but hates the sin Dont believe this creature of Satan Shes going down and shell drag as many as she can with her,Non_hope_speech,Images_SD/SD_NHS_0036.jpg
blisscl totally understand just think the slogan sounds racist,Hope_speech,images_DE/DE_HS_0559.jpg
Even the most remote part of our places here when they see Madonna picture or hear her song you can see inspiration and it radiates from her,Hope_speech,images_DE/DE_HS_0496.jpg
Is normal to be terrified but to be brave does not mean abscense of fear but to act despite the fear,Hope_speech,images/IHS_0498.jpg
It really sucks at least in america you have freedom of speech for now cant believe in 2020 we are still having skin colour prejudice and issues as result it is pathetic if in millennia we cant get past something so simple as to understand that diversity is benefit to our survival as species we are doomed,Hope_speech,images_DE/DE_HS_0394.jpg
That was girl,Non_hope_speech,images_DE/DE_NHS_0161.jpg
im in high school thats an engineering magnet school and in my engineering school their are girls out of 30 kids kind of upsets me and adding that of them have dropped the engineering program for the following year,Non_hope_speech,images/INHS0161.jpg
You know it friend,Non_hope_speech,images_DE/DE_NHS_0206.jpg
Network Engineer here 23 and currently working as an instructor teaching men and women looking to be in IT Next want to teach at University,Hope_speech,images_DE/DE_HS_0597.jpg
Lonelymilanj are you for realshe did her work when no one else did,Hope_speech,images_DE/DE_HS_0454.jpg
Exactly Ive thought of becoming pilot and currently studying computer science which are both male dominated industries sometimes cant help but also worry about how my future in these fields of career would be like would be lonely will be not as as good These talks really just gives me some sort of motivation to move forward,Hope_speech,images/IHS_0159.jpg
Should this be removed,Non_hope_speech,images_DE/DE_NHS_0524.jpg
Political arroganceignorance is what got the world in the mess it is in,Non_hope_speech,Images_SD/SD_NHS_0301.jpg
She had an engineering job If youre so interested in her accomplishments look them up,Hope_speech,images/IHS_0169.jpg
mdnayoure beacon of hope in dark unpredictable worldthank you for standing up and continuing the fight for changei love you,Hope_speech,Images_SD/SD_HS_0241.jpg
All this do is dividing black and white people even more We have to look beyond skin color Erase the boundaries between people When we do that there will be no black community or white community It will be peoples community,Non_hope_speech,Images_SD/SD_NHS_0355.jpg
It should never be controversial to say All Lives Matter have several good Black Asian friends who treat me with the same respect as do for them Regardless of what race you are,Hope_speech,images/IHS_0551.jpg
grew up being supported by my chemical engineer father that taught me math with so much joy and love,Hope_speech,Images_SD/SD_HS_0328.jpg
Yall are missing the point of black lives matter Black lives matter means equal rights for black ppl and it doesnt mean were dismissing other races If disagree with BLM your disagreeing with black ppl living in society and if disagree with that then idk what to say to you,Hope_speech,images_DE/DE_HS_0078.jpg
why dont you want other minorities to also be treated equally,Non_hope_speech,images_DE/DE_NHS_0175.jpg
This was so powerful and appreciate conversations with kids This is beautiful thing that you are doing and one of the greatest conversations Ive ever watched Shoutout to some of the parents because the kids were pretty mature,Hope_speech,Images_SD/SD_HS_0225.jpg
Hahahaha that sexism test at the end was such horsesht,Non_hope_speech,Images_SD/SD_NHS_0394.jpg
Its the feminism effect,Non_hope_speech,images/INHS0023.jpg
Rizki religion is choice whereas homosexuality is something youre born with,Hope_speech,Images_SD/SD_HS_0312.jpg
Why not give the bisexuals some options,Non_hope_speech,images/INHS0181.jpg
Shoot the cop who killed Floyd,Non_hope_speech,images/INHS0590.jpg
God wants understanding and acceptance of others Thats it Literally the number one rule is love thy neighbor nThese people Smh,Hope_speech,Images_SD/SD_HS_0216.jpg
Free The Nipple operated under the assumption that men would try to oppress them,Non_hope_speech,images_DE/DE_NHS_0346.jpg
fuck you Timothy Kimmel you worthless sack of shit,Non_hope_speech,images_DE/DE_NHS_0612.jpg
In short it cant be all lives matter because black people is unfairly treated by police it doesnt mean we said blm it doesnt mean all lives doesnt matter we cant matter until they can,Hope_speech,images/IHS_0517.jpg
Your actually,Non_hope_speech,images_DE/DE_NHS_0347.jpg
Paul my heart is not full hatred ibam not racist person am black my self the naacp is honestly not need anymore it aint the Jim crow era black were truly oppressed black peot are not the only racial or ethnic group that experience disadvantages all live matter want to figh for that basic human right that no human being should experience racism and discrimination or should be killed for who the we come together as humans and fight for all human being who suffered from these issues not juts black people,Hope_speech,images_DE/DE_HS_0145.jpg
BOOOO WE WANT EQUALITY BUT LETS BE RACIST TO EVERYONE ELSE WHO ISNT OUR SKIN COLOR BOOOOO,Non_hope_speech,Images_SD/SD_NHS_0011.jpg
Sunshine littlephilly bro you are Who are you to tell someone they will burn for being in love Your god may preach hate and violence but spreading that message makes you part of the problem and shoving your hate down peoples throats is simply wrong,Non_hope_speech,Images_SD/SD_NHS_0113.jpg
More whites killed by cops than blacks killed by cops think we need movement to combat the brutalization of white citizens by the police nnWHITE LIVES MATTER,Non_hope_speech,Images_SD/SD_NHS_0429.jpg
Bear noticed you mentioned that slaves was Democratic Party thing wonder how the racist Democratic party elected Obama How did that happen Republicans hated Obama can you explain that,Non_hope_speech,images/INHS0004.jpg
All lives matter But police department needs to screen there officers on the background take it from there,Hope_speech,images/IHS_0203.jpg
except in this case the vast majority of people hate the people ripping the statue down,Non_hope_speech,images/INHS0077.jpg
Shes in the Guinness Book of World Records as the most selling female recording artists of all time,Non_hope_speech,Images_SD/SD_NHS_0149.jpg
Campbell nopenIf all lives DONT matter FIRST How can ANY lives matter,Non_hope_speech,Images_SD/SD_NHS_0317.jpg
2020 is the moment that ppl wont ever forget,Non_hope_speech,Images_SD/SD_NHS_0526.jpg
All black panel How smart is that And what is up with the that sheriff and slavery He loves that word,Non_hope_speech,Images_SD/SD_NHS_0339.jpg
Thats right all lives do matter period and if you think that its not then shame on you ALL LIFE MATTERS PERIOD ONE LOVE TO ALL HUMANS,Hope_speech,images_DE/DE_HS_0192.jpg
Butcher not higher than white on white Do your research idiot,Non_hope_speech,images/INHS0501.jpg
Wow This is amazing You are changing the world for better,Hope_speech,Images_SD/SD_HS_0139.jpg
my guy true shit,Non_hope_speech,Images_SD/SD_NHS_0541.jpg
van rossum nWhat Thats not equality Putting one race over the other My god nnALL LIVES MATTER,Non_hope_speech,images_DE/DE_NHS_0487.jpg
All lives do not matter cause white people didnt get lynched this week,Non_hope_speech,Images_SD/SD_NHS_0138.jpg
Madonna is amazing she really is she fights for what she believes in and that awesome Ive loved her since was really young,Hope_speech,images_DE/DE_HS_0019.jpg
Having homossexual relationships used to be normal in old Greecer The Spartans accepted it as way of creating bond between warriors,Hope_speech,Images_SD/SD_HS_0629.jpg
All Lives Matter Remember Jessica Doty Whitaker,Hope_speech,Images_SD/SD_HS_0409.jpg
Thank you very much for this This inspired me sm,Hope_speech,images/IHS_0148.jpg
Richard Littler how,Non_hope_speech,images/INHS0222.jpg
Some of these little kids are so bright its crazy also love how kind and open Marcus was He had wonderful message about being yourself in general no matter who you are and love that,Hope_speech,images_DE/DE_HS_0329.jpg
larry elder just evaporated this dude,Non_hope_speech,images/INHS0549.jpg
Be armed nBe trained nBe ready n1,Non_hope_speech,images_DE/DE_NHS_0434.jpg
That is what black lives matter protesters are trying to say All lives matter,Hope_speech,images_DE/DE_HS_0326.jpg
She loves gays Big source of revenue for her,Non_hope_speech,images/INHS0036.jpg
Yvonne Terran please educate yourself Your comment is extremely insensitive and racist,Non_hope_speech,images_DE/DE_NHS_0585.jpg
where do they get these kids theyre so thoughtful,Hope_speech,images/IHS_0216.jpg
Your life doesnt matter just because youre any one race Your life matters if youre not racebaiting piece of human garbage If you dont think my life matters,Non_hope_speech,images_DE/DE_NHS_0402.jpg
Wow am studying mechanical engineering and this is motivational so much as female,Hope_speech,images/IHS_0286.jpg
ALL LIVES MATTERS we should be in this movement not there were only there kind matters,Hope_speech,Images_SD/SD_HS_0306.jpg
could maybe be sympathetic if they were less vague All hear is them ascribing sinister motives to people who seem like they are just being overly friendly nerdsnAnd these testimonials right before the statstics on women engineers in Silicon Valley seem to imply that the reason that there are less women in tech there is because it is hostile environment for women But step in your typical engineering classroom in America and then tell me that there are as many women interested in engineering as men gender inbalance does not automatically mean discrimination,Hope_speech,images/IHS_0122.jpg
Shes such cold phony Its great that she shows supports for gays,Hope_speech,images/IHS_0375.jpg
If it bothers you that we say black lives matter,Non_hope_speech,images_DE/DE_NHS_0606.jpg
love how Kazachstan has the lowest percentage of Central Azia Maybe part of Borats legacy,Non_hope_speech,images/INHS0497.jpg
Tucker Carlson is fired from Fox news republican massmedia talked too much common sense,Non_hope_speech,Images_SD/SD_NHS_0558.jpg
Im religious and lesbian,Hope_speech,images_DE/DE_HS_0052.jpg
Now for premise am not American and dont get the whole context and details of this issue but according to my research meaning stats some from the FBI black lives are disproportionately hurt by police brutality compared to other races,Hope_speech,Images_SD/SD_HS_0329.jpg
Will nutsnThere good people and bad people All life matter,Hope_speech,images_DE/DE_HS_0413.jpg
Haskins Where did you get your PhD on Black people Do you have degree in American history Is black history American history you literally have no idea about the other person,Non_hope_speech,images/INHS0610.jpg
But you can be girly and know lot of technical stuff,Hope_speech,Images_SD/SD_HS_0075.jpg
You dont dictate my future dont care what color you are and dont care if Im Mexican American,Hope_speech,images/IHS_0527.jpg
say all lives matter dont care who likes it and who dont point blank ALL LIVES MATTER,Hope_speech,images_DE/DE_HS_0414.jpg
All lives matter no just black see if black cop did this to white man nobody would care of course he didnt deserve to die like this nobody should but still if this was vice versa people wouldnt care and know because this has happened in the past and nobody protested for him,Hope_speech,Images_SD/SD_HS_0113.jpg
hmm never thought of it that way you could be right Ill have to so some research but my point still stands it never says in the bible to hate anyone for any thing,Hope_speech,images/IHS_0232.jpg
think women and men should be treated equal but Im sorry but if you put man into workplace full of girls,Hope_speech,images/IHS_0562.jpg
One woman did all this big shoes to fill when shes gone,Non_hope_speech,Images_SD/SD_NHS_0021.jpg
Repent for what Are we casting stones What did Jesus say about that Hypocrite,Non_hope_speech,Images_SD/SD_NHS_0175.jpg
,Non_hope_speech,images_DE/DE_NHS_0046.jpg
Im still hiding my gender to my parents and they dont know Im dating someone My friends knows already about my gender and they are very supportive of it And Im very thankful to find true friends like them,Hope_speech,images_DE/DE_HS_0059.jpg
want to be computer engeneer on sha Allah,Hope_speech,images/IHS_0163.jpg
The Black community has dealt with many years of systematic racism and oppression We are more than tired of it Black Lives Matter is movement to bring forth awareness in our community Saying all lives matter,Hope_speech,images/IHS_0078.jpg
Raphael Taylor Am,Non_hope_speech,Images_SD/SD_NHS_0119.jpg
couldnt imagine going through that Hes so strong Thankful for all of the people that stood up for equality Love all of you,Hope_speech,images_DE/DE_HS_0259.jpg
Alexander Laurie Birchley what does bringing down war memorialsleaders even achieve Who would actually benefit from it Theyre literally only doing it to look good,Non_hope_speech,Images_SD/SD_NHS_0294.jpg
No they dont read books,Non_hope_speech,Images_SD/SD_NHS_0079.jpg
youll make it no doubt you seem so passionate and hardworking,Hope_speech,images/IHS_0426.jpg
this is just so sad of how people are treating black people just because of their race hope this ends soon,Hope_speech,images/IHS_0134.jpg
believe that all lives matter,Hope_speech,images_DE/DE_HS_0611.jpg
This Madonna reminds me of the bedtime stories Madonna She sounds so calm,Non_hope_speech,images/INHS0465.jpg
Im very lucky that all my friends and family respect that am bisexual,Hope_speech,images_DE/DE_HS_0187.jpg
more like you upstanding hero of little bean,Non_hope_speech,Images_SD/SD_NHS_0077.jpg
Rellie Wise literally not even half,Non_hope_speech,Images_SD/SD_NHS_0488.jpg
You have the best mindset It seems many project mental barriers which are not beneficial Males also find their studies difficult,Hope_speech,images/IHS_0419.jpg
Say all lives matter is,Hope_speech,images_DE/DE_HS_0038.jpg
Id hug this guy And if were at the conversion therapy Id act like Ian from Shameless and free everyone,Hope_speech,Images_SD/SD_HS_0331.jpg
How is it going so far Im looking to go into engineering too,Hope_speech,images_DE/DE_HS_0246.jpg
balance of truth Listen and learn its called panderingdivide and conquerits democrat way,Non_hope_speech,images_DE/DE_NHS_0049.jpg
THIS WAS VERY INSPIRATIONAL TO ME,Hope_speech,images_DE/DE_HS_0587.jpg
Talk about SUCKING BIG BLACK ONE,Non_hope_speech,images/INHS0426.jpg
Its really amazing,Non_hope_speech,Images_SD/SD_NHS_0278.jpg
Black lives matter all lives matter regardless of skin colour,Hope_speech,images_DE/DE_HS_0630.jpg
race bajannYour brain is scam,Non_hope_speech,images_DE/DE_NHS_0112.jpg
Well that sucks People with 12 decades of experience in this tough environment not being taken serious is pretty disrespectful,Hope_speech,images_DE/DE_HS_0160.jpg
Can we please stop stereotyping homosexual women looks Thank you,Hope_speech,Images_SD/SD_HS_0291.jpg
marcus where are the people who did this to you so can beat them with book,Non_hope_speech,Images_SD/SD_NHS_0230.jpg
If ur lgbt and ur parents are like his urge you to not come out until you are old enough so you know safe place to go or old enough to leave,Hope_speech,Images_SD/SD_HS_0498.jpg
Wtf is conversion therapy If someone just born like this,Hope_speech,images_DE/DE_HS_0266.jpg
Thank you So true The church has done SO many awful things in Gods name and been terrible reflection of Christ Praying the church can wake up and repent of its past and present sins dont blame people for wanting to stay far from Christianity It just breaks my heart since know the way many Christians act is so contrary to the way Jesus called us to live He loved sinners,Hope_speech,images_DE/DE_HS_0230.jpg
God put us on this Earth for reason he put lgbtq so people know its okay to be different,Hope_speech,images/IHS_0194.jpg
Yes that was genuine Bless her Never give up hope love you ladyx,Hope_speech,images_DE/DE_HS_0256.jpg
Can be honest Idga single what others think about me and am just learning that there arent many women in the engineering field It doesnt really trouble me one bit My goal is to study it,Hope_speech,images_DE/DE_HS_0475.jpg
Olson am black and approve of this message,Non_hope_speech,images_DE/DE_NHS_0325.jpg
The republicans dont give crap either Looking whats happening now under trump watch and now the worst economy since the Great Depression,Non_hope_speech,images_DE/DE_NHS_0024.jpg
People should never have to be ashamed of their race or anything else None of us are responsible for what people in the past did We are responsible for what we do in our present ALL LIVES MATTER Thanks for your post Zackary,Hope_speech,Images_SD/SD_HS_0051.jpg
Kodomo Alright leftist,Non_hope_speech,images/INHS0605.jpg
used to think All Lives Matterno days,Hope_speech,images_DE/DE_HS_0262.jpg
Discrimination in hiring is illegal under Federal law,Hope_speech,images_DE/DE_HS_0456.jpg
Im pretty sure his wikipedia page is still on No one finds out about history in statues,Non_hope_speech,images_DE/DE_NHS_0423.jpg
That sheriff is NOT having it lol,Non_hope_speech,images/INHS0493.jpg
Matthew agreed,Non_hope_speech,images/INHS0082.jpg
Innocent water riding or some,Non_hope_speech,images/INHS0343.jpg
the little girl the ruffle sleeves or whatever is so sweet and supportiven mah heart mh soul,Non_hope_speech,images_DE/DE_NHS_0559.jpg
All lives matter thats it Move on now,Hope_speech,Images_SD/SD_HS_0475.jpg
All Lives Matter We are all the same inside of our bodies Ask God He Created us,Hope_speech,images/IHS_0473.jpg
ItsKimch Thats not the same thing as what hes talking about Forced fasting is when he was withheld food not by his own choosing or belief in its purpose,Non_hope_speech,images/INHS0339.jpg
33 Rich peoples lives apparently matternOf course they do That is the whole purpose of the struggle We want to make sure thatnBlack lives matter,Non_hope_speech,images/INHS0405.jpg
Sure wished played with legos as young child,Hope_speech,Images_SD/SD_HS_0524.jpg
New software may be answer for police dept abuse to be ended finallynRemember redlining by banks on loans to designated areas of cities loans were too risky to give too blacks Now fuming police Depts and their unions support will try it with new spin Soon Google earth and algorithims will take the address and zip to tell an officer if call is to an extremely hazardous RED or safe GREEN ZonesnTHEY WILL RESPOND AT THEIR DISCRETION WITH NO REPERCUSSIONS BY POLICE DEPT ALLOWEDA RESULT OF UNION NEGOTIATIONSnPolice are not obligated to go into an overly dangerous situation and sacrifice their life and blacks being lost needlessly,Non_hope_speech,Images_SD/SD_NHS_0134.jpg
Yh the ones that know George floyd was criminal and known just for that,Non_hope_speech,images_DE/DE_NHS_0291.jpg
Never give up never think you are less because of choice you make you are you and that will always be the same,Hope_speech,images_DE/DE_HS_0523.jpg
Im am fortunate to live where do If you contribute and act as decent person you are treated equally the same Regardless of race religion etc Knowones life here is undervalued Not even the sorry people of all colors,Hope_speech,images/IHS_0291.jpg
Im in love with loving and wouldnt change him,Hope_speech,images/IHS_0125.jpg
2020 is definitely the worst year Ive witnessed all my life,Non_hope_speech,images/INHS0057.jpg
Chalk hope you succeed Good luck to you and all the women out there,Hope_speech,images_DE/DE_HS_0228.jpg
Its nice to see another religious but also lgbt person,Hope_speech,images/IHS_0519.jpg
If God was important they wouldnt oppose equal rights,Non_hope_speech,Images_SD/SD_NHS_0194.jpg
like that it was in toronto live in canada the most racist province you can find yourself in is Alberta because its essentially the texas of canada Toronto and British Columbia are the most diverse and inclusive places to be while wont say racism doesnt exist here,Hope_speech,images_DE/DE_HS_0335.jpg
Only people can understand Madonna who has gone through so much pain as she did the battle losing her son and other emotional things,Hope_speech,Images_SD/SD_HS_0513.jpg
lmao thought annie was lesbian yet she said dont agree with homosexuality what,Non_hope_speech,images_DE/DE_NHS_0430.jpg
When saw the video,Non_hope_speech,images/INHS0094.jpg
Beautiful and honest interview She has taught me so much She continues to fight the haters Inspiring me always,Hope_speech,Images_SD/SD_HS_0012.jpg
respect and love your nation very much Very chill and open minded towards the stupid western media,Hope_speech,images_DE/DE_HS_0079.jpg
Excuse me BeatenWith BIBLE Are these people calling themselves Christians Because thats the most unJesus like thing Ive ever heard,Non_hope_speech,images/INHS0242.jpg
George Floyed abaddoned his family Girl barely knew him,Non_hope_speech,images/INHS0499.jpg
SHE IS NOTHING BUT TOOL FOR THE ILLUMINATE SAD,Non_hope_speech,images/INHS0628.jpg
all lives matter Regardless of your skin colour By saying blm youre dividing us Which is literally taking 10 steps backwards How do not see this,Hope_speech,images_DE/DE_HS_0338.jpg
think its is Its literally form of torture,Hope_speech,images_DE/DE_HS_0634.jpg
Im 14 and in my school Im in special class for STEM students We have 22 students in the class and of us are girls And yes the boys do think that they are so much better than us,Hope_speech,Images_SD/SD_HS_0061.jpg
barwick bloke driving his family away from the city or thousands of protesters crammed in city protesting about an incident across the Atlantic yeah nice one,Non_hope_speech,images_DE/DE_NHS_0003.jpg
Imposing conversion therapy on anyone is evil It is terrible humans pretending they speak for God and have right to be cruel and judgmental in his namen2 Once again,Hope_speech,images/IHS_0514.jpg
saw it just now Like where have been This is amazing,Hope_speech,Images_SD/SD_HS_0103.jpg
Weather your white or black just think for solitary second suppose you were white and it is all of sudden that it was illegal to say all live matter and only black lives matter was allowed to matter how would that make your kind feelnnIf were all of you would heavily think about not caring for only one nationality one race and only one skin color and think about each and every ounce of life that is on this planet because every single day everyone is killing one another and if you all dont stop its going to keep on going until there is no more life on this planet nnAll life matters because all life is precious nnLike Hannity said if you all dont have the courage to speak out and say ALL Lives MATTER then you all are political racist cowereds nnGod bless you Hannity,Hope_speech,Images_SD/SD_HS_0579.jpg
She saved mine as well Thank you with all my heart,Hope_speech,Images_SD/SD_HS_0244.jpg
Allowing the divisiveness assures we will all fail miserably and die in poverty with nobody caring about anything but themselves,Non_hope_speech,images_DE/DE_NHS_0405.jpg
Madonna speaks the truth no superficial how wonderful,Hope_speech,Images_SD/SD_HS_0143.jpg
all lives matter but black lives are not currently being treated equally the goal of the BLM movement is to create equality not supremacy,Hope_speech,Images_SD/SD_HS_0344.jpg
think Gary Johnson used poor choice of words,Non_hope_speech,Images_SD/SD_NHS_0066.jpg
If it wasnt for Truth or Dare wouldnt have come out unashamed and proud like did Madonna and that movie enabled me to be me from the start and save lots of time self hating Thank you,Hope_speech,Images_SD/SD_HS_0540.jpg
The Home Secretary is stupid coolie,Non_hope_speech,Images_SD/SD_NHS_0239.jpg
people who say that coming out is useless should watch this video,Hope_speech,images_DE/DE_HS_0040.jpg
Theo Colvin we have to STAN,Non_hope_speech,images/INHS0156.jpg
Jesus had job and he didnt run when the police showed up,Non_hope_speech,images/INHS0397.jpg
Never was great fan but this does change my opinion of her,Hope_speech,Images_SD/SD_HS_0030.jpg
Im studying railway engineering,Non_hope_speech,Images_SD/SD_NHS_0308.jpg
Im 23 and currently thinking of changing my career path from business into software engineering,Hope_speech,images/IHS_0114.jpg
It does something Emotional and physical harm,Hope_speech,Images_SD/SD_HS_0473.jpg
My choice is to love my heart love him bro,Hope_speech,Images_SD/SD_HS_0224.jpg
This video is so inspiring cant wait to start engineering in university in September,Hope_speech,Images_SD/SD_HS_0071.jpg
Conversion therapy should be illegal,Hope_speech,images/IHS_0598.jpg
my asian wife gets harassed almost every single day for being asian nobody talk bout race when white people get killed on the street because they white,Non_hope_speech,images_DE/DE_NHS_0421.jpg
FAULSE idol worshippers That is man Jesus Christ saves,Non_hope_speech,images/INHS0214.jpg
Emilee Henderson exactly she wasnt being rude in anyway she was just giving her opinion like theres no need to harass anyone,Hope_speech,images_DE/DE_HS_0395.jpg
All lives mattereverything else is blatant evil racism,Hope_speech,images/IHS_0015.jpg
WANT HIM TO BE MY BEST FRIENDDDDD,Non_hope_speech,images_DE/DE_NHS_0581.jpg
Im shocked that the short haired girl agreed to do this episode cuz for sure she knew that EVERYONE is gonna talk about her and not about the guy,Non_hope_speech,images/INHS0472.jpg
There is only ONE racethe human race,Hope_speech,Images_SD/SD_HS_0319.jpg
Liu nhomework isnt usually checked How do you know this Actually,Non_hope_speech,images/INHS0511.jpg
the kid who said his choice is to love thats fantastic kid,Hope_speech,Images_SD/SD_HS_0511.jpg
Thank you breathren Ill be there in month,Non_hope_speech,images/INHS0017.jpg
Heather Boyd and youre clearly ignorant and dumb yourself too,Non_hope_speech,images/INHS0418.jpg
Barth am all for people being happy,Hope_speech,Images_SD/SD_HS_0352.jpg
BLM is as racist as the KKK Both are hate groups Both are minority group Both are violent End racism End hatred,Non_hope_speech,images/INHS0102.jpg
Colors ice,Non_hope_speech,images_DE/DE_NHS_0195.jpg
knew that boy looked hella effeminate lol oops,Non_hope_speech,images_DE/DE_NHS_0356.jpg
Zule Thats joke right,Non_hope_speech,images/INHS0412.jpg
would like the kids to meet people of all LGBT identities Its be really good for them to meet Aro and Ace people,Hope_speech,images/IHS_0106.jpg
This woman is genius What great speech,Hope_speech,Images_SD/SD_HS_0476.jpg
Shawna HiRAEth shes not lmao,Non_hope_speech,images/INHS0561.jpg
Central yes,Non_hope_speech,images_DE/DE_NHS_0010.jpg
Women have much easier time getting engineering jobs as people are specifically trying to hire them,Hope_speech,images_DE/DE_HS_0618.jpg
Why do people take homosexuality as something bad Its natural,Hope_speech,images/IHS_0010.jpg
Johnson HAHA good mangina comeback women got banned from getting education so were most men Whats your point And why do you talk about history We live at this moment Women are the majority of degree receipients in Associates,Hope_speech,images/IHS_0224.jpg
Id agree if she didnt say that homosexuality was sin But she did,Hope_speech,Images_SD/SD_HS_0357.jpg
Both me Im girl and my sister are currently Chemical engineers Im about to graduate and shes doing her senior year Growing up love playing with lego and making my own portable fans with simple circuits She loves barbies and stuff animals She is doing great in UCLA Doesnt seem like the toys we play matters that much,Hope_speech,images_DE/DE_HS_0576.jpg
The police brutality myth is total lie Statistics prove caucasians are MORE likely to die in the extremely rare brutality incidents The media is LYING and attempting to make whites and Trump look bad to ensure they win the presidency to keep the corrupt real plantation owners in power You are being played,Non_hope_speech,images/INHS0267.jpg
What is black life People are different shades of brown The school system failed everyone,Non_hope_speech,images_DE/DE_NHS_0231.jpg
Every life matters dont understand why these people would boo that,Hope_speech,Images_SD/SD_HS_0359.jpg
wont beat them with book Ill beat them with broom,Non_hope_speech,Images_SD/SD_NHS_0329.jpg
BBC Censored black lives do matter more And Im white guy,Non_hope_speech,images/INHS0483.jpg
okay uh next video interview men see how that turns out,Non_hope_speech,images_DE/DE_NHS_0357.jpg
Its racist to say only one race matters allraces matter all lifes matter,Hope_speech,images/IHS_0283.jpg
Islam is book,Non_hope_speech,images_DE/DE_NHS_0235.jpg
These kids are always so polite and respectful love it,Hope_speech,images/IHS_0095.jpg
Who is she fighting,Non_hope_speech,Images_SD/SD_NHS_0569.jpg
Jane Gerrard Thanks for the excellent comments think that explains the experience of many women working in variety of disciplines TBC,Hope_speech,images_DE/DE_HS_0252.jpg
omg that defines how im feeling right now they also said the word microaggresion,Non_hope_speech,images_DE/DE_NHS_0588.jpg
Im so glad my parents always gave me puzzles and remote controlled cars and let me tinker on small appliances as kid was never drawn to baby dolls and Princess shit,Hope_speech,Images_SD/SD_HS_0375.jpg
HiRAEth Because your satans son,Non_hope_speech,images/INHS0352.jpg
as human being speak for all of us when say we disown you,Non_hope_speech,images/INHS0021.jpg
Do not give up hope not matter what,Hope_speech,images/IHS_0274.jpg
With so many people thinking that they are Gods If that were true than why dont they see that God looks at everyone with pure love and he filled our world with wonders that all people need to experience like the healing powers of all he created If all lives matter than we will all prosper as it should be When only one race matters it is doomed to fail because to actually be true success all lives unite to combat whats wrong,Hope_speech,images/IHS_0521.jpg
Move get some new material,Non_hope_speech,images/INHS0080.jpg
What in the hell is wrong with everyone Booed on stage for saying All lives matter They cant think for themselves Their thoughts are controlled by the media Pathetic,Non_hope_speech,Images_SD/SD_NHS_0457.jpg
Greatest crackdown in world history,Non_hope_speech,images/INHS0062.jpg
It seems to me,Non_hope_speech,images_DE/DE_NHS_0568.jpg
Needed going in the water wtf is there such disgusting monument there for anyway,Non_hope_speech,Images_SD/SD_NHS_0084.jpg
owen eiffel Jesus said to love everyone no matter what,Hope_speech,images_DE/DE_HS_0370.jpg
Thank you so much for inspiring me Ive always been feeling like Ive made the wrong decision by choosing to do engineeringI always feel like cant do it Im just surviving just wanted to finish and get out And do something better with my life But now get Im back thank you so much Im 400l mechanical engineering student from the university of Lagos,Hope_speech,images_DE/DE_HS_0255.jpg
All these kids are amazing and heartfelt,Non_hope_speech,Images_SD/SD_NHS_0599.jpg
Po they are treating it that way Manson would be happy in these days as they are pushing for his beloved race war,Non_hope_speech,Images_SD/SD_NHS_0209.jpg
Wafae Stop blaming men for womens choices of not getting into engineering and computer science,Hope_speech,Images_SD/SD_HS_0043.jpg
Racism will never end while there are still ignorant stupid people and to be honest in uk its causing divide the fact protesters are damaging statues of wartime leaders,Non_hope_speech,images/INHS0370.jpg
is designer of product So,Non_hope_speech,images/INHS0176.jpg
my choice is to love GIVE THIS KID SOME PRICE FOR THE BEST SENTENCE EVER,Hope_speech,images/IHS_0540.jpg
Thats girl,Non_hope_speech,images_DE/DE_NHS_0373.jpg
We all need to be not RACISIT,Hope_speech,images/IHS_0586.jpg
This made me cry it is beautiful,Hope_speech,images_DE/DE_HS_0350.jpg
Sasha Dumse god made us to be ourselves,Hope_speech,images_DE/DE_HS_0209.jpg
Wow if heard someone was beating my kid with booknnI would havennnbeaten them with book,Non_hope_speech,images_DE/DE_NHS_0413.jpg
All lives matter agree with,Hope_speech,images_DE/DE_HS_0090.jpg
JESUS CHRIST died for all lives from Adam to the last person born on earth ALL LIVES MATTER,Hope_speech,Images_SD/SD_HS_0311.jpg
used to think that all lives matter But now Im thinking we would all be happier without blm,Hope_speech,images_DE/DE_HS_0085.jpg
and we dont hate people for who they are like she said your looking at it wrong We dont hate we just leave you alone It simply means you do you but we arent apart of it For example ALL of my friends are apart of the LGBTQ even my best friends and Im christian Just because we are straight and religious doesnt mean we are monsters we are humans too,Hope_speech,images/IHS_0008.jpg
All lives matter says God,Hope_speech,Images_SD/SD_HS_0340.jpg
that kid asking for advice for being good friend gave me hope that was so cute,Hope_speech,images_DE/DE_HS_0337.jpg
Jack Parsons exactly,Hope_speech,images_DE/DE_HS_0184.jpg
Big Pete historical revisionism,Non_hope_speech,images/INHS0180.jpg
think Ive found where all the over 55s chill on YT lol,Non_hope_speech,Images_SD/SD_NHS_0284.jpg
She appertaining came out as bi while agonnnIf you listen to how she was talking it sounds like she was told to say that,Non_hope_speech,images/INHS0054.jpg
Kenan the fact that the wave will still happen,Non_hope_speech,images_DE/DE_NHS_0219.jpg
Aless Aless the way you quoted rights makes me think that you are just another ignorant racist,Non_hope_speech,images_DE/DE_NHS_0515.jpg
well the media wouldnt be able to support itself unless it was appealing to at least some subset of the population,Hope_speech,images/IHS_0351.jpg
Victory after 100s of years Hell knocking to white empires doornOur ancestors will rest in PEACE,Non_hope_speech,images_DE/DE_NHS_0085.jpg
ALL LIVES MATTER the end,Hope_speech,images/IHS_0603.jpg
Shes sad because it was an emotional evening taped on the same evening as the award show when she just gave her speech Besides no one will ever allow her to age,Non_hope_speech,images_DE/DE_NHS_0149.jpg
Madonna is often criticized and looked down on because she is such strong advocate for undeserved and neglected populations Its not only due to her provocative nature was waiting for Madonna to say that she is sexually fluid andor bisexual when asked why she is such an advocate for the LGBT community Im not sure if she is or not but always thought she wasis,Hope_speech,images/IHS_0223.jpg
What an inspiration,Hope_speech,Images_SD/SD_HS_0636.jpg
If theyre alive someone should torture the people who done the therapy by forcing them to be Jewish and beat them with the Torah,Hope_speech,images/IHS_0220.jpg
statue does not takeaway from him being books and scriptures,Hope_speech,images_DE/DE_HS_0502.jpg
They said that about 2016,Non_hope_speech,images/INHS0263.jpg
Its because its universally understood that white lives already matter nCurrently the evidence shows that black lives are not as much of priority as white lives :person shrugging:nnSystematic racism,Non_hope_speech,images/INHS0066.jpg
Ive watched this video in 2017 this is very inspiring,Hope_speech,images_DE/DE_HS_0121.jpg
you cant really disagree with being black lmao,Non_hope_speech,images/INHS0580.jpg
The girl with the short hair is lesbian,Non_hope_speech,images/INHS0400.jpg
After watching this im convinced have potential loved playing with my dads construction tools and building games lol bit too simple Im watching this in 2019 because Im studying IT in class full of men dont want IT to be my end goal though but do want the motivation to get through my first step have no idea where Im gonna land lol,Hope_speech,Images_SD/SD_HS_0175.jpg
Conversion therapy is torture The government should close all of those centers,Hope_speech,Images_SD/SD_HS_0049.jpg
Harper The life of JFK did not matter either,Non_hope_speech,images_DE/DE_NHS_0474.jpg
Mew SelazNog its joke Do you not know what joke is,Non_hope_speech,images_DE/DE_NHS_0594.jpg
DEFENDING the right of the LGBTQ community to live however they like and being accepted for who they are AND in the same time ATTACKING someone because they have different opinionbelief maybe similar to what those horrible people are justifying their actions with as long as they are not personally hurting anyone is highly HYPOCRITICALnIf you dont have anything good to say respectfully,Hope_speech,images_DE/DE_HS_0336.jpg
Im going to start studying engineering this fall Im so excited,Hope_speech,images/IHS_0418.jpg
These kids are what give me hope for humanity,Hope_speech,images/IHS_0593.jpg
You are such racisst,Non_hope_speech,images/INHS0315.jpg
This is the most idiotic,Non_hope_speech,images_DE/DE_NHS_0177.jpg
The lives of recidivists are not important And it doesnt matter about skin color,Hope_speech,Images_SD/SD_HS_0259.jpg
Im Christian and dont judge anyone on anything My opinion doesnt matter Gods opinion is the one that matters at the end of the day love people for being people no matter what Just bc ur christian,Hope_speech,images_DE/DE_HS_0333.jpg
Is that what happened,Non_hope_speech,Images_SD/SD_NHS_0337.jpg
want to add that this is highly inspiring to that choice,Hope_speech,Images_SD/SD_HS_0029.jpg
This is what happens when you elect Trump,Non_hope_speech,images_DE/DE_NHS_0545.jpg
Yeah Black live mattersupport you all from malaysia,Non_hope_speech,images/INHS0334.jpg
Im computer science major and know that feel Of not belonging,Hope_speech,images_DE/DE_HS_0035.jpg
All Lives Matter,Hope_speech,Images_SD/SD_HS_0567.jpg
WAS JUST ABOUT TO COMMENT THAT,Non_hope_speech,images/INHS0258.jpg
Was that girl or guy that said homosexuality was sin,Non_hope_speech,images_DE/DE_NHS_0202.jpg
shes in denial,Non_hope_speech,Images_SD/SD_NHS_0621.jpg
All lives matter because we are all Gods children,Hope_speech,images/IHS_0460.jpg
the biggest beneficiaries and profiters and the creators of the atlantic slave trade were the british,Non_hope_speech,images/INHS0024.jpg
Just little bit,Non_hope_speech,images/INHS0329.jpg
What the fuk is an African American You really are propper fukked up country,Non_hope_speech,Images_SD/SD_NHS_0330.jpg
Randomgirlwhosings0804 what is there for you to agree on when it comes to sexuality Its their sexuality You cant change it lol,Hope_speech,Images_SD/SD_HS_0204.jpg
think 221 people misclicked the dislike,Non_hope_speech,images_DE/DE_NHS_0193.jpg
Jesse Pollack Im not against lgbt,Hope_speech,images_DE/DE_HS_0444.jpg
Sasha Dumse God made us to be kind to eachother,Hope_speech,images_DE/DE_HS_0457.jpg
Were all equal right,Hope_speech,Images_SD/SD_HS_0278.jpg
Why the lesbian said she dont agreed with the homosexuality WTFnnIf she is straight,Non_hope_speech,images/INHS0454.jpg
what how are chinese people white please dont forget that there were anti chinese and asian laws in history,Non_hope_speech,Images_SD/SD_NHS_0200.jpg
All lives matter no matter what color Whats the problem with saying that all lives matter,Hope_speech,images_DE/DE_HS_0268.jpg
dont even care if he was trader,Non_hope_speech,images_DE/DE_NHS_0244.jpg
Most of the violent acts in the Bible took place before actual christians in small section of the book where the Canaanites were still around Youre ignoring most of the book which is peaceful,Non_hope_speech,Images_SD/SD_NHS_0213.jpg
All life matter Jesus tells us all life matter,Hope_speech,Images_SD/SD_HS_0501.jpg
find it difficult to say that hate Islamic culture but not the individual people,Hope_speech,Images_SD/SD_HS_0301.jpg
crystal has restored my faith in humanity,Hope_speech,images_DE/DE_HS_0232.jpg
Ppl that dis liked this bruh George Floyd is sad be did that,Non_hope_speech,images/INHS0149.jpg
vos shes witch,Non_hope_speech,Images_SD/SD_NHS_0187.jpg
Im 14 and in our school we have STEM program the fact that Im girl never discouraged me from applying But know that it discourages other girls as there are 22 kids in the program and only of us are girls,Hope_speech,images_DE/DE_HS_0070.jpg
It has nothing to do with the colour of ones skin and everything to do with behaviour,Non_hope_speech,images/INHS0510.jpg
it means we dont agree with sin,Non_hope_speech,images_DE/DE_NHS_0555.jpg
Sunshine Be positive sis,Hope_speech,images/IHS_0457.jpg
Tapiokapuddin It just means that you dont consider it okay but you dont care if others do and you still accept and respect them Its kind of like saying you dont agree with like politician and what they stand for or something but you dont hate or frown upon anyone who does Thats all,Hope_speech,Images_SD/SD_HS_0547.jpg
This shows how racist BLM is,Non_hope_speech,images/INHS0286.jpg
dont understand when people say they dont agree with homosexuality,Hope_speech,images_DE/DE_HS_0450.jpg
STOP USING RELIGION TO HATE ON PEOPLE ITS STUPID AND HARSH,Hope_speech,images/IHS_0033.jpg
Well she knows how to sit in the chair so she must be straight,Non_hope_speech,images/INHS0558.jpg
My choice is to love nnHi Im Mike Pence,Hope_speech,Images_SD/SD_HS_0055.jpg
remember watching this when was fifth or sixth grader when didnt really have clue about what was interested After four years,Hope_speech,Images_SD/SD_HS_0317.jpg
whole lesbian,Non_hope_speech,images_DE/DE_NHS_0630.jpg
jesse Pollack bless your heart,Non_hope_speech,Images_SD/SD_NHS_0515.jpg
Yep my god she is demonstrating patience with these questions This is fascinating Her ballet teacher,Non_hope_speech,images/INHS0403.jpg
WTF why wouId sIave trader statue has to exist in 2020 nUSA is pure eviIGood job protesters,Non_hope_speech,images/INHS0537.jpg
if you want Im not you,Non_hope_speech,Images_SD/SD_NHS_0017.jpg
Then dont represent it as justification for sexism if you cant prove your claims have faced sexism as well but dont go around bitching about itnnSexism towards Mennn1 Only we have to sign for the draftnn2 Only Men can be charged for domestic violence even if the aggressor is womennn3 Men receive 70 longer sentence then women for the same crimenn4 Women get special fundings,Hope_speech,images_DE/DE_HS_0277.jpg
Okane Its one issue but it does affect the rights they have,Non_hope_speech,images_DE/DE_NHS_0092.jpg
Some people dont like to hear all lives matter,Non_hope_speech,images/INHS0437.jpg
Brown why dont we focus on human lives not one race,Non_hope_speech,images/INHS0444.jpg
Dude do you realize how many people get depression and comit suicide after going to conversion therapy Is literally one of the most mental unhealthy things,Hope_speech,images/IHS_0390.jpg
Heres our demands Stop killing us for no good reason We dont want to die,Hope_speech,Images_SD/SD_HS_0120.jpg
white lifes are the most privileged and sanctified lives in the us,Non_hope_speech,images_DE/DE_NHS_0614.jpg
Why did the police not intervene That statue could have been removed properly without the violence that is starting to worry lot of people The way things are going is the wrong direction,Hope_speech,images/IHS_0356.jpg
Sometimes Madonna seems so false but here she seems so genuine honest,Non_hope_speech,Images_SD/SD_NHS_0031.jpg
Did the shorthaired lesbian just say dont agree with like homosexuality Im shook,Non_hope_speech,Images_SD/SD_NHS_0320.jpg
joslyn richardson barely any cop kills black man just because hes black,Non_hope_speech,images_DE/DE_NHS_0490.jpg
He is gift from God,Hope_speech,images_DE/DE_HS_0263.jpg
Theodore Haskins bro listen to yourself,Non_hope_speech,Images_SD/SD_NHS_0397.jpg
All lives matter TonyTimpa,Hope_speech,images/IHS_0244.jpg
well guess what kiddo Im 11 and made platformer with and opengl framework Get with the flow and get your head out of the clouds,Hope_speech,images/IHS_0104.jpg
All lives matter there said it,Hope_speech,images/IHS_0526.jpg
How can you tell Outsides dont dictate internal things,Non_hope_speech,images_DE/DE_NHS_0420.jpg
Much respect to sheriff Clark,Non_hope_speech,images/INHS0441.jpg
all lives matter in Gods eyes,Hope_speech,images_DE/DE_HS_0530.jpg
Kat dont know what do you mean,Non_hope_speech,images/INHS0438.jpg
Driscoll Born to be and engineer vs Born with inclinations are two completely different things nYes they are different of course but so not so much in the context of what was saying,Non_hope_speech,images/INHS0642.jpg
ELM Every Life Matters All else is lies,Hope_speech,images_DE/DE_HS_0168.jpg
Thank God dont live in Bristolit looks like ghetto,Non_hope_speech,images_DE/DE_NHS_0642.jpg
mask Is dumb so whi sold slaves to americans mr big brain,Non_hope_speech,Images_SD/SD_NHS_0421.jpg
Absolutely nothing wrong at all Its probably given you greater ability to empathize with your colleagues,Hope_speech,images_DE/DE_HS_0550.jpg
Agreed Idiotic behaviour like this will only fuel racism,Non_hope_speech,Images_SD/SD_NHS_0027.jpg
love how YouTube once again didnt notify me of this live event,Non_hope_speech,Images_SD/SD_NHS_0223.jpg
actually its partially true,Non_hope_speech,images_DE/DE_NHS_0087.jpg
Shes so about on the verge of tears This is PURE Shes an awesome human being love you MadonnanThanks for all youve done came out this year,Hope_speech,Images_SD/SD_HS_0251.jpg
live on the premise,Non_hope_speech,Images_SD/SD_NHS_0433.jpg
This interview was so so deep and emotionalnI loved it ReallynMadonna is the greatest artist of all timenShes fighternI love her so much,Hope_speech,images/IHS_0637.jpg
Jessica Walker not agreeing still isnt the right context Not LIKING makes more sense When you say you dont agree with something its as if youre responding to someone who wants your permission or is asking for your permission to be themselves You not liking something because of the hate thats been imbedded inside you via book where man walks on water and snakes talk is YOUR personal issue,Hope_speech,images/IHS_0225.jpg
Blm indignant at all lives matter when they are killing,Non_hope_speech,images/INHS0342.jpg
Athy1 Im over here trying to figure out whats it going to do nnnnDont get mad anyone who reads this,Non_hope_speech,Images_SD/SD_NHS_0116.jpg
wait im sorry buuuut beating someone Bible is disrespecting the WORDnalso im sorry that ppl had to go through this the Holy Bible has never ever taught us to do such things,Non_hope_speech,images/INHS0084.jpg
When walk around college and see,Non_hope_speech,images_DE/DE_NHS_0142.jpg
dont get it when ppl say they dont agree with homosexuality like wtf what is that supposed to mean im religious myself and do believe theres some sort of higher being,Non_hope_speech,Images_SD/SD_NHS_0495.jpg
Great Slave traders and racists shouldnt be admired in this century,Hope_speech,images_DE/DE_HS_0191.jpg
You are AWESOME and so inspiring,Hope_speech,Images_SD/SD_HS_0256.jpg
this comment makes no sense because noone was saying other lives dont matter,Non_hope_speech,images_DE/DE_NHS_0044.jpg
Black lives matter is racist and it self evidently shows,Non_hope_speech,images/INHS0273.jpg
Made the mistake of reading the comments Female engineers,Non_hope_speech,images/INHS0164.jpg
BLACK CAUCAS IS RACIST,Non_hope_speech,images/INHS0055.jpg
Keep working hard in what you want to do You know you want to work with games Look into it Read books,Hope_speech,images_DE/DE_HS_0431.jpg
Rose Homosexuality cant be changed nor is it choice,Hope_speech,Images_SD/SD_HS_0001.jpg
Her voice sound so different than it used to nHer speaking voice sounds so tired and weakshe doesnt have that sassy attitude that she used tonHow nice,Non_hope_speech,Images_SD/SD_NHS_0069.jpg
Black Lives Matter is statement of DIVISION ALL LIVES MATTER why because this not about skin is not the problem POVERTY is the problem and JOB and both these problem affects Black and Whites By the way check the stats more WHITE men die in police custody than BLACK me ALL LIVES MATTER full stop,Hope_speech,images/IHS_0349.jpg
judge pple on what they do not there color,Hope_speech,images/IHS_0378.jpg
Every lives matter all lives matter God bless Us all God said love one another,Hope_speech,Images_SD/SD_HS_0334.jpg
There is only ONE race,Non_hope_speech,images_DE/DE_NHS_0459.jpg
Pretty sure theyre misattributing good chunk of perceived offences to sexism People can dislike each other over so many things,Non_hope_speech,images/INHS0235.jpg
Sure Yeah,Non_hope_speech,images_DE/DE_NHS_0406.jpg
Totally agree All Lives matter,Hope_speech,images_DE/DE_HS_0481.jpg
When was young was given dolls and kitchencooking toys but was more interested in creating my own miniature houses out of cardboard boxes With it had the option to put what want in my housesstructures It was much more fun to be able to create somethingnnI also loved drawing and started it young but then thought my drawings were different than my classmates and was too shy for anything so had to match my drawings to the theirs because was too scared to be bullied again was bullied sometimes was scared to be good at what do because would grab attention if didnIt just made me put away my interests as if these were not big deal and grew up thinking do not deserve to shine and beyter just be in the shadows and live passive lifenI regret it,Hope_speech,Images_SD/SD_HS_0082.jpg
Deville If theres anything stupid said its what youve just written mate Know what your talking about before you write such narrow minded nonsense im not even from the US,Non_hope_speech,Images_SD/SD_NHS_0590.jpg
What is this university name Im in my last year of mechanical engineering and Im not loved to graduate as Im girl was buliing dayly and yes that is third world university,Non_hope_speech,Images_SD/SD_NHS_0342.jpg
well said Sheriff well said the family unit is the most precious thing for the healthy upbringing of children,Non_hope_speech,images/INHS0456.jpg
mix of brainwashing,Non_hope_speech,images_DE/DE_NHS_0036.jpg
Every life matters Im rich and white and Ive never been taught to hate have friend of all color cause Im purple Get it together people,Hope_speech,Images_SD/SD_HS_0206.jpg
Titus ONeil gets fired up calling for peace,Non_hope_speech,images_DE/DE_NHS_0454.jpg
The most important thing in the bible is to love,Hope_speech,Images_SD/SD_HS_0002.jpg
oh sure he is The fact that they gave him the award before madonna,Non_hope_speech,images/INHS0059.jpg
This speech was really inspiringit has given great solution to my confusionlm clear now,Hope_speech,Images_SD/SD_HS_0147.jpg
honestly think Im probably bi,Non_hope_speech,images_DE/DE_NHS_0600.jpg
PEOPLE matter We need to not care about skin color As MLK said,Hope_speech,Images_SD/SD_HS_0214.jpg
Ill never understand when someone says they dont agree with homosexuality It literally has NOTHING to do with you Theres nothing to agree with It just is what it is and always has been,Hope_speech,images_DE/DE_HS_0510.jpg
That would be just pure mean,Non_hope_speech,Images_SD/SD_NHS_0306.jpg
TronI feel sorry for all of you for not following Gods word am good person,Non_hope_speech,Images_SD/SD_NHS_0196.jpg
wish people would love lot of Christian denominations are loving to LGBT,Hope_speech,images_DE/DE_HS_0006.jpg
ETERNAL INSPIRATION nSHE SAVE MY LIFE,Hope_speech,images/IHS_0200.jpg
Everyone is equal,Hope_speech,Images_SD/SD_HS_0165.jpg
He was turning his life around after he did his time,Non_hope_speech,images_DE/DE_NHS_0363.jpg
Most white people just will never be able to understand why black people do what they donnI dont if it is due to lack of empathy or they just dont care,Non_hope_speech,images/INHS0532.jpg
Why is it controversial to say black lives matter if its true,Non_hope_speech,Images_SD/SD_NHS_0051.jpg
Lol hey black people Asian lives matter as well nYou guys discriminate Asian people more than white peoplenFunny,Non_hope_speech,Images_SD/SD_NHS_0105.jpg
Wishing you love light on your journey,Non_hope_speech,Images_SD/SD_NHS_0176.jpg
Not for all people And it isnt needed,Non_hope_speech,Images_SD/SD_NHS_0597.jpg
have twenty years of construction and fabrication workIve seen so many engineering mistakesMale and female engineers,Hope_speech,images/IHS_0068.jpg
Exactly absolute bell ends the lot of them Disgraceful behaviour and it only goes against them and there cause Most of these probates have been on ten week holiday and getting 80 of there wages while doing nothing This how they repay the kindness mindless anarchy People laughing and cheering its pathelic This is massive two fingers up the nurses and doctors Pandemic is the priority everything is secondary at the minute,Hope_speech,Images_SD/SD_HS_0011.jpg
Im Christian but agree and support homosexuality and the LGBTQ community understand that everyone is different and is free to believe in what they want but if you are against homosexuality because of the bible then simply think of how God would much prefer you to spread kindness than hate At the end of the day if you dont agree with it then simply keep it to yourself and think before you spread hate,Hope_speech,Images_SD/SD_HS_0035.jpg
It SHOULD NOT Be controversial to say or believe that ALL LIVES MATTERn Or that HUMAN lives matterFor that matter,Non_hope_speech,images_DE/DE_NHS_0412.jpg
karolis savickis dont need money Im not protesting because Im kid and cant,Non_hope_speech,images_DE/DE_NHS_0399.jpg
So were supposed to feel bad for black people Get outta here Sanders all lives matter where all equal,Hope_speech,Images_SD/SD_HS_0573.jpg
Youre Jewish so that means you believe in the God of Israel,Non_hope_speech,images_DE/DE_NHS_0425.jpg
god bless trump in 2020,Non_hope_speech,images/INHS0320.jpg
The girl saying she doesnt agree with homosexuality she was taught that way of thinking dont believe she really feels that way its just what she was taught to say and think She was very kind and respectful know shell change her mind on homosexuality whenif she ever feels comfortable enough with herself Good luck to her and the guy telling his story in the video sorry dont remember his name atm edit,Hope_speech,images_DE/DE_HS_0186.jpg
bluefavoritesnThe term matter,Non_hope_speech,images/INHS0345.jpg
Complains about stereotypes of women in STEM but then admits what the real issue is,Hope_speech,Images_SD/SD_HS_0190.jpg
AJ Mulenga still dont understand how all life matters is racist Because people that think thats racist are dumb,Non_hope_speech,images/INHS0564.jpg
if George was criminal then it does have nothing to do with racism When will people see this agree that George shouldnt have been killed but it probably wasnt on purpose,Non_hope_speech,Images_SD/SD_NHS_0092.jpg
Theres something fascinating to me about woman whos correct,Hope_speech,images_DE/DE_HS_0108.jpg
Yes all lives matter because we are all human,Hope_speech,Images_SD/SD_HS_0479.jpg
Marco Arreola nnPeople demonstrating for George floyd but not demonstrating for tony timpa maybe,Non_hope_speech,images_DE/DE_NHS_0126.jpg
Why do people say god hates LGBT people when his whole thing is loving everyone,Hope_speech,images_DE/DE_HS_0596.jpg
Digging the Misfits poster in the back,Non_hope_speech,Images_SD/SD_NHS_0413.jpg
know right,Non_hope_speech,images_DE/DE_NHS_0250.jpg
Walker yeah but Jesus said to love everyone and dont understand what religion has to do two ppl loving eachother,Hope_speech,images/IHS_0116.jpg
Not only blacks almost everybody from all races are being affected by the misuse of power shown by the police,Non_hope_speech,Images_SD/SD_NHS_0473.jpg
God gave us choice My choice is to love That is literally the sweetest thing Ive ever heard,Hope_speech,images_DE/DE_HS_0533.jpg
Ive read fanfic about two guys that were sent to straight camp and it was horrible like how is that legal wtf,Hope_speech,images/IHS_0553.jpg
wont give up bc were there for me and you continue here have to fight too,Hope_speech,Images_SD/SD_HS_0618.jpg
This is so inspiring MD PhD in engineering is my end goal have too many ideas and realized need engineering training to do the research My brother is petroleum engineer Im at community college starting my journey to wherever school end up My credits in Psychology have 119 but too old to transfer but working in psychiatric field and mental health has given me the vision have now,Hope_speech,images_DE/DE_HS_0403.jpg
BLM Reject dole paied of whites taxes,Non_hope_speech,images_DE/DE_NHS_0217.jpg
True Im guy with long hair and Im straight,Non_hope_speech,images_DE/DE_NHS_0162.jpg
wanted to see me of that religious girls reactions,Non_hope_speech,images_DE/DE_NHS_0170.jpg
Dimitri Petrenko Its not racist Not at all Its protest to the Black Lives Matter protest What mean by that is,Non_hope_speech,images/INHS0122.jpg
Willow Rainy its not antiwhite Its also not shaming people because there ethnicity its saying that they were less then because of the color of their skin,Non_hope_speech,images/INHS0340.jpg
Easy to complain Why dont you start your own company or invent something Stop complaining and step up,Hope_speech,images/IHS_0400.jpg
Im teenage girl who wants to become an engineer was talking to friend recently about why he decided that engineering wasnt for him,Hope_speech,images_DE/DE_HS_0569.jpg
catering to the 18 fnjoke ALL PEOPLE MATTER,Non_hope_speech,images/INHS0085.jpg
So the message is some of the black community are now the biggest racists in America,Non_hope_speech,images_DE/DE_NHS_0256.jpg
BMW is quite good car,Non_hope_speech,images_DE/DE_NHS_0610.jpg
No hes notnBut BLM is affiliate with George Soros,Non_hope_speech,images_DE/DE_NHS_0491.jpg
Can bring wheel barrow,Non_hope_speech,Images_SD/SD_NHS_0260.jpg
saw people saying that engineering is not thing capable for girls From that day decided to be an engineer and shut those peoples mouths,Hope_speech,Images_SD/SD_HS_0320.jpg
guess they just didnt want big flipping statue to celebrate him and they didnt genuinely want to erase him from public memory Just thought,Non_hope_speech,images/INHS0204.jpg
dont believe in lying about yourself to make other people happy,Hope_speech,images_DE/DE_HS_0407.jpg
Kneel Down New Normal,Non_hope_speech,Images_SD/SD_NHS_0318.jpg
Slavery the most heinous and disgusting crimes ever We cant honour slave traders as heroes,Hope_speech,Images_SD/SD_HS_0069.jpg
Bisexual Unicorn here and absolutely love this video These kids were so darling feel bad for this poor man though Why cant people stop pushing their beliefs on others Religious people want to say that we as LGBTQ individuals are doing that to them but were just being who we truly are If anything,Hope_speech,images_DE/DE_HS_0573.jpg
of Nibiru Any time these cretins open their mouths they are spreading racism as they are full of hatred like the racists that they are nnI dont remember hearing them say anything about the actual racism their own kind in South Africa is committing on daily basis Proof that they are not against racism but in fact racist themselves against white people,Non_hope_speech,images/INHS0507.jpg
This made me sad that people in the LGBTQ community has to suffer like that,Hope_speech,images/IHS_0149.jpg
She has the sexiest armpits ever Even hairy,Non_hope_speech,images/INHS0224.jpg
god gave us choice my choice is to loveni cried,Hope_speech,Images_SD/SD_HS_0528.jpg
Crystal is just the loveliest and so wise for her age,Non_hope_speech,Images_SD/SD_NHS_0097.jpg
Im Catholic as well and the way some people abuse the bible in order to hurt others is abhorrent do not agree with conversion therapy at all,Hope_speech,Images_SD/SD_HS_0514.jpg
Butt of the Day ma gewdness,Non_hope_speech,Images_SD/SD_NHS_0483.jpg
OMFG love her,Non_hope_speech,images_DE/DE_NHS_0070.jpg
What about the viris crisis in the world,Non_hope_speech,images_DE/DE_NHS_0304.jpg
Im in my fourth year studying civil engineering and have had very similar thing happen to me in class where was the only girl out of 40 studentsnIts lot more common then you think,Hope_speech,Images_SD/SD_HS_0245.jpg
All lives matter except the ones that want to divide us,Hope_speech,images/IHS_0236.jpg
So many people will be cast into the lake of fire,Non_hope_speech,images/INHS0349.jpg
Dont worry about sweet pea Sweet pea is troll,Non_hope_speech,images/INHS0432.jpg
Thank you so much We can do anything,Hope_speech,Images_SD/SD_HS_0467.jpg
That cop is the fucking man,Non_hope_speech,images_DE/DE_NHS_0374.jpg
This girl watch Doctor Who Omgs,Non_hope_speech,images/INHS0572.jpg
walkway overpass bridge in Miami was built by female engineers with no arch,Hope_speech,images/IHS_0084.jpg
wont make this toxic,Non_hope_speech,images/INHS0332.jpg
You have to be impressed by Sheriff Clarke He sees the suffering first hand the rest just have theories about it,Non_hope_speech,Images_SD/SD_NHS_0268.jpg
Through all the years her music got me through some tough sht will always be grateful :orange heart:,Hope_speech,Images_SD/SD_HS_0366.jpg
All lives matter and frankly from what Ive seen is that gun laws in America are yet again the true problem whether out of prejudice towards the colour of skin think its ludicrous the chances between the rich and poor are divided and that is where the true issue is it is difficult to get rid on one bigoted billionaire that so happens to be the president of the United States but laws around the world have no difficulties ridding poor people out of the society so therefore Im afraid that the majority is playing dangerous game of racial anger that can result in civil war that would not be beneficial for whatever colour of skin youve put your bets on so when say all lives matter mean to say,Hope_speech,images/IHS_0456.jpg
Racist BlacKKK lives matter,Non_hope_speech,images_DE/DE_NHS_0095.jpg
Came out and fought back because of her New and ungrateful generation has no clue what she has done for us,Hope_speech,Images_SD/SD_HS_0465.jpg
Those who forget history are doomed to repeat it without that Statue how can we remember,Non_hope_speech,images/INHS0032.jpg
Sunshine littlephilly God told you personally he didnt agree with it,Non_hope_speech,images/INHS0645.jpg
uhh that will never happen kid,Non_hope_speech,Images_SD/SD_NHS_0593.jpg
just wanted to send you ie Debbie word of encouragement,Hope_speech,Images_SD/SD_HS_0022.jpg
Just realize that woman are treated differently in these fields You are given lot more slack for your fuckups than your male counterparts,Hope_speech,images/IHS_0459.jpg
Life is tough but its alot tougher when you are stupid,Non_hope_speech,Images_SD/SD_NHS_0363.jpg
Conversion therapy needs to be illegal,Hope_speech,images_DE/DE_HS_0221.jpg
This Home secretary should puck side,Non_hope_speech,images_DE/DE_NHS_0457.jpg
know right,Non_hope_speech,images_DE/DE_NHS_0647.jpg
schuiling What the he do you think is going on right now We are using Americans as guinea pigs Trump is willing to risk any amount of lives to get vaccine on the market before the election Unless the CDC slows his dumbass down many Americans might die,Non_hope_speech,images_DE/DE_NHS_0446.jpg
ALL LIVES MATTER If you feel as if you deserve more well get up off your Put your guns down stop killing and robbing,Hope_speech,Images_SD/SD_HS_0628.jpg
Where are the police Kneeling in front of thugs,Non_hope_speech,Images_SD/SD_NHS_0109.jpg
thought that that one dude was girl,Non_hope_speech,images_DE/DE_NHS_0450.jpg
ALL lives matter Otherwise its racism,Hope_speech,Images_SD/SD_HS_0458.jpg
Bless you When people can be judged by their character and not their skin color we all win,Non_hope_speech,images/INHS0587.jpg
nostar no,Non_hope_speech,images_DE/DE_NHS_0158.jpg
All lives matter to God including the unborn Its time to stop calling this country racist Do you remember what color our last president was And remember there was only one Martin Luther King Jr Dont try to reincarnate him God rest his soul,Hope_speech,Images_SD/SD_HS_0355.jpg
All lives matter Not only black,Hope_speech,images_DE/DE_HS_0204.jpg
Equality is where all lives are equal,Hope_speech,Images_SD/SD_HS_0194.jpg
Im religious and bisexual,Hope_speech,images/IHS_0448.jpg
How easy is it to amend the constitution to remove term limits Im not American so wouldnt know feel as long as the president is democratically elected,Hope_speech,Images_SD/SD_HS_0048.jpg
Shes 60 OMG,Non_hope_speech,images_DE/DE_NHS_0133.jpg
How can trust someone like Hilary,Non_hope_speech,images_DE/DE_NHS_0336.jpg
All lives matter is statement not movement were not asking for anything so why is bad,Hope_speech,images_DE/DE_HS_0271.jpg
Doesnt matter what religion practice or if even believe in god,Hope_speech,Images_SD/SD_HS_0436.jpg
Nothing is stopping woman from being engineers,Hope_speech,images/IHS_0140.jpg
God gave us choice My choice is to love,Hope_speech,Images_SD/SD_HS_0289.jpg
An angel honestly,Non_hope_speech,images_DE/DE_NHS_0196.jpg
Because being straight is the norm and people assume that everybody is straight Because lot of people are homophobic you grow up hating yourself and being fearful to say who you truly are,Hope_speech,Images_SD/SD_HS_0318.jpg
GOD LOVES ALL OF MANKIND HE HIS NO RESPECTABLE PERSON IN HIS LOVE ALL LIVES MATTER,Hope_speech,Images_SD/SD_HS_0411.jpg
Native Indians lifes matter,Non_hope_speech,Images_SD/SD_NHS_0323.jpg
Why is it controversial to say all lives matter nnBecause the left says so :person shrugging:,Non_hope_speech,images/INHS0296.jpg
Im so inspired am 14 years old want to be civil engineer but people around me,Hope_speech,Images_SD/SD_HS_0152.jpg
Those who dont learn from History are doomed to repeat it,Non_hope_speech,images/INHS0357.jpg
dont think theres anything wrong with personally disagreeing with homosexuality as long as you still respect the LGBTQ community and arent nasty to anyone because of their sexuality,Hope_speech,images_DE/DE_HS_0201.jpg
Actually its you whos being rude,Non_hope_speech,images/INHS0209.jpg
Yasss well god told us to love every one so will love them wow actually started to cry so powerful wish ever one thought that way,Hope_speech,images/IHS_0322.jpg
There is only ONE race The HUMAN race,Hope_speech,Images_SD/SD_HS_0228.jpg
think watching crystal in these videos its amazing just how mature she is for her age very rare but encouraging as well,Hope_speech,images/IHS_0093.jpg
God doesnt see color he sees whats in our hearts so therefore all lives matter its just choice of heaven or hell so you choose,Hope_speech,images_DE/DE_HS_0066.jpg
Racism has been through the years yet it still hasnt disappeared,Hope_speech,images/IHS_0199.jpg
The message is ALL LIVES MATTER All or none at all,Hope_speech,images/IHS_0304.jpg
the Niller Waffer oh,Non_hope_speech,Images_SD/SD_NHS_0290.jpg
Kaio Eller nthis,Non_hope_speech,images_DE/DE_NHS_0625.jpg
Im computer science major and feel the same way Im often visibly one of only two or three assume women in the lectures of 100 Computing related students,Hope_speech,Images_SD/SD_HS_0026.jpg
Di Trump failed this country So go ahead hope he wins Trump and Putin 2020,Non_hope_speech,Images_SD/SD_NHS_0574.jpg
Oh shut up Bernie are you still jabbering on,Non_hope_speech,images_DE/DE_NHS_0002.jpg
Noice Im bi too,Hope_speech,images_DE/DE_HS_0176.jpg
The Palestinians are good example,Non_hope_speech,images/INHS0184.jpg
This itself is inspirational,Hope_speech,images/IHS_0516.jpg
No one is better than anyone else we are equal,Hope_speech,images_DE/DE_HS_0452.jpg
wish everyone could,Non_hope_speech,images_DE/DE_NHS_0180.jpg
Dont resist arrest Dont arguing with the police Dont run away Police are the LAW,Non_hope_speech,images_DE/DE_NHS_0296.jpg
got degree in chemical engineering because of this video still cannot believe did it Still debating if it was good decision but hey it cant be undone now XD,Hope_speech,Images_SD/SD_HS_0410.jpg
The fact that there are still places in the world that promote this kind of abuse proves that this is sad world to live in,Hope_speech,images/IHS_0119.jpg
Yall talking lesbian but think it more likely thats shell come out as trans,Non_hope_speech,Images_SD/SD_NHS_0372.jpg
Women make their own decision not to go into theses kinds of majors they tend to chose more safe majorsnAnd than they blame patriarchy and sexism and oppression when its all their personal choice nWomen must become more assertive and demanding in these things If we want it will GET it We have every right and freedom to do so,Hope_speech,images/IHS_0374.jpg
god gave us choice,Hope_speech,Images_SD/SD_HS_0095.jpg
Thats probably because theyre still in the closet due to their christian brainwashing from their church It happens lot in Christian communities Usually when they start to live outside that community then theh might just might come out grew up in Christian community so say this from seeing my LGBTQ friends come out not until their early 20s or even later love them all which is one of the many reasons why am not Christian anymore The churches thinking they have the right to judge Check yourselves Christians read Romans,Hope_speech,images/IHS_0255.jpg
80s baby here Madonna was made by the lgbtq community She was there for them,Hope_speech,images_DE/DE_HS_0156.jpg
so scared cry ever night praying my friend will be ok praying nothing happens just cause shes not the colour of me dont mean not there for her she the only person loved with my whole heart thats not my family but she like sister to me,Hope_speech,Images_SD/SD_HS_0643.jpg
Watching this before study cause Im feeling to lazy to do so,Hope_speech,images/IHS_0537.jpg
Charlotte Hansen Im Christian and my job is to love everyone no matter what makes them different from me These kids are so cute and very respectful,Hope_speech,Images_SD/SD_HS_0424.jpg
ALL lives matterincluding the unborn,Hope_speech,Images_SD/SD_HS_0037.jpg
That little boy the grey shirt spoke big fax,Non_hope_speech,images_DE/DE_NHS_0080.jpg
As Christian conversion therapy should be on voluntary basis and should be closely regulated and meet the guidelines human rights All these tactics are causing more trauma for the childindividual and not representative of true Christians Minors should not be sent to these camps,Hope_speech,images/IHS_0208.jpg
It has nothing to do with race,Non_hope_speech,images_DE/DE_NHS_0075.jpg
why dont you want black people to be treated equally,Non_hope_speech,images_DE/DE_NHS_0429.jpg
Apparently yeeting out of the closet means that you arent catholicChristian anymore Im Pansexual and still Catholic and am in relationship with another boy Love ya Flamingo,Hope_speech,Images_SD/SD_HS_0053.jpg
Taylor What school did you go to that actually did that Every school Ive ever been to gives girls and guy equal chances,Hope_speech,images_DE/DE_HS_0513.jpg
No they dont want the truth They are soros robots,Non_hope_speech,Images_SD/SD_NHS_0548.jpg
Rebekah Homosexuality is an attraction and not an act with consquences that directly affects other people and their well being Also,Hope_speech,images_DE/DE_HS_0617.jpg
Can you give me some tips to be good friend to my friend Hold on Im crying thats so sweet,Hope_speech,images_DE/DE_HS_0295.jpg
Also in my country female students are better than male students in every lesson Its not because they are less than girls,Hope_speech,Images_SD/SD_HS_0056.jpg
Alllllll lives matter we all came from jesus Christ,Hope_speech,images_DE/DE_HS_0388.jpg
ALL LIVES MATTER NOT JUST BLACK LIVES EVERYONE IS GODS CHILDREN NO ONE IS ABOVE ANOTHER WHAT WE HAVE SEEN CURRENTLY IS EXTREME MAOIST ATTITUDES DEMOCRATS ONLY PANDER TO THESE ANTIFA AND BLM EXTREMIST GROUPS CCFP coalition of the conservative free people,Hope_speech,images_DE/DE_HS_0519.jpg
proud of you humanity THANK YOUKISSES,Non_hope_speech,images_DE/DE_NHS_0466.jpg
Because it takes the focus off of their victim hood And your struggles dont matter because they are self righteous muppets who sniff their own farts,Non_hope_speech,images/INHS0574.jpg
Her eyes are so beautiful Very striking You can tell this is very heartfelt and emotional and genuine She has become very soft spoken here and it says much to the love she has in her heart for the underdog and those who suffer Wonderful Madonna,Hope_speech,images/IHS_0530.jpg
Its actually none of your business,Non_hope_speech,images_DE/DE_NHS_0121.jpg
Bot Pyramids were built by Egyptians The slave theory has been debunked for long time now,Non_hope_speech,images_DE/DE_NHS_0209.jpg
Imagine if after Martin Luther King jrs have dream speech white peoples went around shouting all colors have dream too nnLike seriously :person facepalming: do you guys have to make everything about you nnnBlack peoples are trying to fight for justice by saying they matter nnAnd you white people have to come out of nowhere screaming all lives matter :person facepalming: seriouslynnThis fight for their justice has nothing to do with you people and yet you sorry asses want to jump in every black protest and make it about yallnnthats just playing white privileged right there,Hope_speech,images_DE/DE_HS_0302.jpg
Im with the sheriff,Non_hope_speech,Images_SD/SD_NHS_0180.jpg
My grandpa was an engineer and he bought me my first LEGO set at years old 13 years later Im more than half way through my ME degree,Hope_speech,Images_SD/SD_HS_0456.jpg
Sunshine littlephilly ur username is sin,Non_hope_speech,images_DE/DE_NHS_0183.jpg
Paysour know where all the Democrats live,Non_hope_speech,images_DE/DE_NHS_0354.jpg
And might not be in position to come out safely,Hope_speech,Images_SD/SD_HS_0185.jpg
Just knowing Madonna is out there still going strong puts smile on my face,Hope_speech,images/IHS_0227.jpg
The entire Western Hemisphere is being infected not by COVID19 but by the left wing and MSM,Non_hope_speech,images_DE/DE_NHS_0349.jpg
thank for speaking the truth its soooooo truethey need to get off their knees and stop it,Non_hope_speech,images/INHS0099.jpg
Provocateur why are you bringing tattoos into this So what if someone gets tattoo,Non_hope_speech,Images_SD/SD_NHS_0383.jpg
Amazing talk What terrible professor to be so discouraging and daring to make fun of studentsthis really triggered me and reminded me of one of my former chemistry professorsso rude that everyone stayed quiet out of fear of her retaliating and giving bad gradesThese people should NOT be teaching Im so glad Debbie didnt give up,Hope_speech,images_DE/DE_HS_0043.jpg
InvestigationsnA monument of slave trade guru was taken down and want to investigate nI just cant imagine why this wasnt done long time ago nnSee that home secretary face,Non_hope_speech,images_DE/DE_NHS_0125.jpg
Funny Typical misogynist You say feminists are stupid for thinking theres discrimination against women in stem fields just because women make up such minority but then use the same statistics to make point how women being minority in some fields means theyre biologically inferior or not capable of doing something and you just assume men are better at everythingSo hilarious and sexist,Hope_speech,images_DE/DE_HS_0273.jpg
Shetty yes great one no what it takes to be an engineerI am also female mechanical engineering,Hope_speech,Images_SD/SD_HS_0040.jpg
Every Life Matters,Hope_speech,Images_SD/SD_HS_0024.jpg
Another this week in stupid outlet,Non_hope_speech,images_DE/DE_NHS_0316.jpg
Hates not gonna get you anywhere in the world PREACH,Hope_speech,images_DE/DE_HS_0408.jpg
Annie is honestly brave for being truthful,Hope_speech,Images_SD/SD_HS_0192.jpg
All Lives Matter nLook up nBochelli The tennornShe kept her baby,Hope_speech,images/IHS_0058.jpg
All lives matter Why does my life matter less because am white,Non_hope_speech,images/INHS0154.jpg
Jimmy Pop just let her live her life the way she chooses to and you live yours very simple concept,Hope_speech,images/IHS_0402.jpg
You inspired me to keep moving on my engineering program You are amazing thanks alot,Hope_speech,Images_SD/SD_HS_0431.jpg
Paver yes without black ppl how will we maintain our food supplies manpoweror anythings manpower,Non_hope_speech,images_DE/DE_NHS_0396.jpg
Madonna didnt even write her own music nor did she save any of you She does whatever gives her publicity,Non_hope_speech,images_DE/DE_NHS_0317.jpg
Its the presidents fault minorities live in poverty Maybe if those living in poverty got job or an education,Non_hope_speech,images/INHS0203.jpg
When was 12 figured out that was lesbian my mom said that Im not her daughter anymore and sent me to my auntie in Newzeeland,Hope_speech,images_DE/DE_HS_0278.jpg
Go to Chicago See if Black lives matter there,Non_hope_speech,Images_SD/SD_NHS_0326.jpg
When your raised from birth to hate white people thats what your going to do They can even complete whole sentence without racist slur,Non_hope_speech,images_DE/DE_NHS_0311.jpg
am die hard Atheist and was raised in christian home 18 years until left for college recently got into debate with some bible bashing door knockers explained that knew about Christianity and all the lies that it promise me and never game me told them Jesus hates,Non_hope_speech,Images_SD/SD_NHS_0252.jpg
The girl in the black sweater was kween,Non_hope_speech,images_DE/DE_NHS_0463.jpg
Lol except they have it way better here Blacks are propped up on pedestal in America They are given everything for free They have nothing to complain about They are just racist hypocrites,Non_hope_speech,images/INHS0347.jpg
Huynh my God Lets say that black lives should matter BLSM or,Non_hope_speech,images_DE/DE_NHS_0015.jpg
She saved and changed my life Love my Queen,Hope_speech,images_DE/DE_HS_0489.jpg
Once again you are claiming stuff your government provides In my country those things you said are for both genders as long as you are entitled to them Not every country is like yours so dont generalize into somehting you dont know dont know what kind of dangerous,Non_hope_speech,Images_SD/SD_NHS_0295.jpg
And your conclusion is,Non_hope_speech,images_DE/DE_NHS_0266.jpg
Brady Im so sorry sweetie but your wrong being black is not sin and in opinion being black,Non_hope_speech,images/INHS0416.jpg
It has been about 50 years since segregation ended in the US And black people have not bounced back And its no surprise In his works,Non_hope_speech,images_DE/DE_NHS_0261.jpg
White lives are not more important than black lives Black lives have been over looked How many Presidents,Non_hope_speech,Images_SD/SD_NHS_0074.jpg
Amazing Atheist president,Non_hope_speech,images/INHS0445.jpg
TA If you are getting good marks then it will shut them up And if your marks are poor then it is understandable why they think that but still not okay,Non_hope_speech,Images_SD/SD_NHS_0527.jpg
Can ask serious question blm is wanting change but why wont blm got to the continent of Africa and protest in some of the war zone countries,Non_hope_speech,Images_SD/SD_NHS_0500.jpg
100 sounds like something my daughter would LOVE She is always building and making things out of boxes and tape and paper and pretty much anything she can get her hands on,Hope_speech,Images_SD/SD_HS_0589.jpg
When told my teacher wanted to be an engineer he assumed wanted to do that so could find guy to marry because you know the majority is guys so yeah thats sad,Hope_speech,images/IHS_0011.jpg
am not sure why stated that maybe was thinking of another comment Maybe it was because you say that she is not an engineer dont believe that you HAVE to be an engineer to encourage females to go into the field anyone can do it So,Hope_speech,images/IHS_0463.jpg
Brave compassionate man and role model right here Much respect,Hope_speech,images_DE/DE_HS_0397.jpg
All lives matter There is only one life It is common to all creatures that are alive Its called pranna,Hope_speech,images/IHS_0476.jpg
Sheriff Clarke was spot on,Non_hope_speech,images/INHS0512.jpg
BILL CLINTON Right there know whatever award that was its garbage,Non_hope_speech,images_DE/DE_NHS_0376.jpg
came out and started dating my best friend,Hope_speech,Images_SD/SD_HS_0166.jpg
DaisyTail commented on the absurdity of not agreeing with something nthats simply an unchangeable trait of person,Hope_speech,images/IHS_0571.jpg
Are we gonna achknowledge this whole thing started cause of one stupid of police officer,Non_hope_speech,images/INHS0502.jpg
Halligan so Im right,Non_hope_speech,images_DE/DE_NHS_0631.jpg
We are all equal in the eyes of our Lord God and Lord Jesus ALL LIVES MATTER,Hope_speech,Images_SD/SD_HS_0115.jpg
understand their intent of putting the focus on Black Lives Matter But if they want support from more people,Non_hope_speech,Images_SD/SD_NHS_0629.jpg
What about people who actually like engineering And want to make world better place,Hope_speech,images_DE/DE_HS_0416.jpg
Petra Pavicic Dont try to soften it down Lmao,Non_hope_speech,images/INHS0061.jpg
Im 68 yo white male and say All Lives Matter,Hope_speech,images_DE/DE_HS_0508.jpg
Im teenage girl now and im considering electronics engineering in the future How was it,Hope_speech,Images_SD/SD_HS_0520.jpg
All lives matter What the police done to George Floyd isnt right,Hope_speech,Images_SD/SD_HS_0531.jpg
Sakrison Maybe someone should have asked the founding fathers All men created equal makes them look like hypocrites,Non_hope_speech,images/INHS0125.jpg
You are such an inspiration would buy this toy for my daughters too,Hope_speech,Images_SD/SD_HS_0507.jpg
Blake Eloise dont hate anyone actually,Hope_speech,Images_SD/SD_HS_0457.jpg
The lgbtq helped launched Madonna and the fact she basically knowdlgeses it every time in her song and in her daily life is iconic,Hope_speech,images/IHS_0001.jpg
say to these hypocrites in the Black Lives Matter Movement that all human lives matter regardless of their skin tone,Non_hope_speech,Images_SD/SD_NHS_0099.jpg
Ill be graduating with degree in CS engineering next December was always the social,Hope_speech,images_DE/DE_HS_0462.jpg
My mom is an engineer,Hope_speech,images_DE/DE_HS_0612.jpg
am SO proud of this man He came out to his family,Hope_speech,images/IHS_0246.jpg
They should say Black lives matter toonI agree with you that all lives matter but it fails to point out that black lives were not equal in value to whitesnbased on history Sadly,Hope_speech,Images_SD/SD_HS_0059.jpg
Hardly any body protested outside of the US the media likes to portray good turn out,Non_hope_speech,images_DE/DE_NHS_0345.jpg
and Elizabeth Taylor was the first,Non_hope_speech,images/INHS0620.jpg
Gregory not everyone thought that at all lol,Non_hope_speech,images_DE/DE_NHS_0432.jpg
Dumse god also made men love eachother so,Hope_speech,images/IHS_0118.jpg
NELICOPTER Ikr they always do this dont understand why they think its so amazing that if they work in specific job if theyre females,Hope_speech,Images_SD/SD_HS_0635.jpg
want to study either software engineering or computer science and this video is really inspiring,Hope_speech,images_DE/DE_HS_0024.jpg
Its OK to be white Its OK to be black Its OK to be brown ALL LIVES MATTER,Hope_speech,images_DE/DE_HS_0257.jpg
Gays need help,Hope_speech,images/IHS_0567.jpg
have nothing against gay people,Hope_speech,images_DE/DE_HS_0423.jpg
Im black american and agree with you All lives matter cause God would want us to say and stand by that,Hope_speech,Images_SD/SD_HS_0028.jpg
Only one race the Human Race,Hope_speech,Images_SD/SD_HS_0044.jpg
This is political correctness at its highest We have actually came to point where one cant say all life matters,Non_hope_speech,images/INHS0435.jpg
am woman and an Engineer and feel like fit in just fine,Hope_speech,Images_SD/SD_HS_0360.jpg
Love your neighbor as you would love your self thats in the Bible right,Hope_speech,images/IHS_0167.jpg
All lives matter 2020 Including the unborn,Hope_speech,images/IHS_0580.jpg
Elana Vital Its difficult one Historically females were considered less valuable to the tribe They cant fight,Non_hope_speech,Images_SD/SD_NHS_0546.jpg
For all the people in the comments being disrespectful,Non_hope_speech,images_DE/DE_NHS_0164.jpg
Madonna its time to visit your dentist and get some teeth whitening,Non_hope_speech,Images_SD/SD_NHS_0315.jpg
This just endears me more to MadonnaWhat beautiful inspirational woman she is,Hope_speech,images/IHS_0645.jpg
Her face is soooo wide,Non_hope_speech,Images_SD/SD_NHS_0539.jpg
Its fact but its not the case at this time We dont have oppression at such large scale by all races There are problems in the black community that needs to be fixed at this very moment Of course all lives matter but saying all lives matter against black lives matter is like math You have problem you need to solve so you solve one problem at the time,Hope_speech,images_DE/DE_HS_0583.jpg
shes emotional all thruout this interview what tough cookie and great role model,Non_hope_speech,images_DE/DE_NHS_0173.jpg
SHE LITERALLY SUPPORTED THE LGBT COMMUNITY BEFORE ANYBODY EVER DID PEOPLE DONT UNDERTAND HOW IT WASNT COOL OR TRENDY TO SUPPORT THEM,Hope_speech,Images_SD/SD_HS_0441.jpg
cant believe that people like me are put through such abuse It breaks my spirit,Hope_speech,Images_SD/SD_HS_0293.jpg
Anurag Pal how is she forcefully making do engineering Shes trying to inspire If dont want to do it thats your choice but shes trying to encourage the ppl that do want to do it as career choice dont get how anything she does is forcefull,Hope_speech,Images_SD/SD_HS_0499.jpg
Crystal needs to rule THE WHOLE WORLD she is so so mature wanna conatulate her parents,Hope_speech,Images_SD/SD_HS_0027.jpg
Tagerius It is illegal now and Im very happy think people should be themselves,Hope_speech,images_DE/DE_HS_0507.jpg
Keep persevering Anyone can become great engineer,Hope_speech,images_DE/DE_HS_0443.jpg
would have been fine with ALM if it didnt come right after BLM,Hope_speech,images/IHS_0047.jpg
The world is going to end everything 2020,Non_hope_speech,Images_SD/SD_NHS_0605.jpg
She has never been afraid to say these are my friends and love themnThis was well before it was fashionable to embrace the gaysnShe and Elizabeth Taylor were throwing millions of dollars towards AIDS research in the beginning,Hope_speech,images_DE/DE_HS_0275.jpg
All people of good character matter,Hope_speech,Images_SD/SD_HS_0510.jpg
in Gods eyes all lifes matter,Hope_speech,images_DE/DE_HS_0310.jpg
Blue Lives Matter Black Lives Matter Hispanic Lives Matter Asian Lives Matter White Lives Matter ETCAll Lives Matter Defend the Police Reduce crime Stop resisting arrest Stop talking back Obey the Law Respect the Police and anyone in Authority Simple Rule Criminals are like Children You need to punish bad behaviors Law and Order and JusticeA Civilized Society,Hope_speech,Images_SD/SD_HS_0597.jpg
This is the definition of talking for saying nothing,Non_hope_speech,Images_SD/SD_NHS_0091.jpg
Everyone is adoring how that one kid said god gave us choice and my choice is to love,Hope_speech,images_DE/DE_HS_0142.jpg
its 2am and Im watching this and crying at how inspirational this is as female engineering student this really motivates me to not lose faith,Hope_speech,Images_SD/SD_HS_0459.jpg
All lives matter John,Hope_speech,images/IHS_0634.jpg
This comment is amasing Wishing you more happiness sir and to continue to inspire dreams and aspirations in the minds of these young children,Hope_speech,Images_SD/SD_HS_0010.jpg
DramaNation you dont get high by beer and beer isnt made from weed plants,Non_hope_speech,Images_SD/SD_NHS_0517.jpg
Do you think that God is going to think that black lives matter If you have it right with him all lives will matter,Hope_speech,images_DE/DE_HS_0585.jpg
want to be like you when grow up,Hope_speech,images_DE/DE_HS_0171.jpg
If someone says to you black lives matter then you reply all lives matter that really says lot about who you are,Hope_speech,Images_SD/SD_HS_0358.jpg
Send them back,Non_hope_speech,Images_SD/SD_NHS_0385.jpg
dont agree at all,Non_hope_speech,Images_SD/SD_NHS_0378.jpg
That was funny at the end when Larry said What are we arguing about then haha but that said,Non_hope_speech,images_DE/DE_NHS_0377.jpg
stop assuming the sexuality of the girl that disagrees with homosexuality its not our business to label her as queer in denial or something no matter what she identifies with is attracted to,Hope_speech,images/IHS_0014.jpg
This is one the most remarkable batch of kids Ive seen so far,Non_hope_speech,images/INHS0008.jpg
You cant choose your sexual orientationnbut,Hope_speech,images/IHS_0098.jpg
Bernie Sanders pandering to whomever he happens to be talking to,Non_hope_speech,images/INHS0450.jpg
Aranyak Biswas Im black dude and that is the most dumbest comment have ever read All Lives Matter,Non_hope_speech,images_DE/DE_NHS_0646.jpg
David McDonial thats shame They way you react tells me other wise But ur not the only person in the world who lies to themselfs Its common forgive you,Non_hope_speech,Images_SD/SD_NHS_0240.jpg
White people own other humans as slaves for hundreds of yearsnnBlack people finally tear down those statues because enough is enough and things need to be saidnnWhite people Hey,Non_hope_speech,Images_SD/SD_NHS_0162.jpg
Nice guy not easy sad too,Non_hope_speech,Images_SD/SD_NHS_0016.jpg
These Goons have been instigated by some entity for their own interest to disturb the peace in this country they should be grateful they are here in the UK,Non_hope_speech,images/INHS0106.jpg
Also my choice is to love is more powerful statement than think that child realized That is incredibly beautiful and heartwarming to hear,Hope_speech,Images_SD/SD_HS_0450.jpg
willholt11 Omg you are so dumb,Non_hope_speech,Images_SD/SD_NHS_0062.jpg
We are all thinking it,Non_hope_speech,Images_SD/SD_NHS_0408.jpg
She is an inspiration,Hope_speech,images_DE/DE_HS_0274.jpg
These protest are about the systematic killings of blacks by the authorities and racism that exist within the western system,Non_hope_speech,Images_SD/SD_NHS_0204.jpg
Is Hilary even Jewish,Non_hope_speech,images/INHS0187.jpg
So were done with the virus On to the next month shenanigans,Non_hope_speech,images/INHS0213.jpg
Just be like Gary and everything Will be ok,Non_hope_speech,Images_SD/SD_NHS_0032.jpg
When white people get murdered No one cares So yes All lives matter Were All Americans,Non_hope_speech,images_DE/DE_NHS_0417.jpg
Black lives matter is cult,Non_hope_speech,images/INHS0131.jpg
The sheriff is correct black lives matter has been destructive in its naturen This ideology that they give people is very misleadingnnnAll lives matter if you put color in front of it you yourself are separating segregating and potentially have become racist or biased on one group of persons by their color of their skin,Non_hope_speech,Images_SD/SD_NHS_0172.jpg
Wtf thought Annie is lesbian was like omg she is gonna have connection with him,Non_hope_speech,Images_SD/SD_NHS_0562.jpg
Yooo kid dont think you understand Blacks were brought over here hundreds of years ago to be forced to work in shitty conditions Our ancestors put their blood,Non_hope_speech,Images_SD/SD_NHS_0575.jpg
Being Keith Harings birthday then made it more emotional for her,Non_hope_speech,Images_SD/SD_NHS_0275.jpg
Shes also got every right to her own opinion She is child And she may not even be sure of what shes saying Leave her alone,Hope_speech,images_DE/DE_HS_0429.jpg
Only foreigner could spell the word colour wrong :person facepalming:,Non_hope_speech,images_DE/DE_NHS_0483.jpg
Naked Denial is the first stage of grief You still have four more stages to get through You got this believe in you Far more than Madonna ever will,Non_hope_speech,images_DE/DE_NHS_0307.jpg
All lives matter That includes black lives We need to get on our knees and seek God and his will Putting God first in life is putting your self first God has your best interest in mind You are important to God,Hope_speech,Images_SD/SD_HS_0571.jpg
was inspired as women to believe in myself and be strong independent women was raised with no encouragement and to be powerless She rocks :call me hand: OMG nearly cried to her comment at the end never give up,Hope_speech,images_DE/DE_HS_0138.jpg
Im trump supporter Im anti Islam and anti feminism BUT Im pro LGBT pro womens rights just not for all the femenazi BS,Hope_speech,Images_SD/SD_HS_0442.jpg
Me too am studying civil engineering And love itand classical music too,Hope_speech,images/IHS_0012.jpg
What about the lack of women in construction,Hope_speech,Images_SD/SD_HS_0641.jpg
She looks vulnerable or is that more concious,Non_hope_speech,images/INHS0413.jpg
Stereotypes dont spring out of nowhere,Non_hope_speech,images/INHS0622.jpg
ok Putin Cant wait for Kokichi to be president,Non_hope_speech,images_DE/DE_NHS_0048.jpg
Why would people go way within meters in lockdown as it was easing and the was below More lives will be lost,Hope_speech,images/IHS_0554.jpg
Rebekah heterosexual Saying don agree with homosexuality seems to me so weird like don agree with redhaired people Homosexuals and redhaired people don need your blessing or permission You believe in your god if you want but,Hope_speech,Images_SD/SD_HS_0566.jpg
could care lessmy kids lives matterand hardly anyone elses,Hope_speech,Images_SD/SD_HS_0019.jpg
All lives matter Cops are abusive to all of us and there is problem Focusing on only black lives and shutting down the white persons voice is the Social Justice warrior way It is totally destructive The poor are being kept poor black or white It is the poor that has more interaction with the police and are more susceptible abuse by the police The minimum wage needs to be high enough so that anyone with full time job should be able to buy home,Hope_speech,images/IHS_0639.jpg
OmG love this talk Debbie that was amazing Lovely,Hope_speech,Images_SD/SD_HS_0509.jpg
We are all humans with likes and dislikes diffrent looks with all the same rights,Hope_speech,images_DE/DE_HS_0315.jpg
we need to all join together ALL LIVES MATTERS,Hope_speech,Images_SD/SD_HS_0631.jpg
Its very special to understand the real meaning of life This flower is for madonna,Hope_speech,Images_SD/SD_HS_0561.jpg
We Americans are those miderable,Non_hope_speech,images/INHS0150.jpg
Thats if the threat of the virus was actually much of one But this could have and should have had the peoples vote,Non_hope_speech,images_DE/DE_NHS_0323.jpg
Im sorry but cant fight racism with racism blacks can be as racist as whites all racism is wrong doesnt matter who the race is,Hope_speech,Images_SD/SD_HS_0229.jpg
So he saying white lives doesnt but Ill always say all lives matter,Hope_speech,Images_SD/SD_HS_0266.jpg
THOUGHT THE PERSON WHO DIDNT AGREE WITH HOMOSEXUALITY WAS THE HOMOSEXUAL,Non_hope_speech,Images_SD/SD_NHS_0576.jpg
Watching this video just made my day Im planning on being software engineer and was scared about how hard it is and how girls cant be in that field and all that But right now,Hope_speech,Images_SD/SD_HS_0622.jpg
Sheriff Clark for president in years,Non_hope_speech,images_DE/DE_NHS_0609.jpg
Heh yeah coming out is really scarynWhenever feel confident enough to try and come out,Hope_speech,images_DE/DE_HS_0511.jpg
What JOKE All lives matterAsk GOD,Non_hope_speech,images_DE/DE_NHS_0124.jpg
All Lives Matter There are two races,Hope_speech,Images_SD/SD_HS_0471.jpg
Im not homophobic person If were would have said that would be friends with him homophobia wouldnt say that,Non_hope_speech,images_DE/DE_NHS_0248.jpg
Fuckin joke We been goin work risking our lives for this Get em all back work Fuckin piss takerswe should all go on strike as well Then they ll have problem and it wont be bit of public disorder itll be the end of it all After all we aint getting looked after by no one,Non_hope_speech,images/INHS0146.jpg
Why are there lot of confederate flags at every single trump rally Why do confederacy supporters support trump The parties switched DumpTrump2020,Non_hope_speech,images/INHS0310.jpg
Im hispanic female studying computer science,Hope_speech,Images_SD/SD_HS_0572.jpg
Taylor that is the most insane comment ever go and search Shankuntala Devi,Hope_speech,images_DE/DE_HS_0352.jpg
really dont agree on the process he went to am Christian but dont think the Bible teaches such procedure My job is to love on people,Hope_speech,Images_SD/SD_HS_0110.jpg
Out of egypt have called my son,Non_hope_speech,Images_SD/SD_NHS_0324.jpg
just think love is love if you like boys you like boys if you like girls you like girls you dont have to change be yourself Im bi theres nothing wrong about it,Hope_speech,Images_SD/SD_HS_0564.jpg
mean you cant really choose who you fall in love with maybe she was just bi all along,Hope_speech,Images_SD/SD_HS_0191.jpg
We should keep conversion therapy but instead of converting kids,Non_hope_speech,Images_SD/SD_NHS_0232.jpg
Almost everything in kids education is NOT gender neutral Thats the point,Hope_speech,Images_SD/SD_HS_0187.jpg
Back in the old days there were no pink and blue aisles In the 80s in my country there were few toys to choose from so the parents got what they could Me and my sisters had bucket full of building blocks would play lot creating adventures and stuff didnt like dolls or barbies because the joints could not be bent We also borrowed our fathers saw and files and we created stuff from twigs Having less plastic premade stuff made us more creative,Hope_speech,images/IHS_0388.jpg
It is pathetic to develop interest in some professional field by giving kids toys,Non_hope_speech,Images_SD/SD_NHS_0570.jpg
think that the girl who doesnt agree with The LGBTQ community clearly doesnt know enough about the subject to have real opinion my guess was that she was raised this way cause she didnt really know who to describe why or how she disagreed Just thought,Non_hope_speech,images_DE/DE_NHS_0051.jpg
Sheriff Clarke is awesome Whoring for votes Plantation Politics Im going to use those quotes later,Non_hope_speech,Images_SD/SD_NHS_0076.jpg
Francesca nShut the fuck up nAnd stop replying to every comment,Non_hope_speech,images/INHS0043.jpg
God gave us choice and my choice is to love,Hope_speech,images_DE/DE_HS_0367.jpg
mean Im all for equality and all,Hope_speech,images/IHS_0329.jpg
Lil Laughie SapphienBecause she has short hair or what You cant just come to that conclusion,Non_hope_speech,images_DE/DE_NHS_0254.jpg
The main cause of racism is the mentality of people,Hope_speech,images_DE/DE_HS_0157.jpg
Disgusting Theyre the very ones that are saying and crying institutional racism,Non_hope_speech,Images_SD/SD_NHS_0613.jpg
Im Biesexual and didnt even have to come out my mom just figured it out lolnnnnnI feel bad for him thoughsad,Hope_speech,Images_SD/SD_HS_0013.jpg
OwO Youre wrong That is not Thats Marxist movement theyre using the name so they dont get ridiculed Dont you get it theyre hiding under the protection of something else That way they can pull the race card as defense,Non_hope_speech,images/INHS0178.jpg
It is very simple When you say black lives matter you are saying that in the past we have not done justice to the black community,Non_hope_speech,images_DE/DE_NHS_0476.jpg
America burn America burn America burn America No justice no peace,Non_hope_speech,images_DE/DE_NHS_0368.jpg
MaderanI dont know the purpose of bringing up an issue thats over 10 years old and even its own citizens paid it no respect US tries to control the internet,Hope_speech,images_DE/DE_HS_0313.jpg
remember when she performed cpr on me after rescuing me from the water,Hope_speech,Images_SD/SD_HS_0439.jpg
Sorry dont agree with what you are know that isnt exactly what they said but yeah look know theyre kid but hopefully theyll grow out of that mindset its just illogical,Hope_speech,images_DE/DE_HS_0321.jpg
Why cant we enjoy the merits brought to us by engineerswhy do we have to go behind the scenes everytime,Hope_speech,images/IHS_0157.jpg
Let them Theyre wrong about everything anyway,Non_hope_speech,images_DE/DE_NHS_0230.jpg
Because people dont want equality They dont want colorblind society They want to celebrate their differences bc of skin color,Non_hope_speech,images/INHS0470.jpg
Dunstan Ultimate Research Document,Non_hope_speech,images/INHS0448.jpg
Thank you so much for this Im high school student with few years into college couldnt decide between Architecture and Civil Engineering,Hope_speech,images/IHS_0355.jpg
why is everyone so annoyed at these CHILDREN like cmon they are probably not very educated in this and yall screech if they even think about the word choice,Hope_speech,images_DE/DE_HS_0287.jpg
Nobody has supported the LGBT community like MADONNA even in the darkest hours she has always been an advocate fighter for human rights,Hope_speech,images_DE/DE_HS_0007.jpg
These women ARE in STEM,Hope_speech,images/IHS_0393.jpg
The Amazing Atheist Ranting about Trump There may be some Racist groups that support Trump but that and all the hearsay speculation does not make Trump Racist as The Amazing atheist would have you believe Trump is not Racist,Hope_speech,images_DE/DE_HS_0636.jpg
Who ever said white lives DONT MATTER cockroach,Non_hope_speech,images_DE/DE_NHS_0279.jpg
God loves everyone,Hope_speech,images/IHS_0491.jpg
What shall we say to the woman that George Floyd held at gunpoint while his mates ransacked and robbed her house,Non_hope_speech,images/INHS0428.jpg
have and have always had much respect and admiration for her Despite all the controversy and judgement she continues to stay the course and will always SHINE my hero,Non_hope_speech,images_DE/DE_NHS_0436.jpg
worry me,Non_hope_speech,images/INHS0238.jpg
These kids are so sweet Well done,Non_hope_speech,Images_SD/SD_NHS_0013.jpg
All Lives Matter,Hope_speech,Images_SD/SD_HS_0392.jpg
Ehprotests the world over are clearly predominantly white in numbereven the initial riots in the US were more whites than blacks Thosell be white people the world over showing strong growing support for black folkunlike yourself Ill assume White people who cant believe theyre seeing police beating the shyte out of people peacefully protesting,Non_hope_speech,images/INHS0539.jpg
One of em litterally say that this will change and the only thing it will take is time,Hope_speech,images/IHS_0563.jpg
Do black lives mater Maybe not to black mothers when nearly 30 of all black pregnancy end in abortion,Non_hope_speech,images_DE/DE_NHS_0211.jpg
How are Christians ruining these kids when all of them were kind and respectful,Non_hope_speech,Images_SD/SD_NHS_0419.jpg
Again all lives matter,Hope_speech,images_DE/DE_HS_0586.jpg
Thats why love her she made me feel that being different is okay her music change people lifes,Hope_speech,images_DE/DE_HS_0368.jpg
She is still the best,Non_hope_speech,images/INHS0577.jpg
Im stealing that plot,Non_hope_speech,images/INHS0366.jpg
To make change all lives matter if were going to make change lets make change rate acrosstheboard and that includes animals to aborting babies,Hope_speech,images/IHS_0577.jpg
can say to the klan black lives matter or all lives matter Klan actual harrased and killed innocent people they did not think all lives matter or black lives matter,Non_hope_speech,Images_SD/SD_NHS_0047.jpg
james bolem look up the actual meaning of BLM 2020 We want equality for all races We want to end oppression We want to end killing of innocent ppl We want to end brutality We want to end stereotypes If you cant see that,Hope_speech,Images_SD/SD_HS_0203.jpg
completely agree with you,Non_hope_speech,Images_SD/SD_NHS_0072.jpg
Im so glad Im in the Uk where in year 11 we have our GCSEs and since 2004 girls have outperformed boys in all subjects,Hope_speech,images/IHS_0507.jpg
01 neither did you obviously it says not to lay with another man as you would with woman and it states that it is an abomination never says to hate anyone in the bible it literally states the opposite,Hope_speech,images_DE/DE_HS_0440.jpg
Paysour Slavery has nothing to do with anything It ended 150 years ago But what you should remember is its the reason your here,Non_hope_speech,images/INHS0041.jpg
yes they did Except thankfully that never actually happened,Non_hope_speech,Images_SD/SD_NHS_0529.jpg
stop forcing people to forcefully study engineeringnengineering is made for humans nif girls want to study engineering she willnif she wants to study something other than engineering she willnIts totally her choicennnnnA person should only study something in which heshe is interested in and thus can excel in that field only,Hope_speech,images_DE/DE_HS_0389.jpg
TnThe Narrative tell lie often enough and sooner or later people will believe it,Non_hope_speech,Images_SD/SD_NHS_0458.jpg
swear Juan is secret Dem,Hope_speech,Images_SD/SD_HS_0565.jpg
My choice is to lovennMe crying and sobbing because of how awesome that kid is,Hope_speech,images_DE/DE_HS_0501.jpg
Why are you doubting yourself because of some perceived notion that people dont believe that you are in the job in which you say you are nnJust keep doing your job and create awesome things,Hope_speech,images/IHS_0193.jpg
Black Iives matter si when get old enough Im gone whoop the fi4k out polices we deserve to live he deserved to live sorry god but 2020 Id the worst year of our lives like said black lives matter they need us around white people tryna kill us black lives matter so keep yo head up and make things right cause if we dont the world mite stay like this forever or evern forgotten so black lives matter people am right,Non_hope_speech,images_DE/DE_NHS_0043.jpg
Well done Brilliant this,Non_hope_speech,images/INHS0373.jpg
ExtraBitch Im Christian and dont like conversion therapy,Hope_speech,images_DE/DE_HS_0358.jpg
What question did they idk if theyre boy or girl think the guy was asking them about it being choice atfirst,Non_hope_speech,images/INHS0284.jpg
Boa In US women are given preference over men by,Hope_speech,images/IHS_0489.jpg
son Dowdy bolloc By saying all lives matter,Non_hope_speech,images_DE/DE_NHS_0132.jpg
Conversion therapy has the same origins as ABA Autistic children are exposed to abuse regularly with the goal of making them outwardly act less autistic,Hope_speech,images/IHS_0312.jpg
Can you link the source Really need it atm,Non_hope_speech,Images_SD/SD_NHS_0462.jpg
KNEW SHE MADE GOLDIBLOCKS was thinking that while she was talking about trying to get girls interested in engineering,Hope_speech,Images_SD/SD_HS_0578.jpg
Ive finally decided what want to be want to be an Industrial Engineer,Hope_speech,images/IHS_0450.jpg
rou Im chemical engineer from South America What Ive learned in my college years is that to earn your degree you dont need to be that smart though it certainly helps,Hope_speech,Images_SD/SD_HS_0238.jpg
accept that you want to be equal,Hope_speech,images_DE/DE_HS_0547.jpg
Im lost but surely all lives matter,Hope_speech,images_DE/DE_HS_0044.jpg
Every being is essentially justified by the mere fact it exists That is universal truth Then beings come to relative arrangements among themselves,Hope_speech,Images_SD/SD_HS_0084.jpg
Super Taco GAMING that is the point The police obviously shouldnt have killed him it doesnt necessarily mean that he killed him because his race,Hope_speech,images_DE/DE_HS_0615.jpg
IT IS RIGHT TO SAY ALL LIFE MATTER IN GENERAL,Non_hope_speech,images/INHS0484.jpg
Pandaliano the media says no,Non_hope_speech,images/INHS0350.jpg
Just like Trumps bible PR stunt Thats politicians for you,Non_hope_speech,images/INHS0218.jpg
The only lives that matter are people of righteousness,Non_hope_speech,images_DE/DE_NHS_0034.jpg
ALL Lives Matter including the Unborn,Hope_speech,images/IHS_0041.jpg
THIS IS racest There saying that black lives matter but what about ALL lives What about the white people ALL LIVES MATTER no matter what color,Hope_speech,images_DE/DE_HS_0125.jpg
What is hindering African American prosperityn,Non_hope_speech,Images_SD/SD_NHS_0464.jpg
Debbie Sterlings lecture is so far the best lecture have seen actually can relate to this cause my case is also quite similar to hers,Hope_speech,images/IHS_0124.jpg
Awesome Debbie Sterling this is great deal for our young daughters,Hope_speech,images/IHS_0412.jpg
Well dont agree with your delusions,Non_hope_speech,Images_SD/SD_NHS_0247.jpg
just ivette quit trying to touch my butt,Non_hope_speech,images_DE/DE_NHS_0548.jpg
if everyone is too be equal the make it so everyone is equal,Hope_speech,images_DE/DE_HS_0218.jpg
That one girl said she doesnt support lgbtq people due to her religion,Non_hope_speech,Images_SD/SD_NHS_0564.jpg
Everyones life matters,Hope_speech,images/IHS_0328.jpg
cant believe live In world where saying all lives are important is condemnable :person facepalming:,Hope_speech,Images_SD/SD_HS_0362.jpg
She looks incredible,Non_hope_speech,Images_SD/SD_NHS_0403.jpg
Im an atheistnThat kinda offends me,Non_hope_speech,images_DE/DE_NHS_0214.jpg
All lives do matter Black white brown red yellow they all matter With that being said quit placing value on anyones life that tries to take mine nomatter what color they are,Hope_speech,images/IHS_0523.jpg
No one says it to be racist they say it because its true its not the color its the character,Hope_speech,images_DE/DE_HS_0290.jpg
They got it wrong,Non_hope_speech,images/INHS0182.jpg
987 people were shot by cops in 2017 775 of the victims were not black,Non_hope_speech,images/INHS0579.jpg
If person goes to war it is all lives matter You rely on the person next to you as much as heshe is relying on you,Hope_speech,Images_SD/SD_HS_0363.jpg
Then what are we all arguing aboutnBINGO,Non_hope_speech,Images_SD/SD_NHS_0467.jpg
Bernie Sanders is an idiot If this guy will somehow ever get elected,Non_hope_speech,images/INHS0127.jpg
Isnt conversation therapy illegal,Non_hope_speech,images/INHS0270.jpg
Where does this impression come from that LEGO is boys toy It is completely gender neutral,Hope_speech,images_DE/DE_HS_0409.jpg
Some of the black lives matter people are doing things correctly to protect their people but there are some that are destructive against innocent people and bad people tooWhen someone says black lives matter it is rude to say all lives matter because the purpose of this movement is black protection for their people and its rude to bring other lives to erase its main purposeIts like saying My cousin died help methen person two replying who cares mine died tooRespecting personal rights means world peace,Hope_speech,images_DE/DE_HS_0272.jpg
want to be chemical engineer soon hope will become in the future,Hope_speech,Images_SD/SD_HS_0285.jpg
How come none of these guys arent bringing up FBI STATISTICS,Non_hope_speech,Images_SD/SD_NHS_0625.jpg
poland write in English dont understand what your reply,Non_hope_speech,Images_SD/SD_NHS_0192.jpg
She literally introduced the world to the ballroom scenes Especially in time when homosexuality was taboo,Hope_speech,Images_SD/SD_HS_0596.jpg
She is pretty and smart wow,Hope_speech,images_DE/DE_HS_0458.jpg
He stood against the biggest cult of racist the world had seen He rallied an entire country against Hitler Yes he was racist but if it wasnt for him wed wouldnt be alive today,Non_hope_speech,images_DE/DE_NHS_0567.jpg
Because he helped bring in schools and hospitals for the country,Non_hope_speech,images_DE/DE_NHS_0562.jpg
Its just sad how people are treating black people horribly one time someone in game called my friend that shes Black like the wall thats so rude cant stand racist people they are literally messed up,Hope_speech,images_DE/DE_HS_0002.jpg
They have always had chips on their shoulders,Non_hope_speech,Images_SD/SD_NHS_0199.jpg
Why are these people even here,Non_hope_speech,Images_SD/SD_NHS_0642.jpg
TJ its hostage situation cheJay,Non_hope_speech,Images_SD/SD_NHS_0466.jpg
Uzokwe so is that the final solution,Non_hope_speech,images_DE/DE_NHS_0176.jpg
He would be so disappointed Remember have dream to live in world where my four children will be judged by there character not by there skin color Then black lives matter happens and all lives matter is racist apparently and freedom of speech is dead You disagree your racist or sexist What happened to the world Theres only one race the human race History is not perfect from any perspective Everyone has been slave look at the gladiators for example theres plenty more as well dont forget about prisoners of war You cant sing certain music due to certain words if there so offensive or only one race can say them then take that word out,Hope_speech,images_DE/DE_HS_0053.jpg
Removal of the statue has not solved anything unless reforms in all departments are done that how justice wil be achievedu can end up destroying whole city with that mind thats why wisdom is necessary as seek justice,Non_hope_speech,Images_SD/SD_NHS_0586.jpg
was going for brainless,Hope_speech,Images_SD/SD_HS_0593.jpg
wouldnt stop laughing for years if all the people doing this died from C19,Non_hope_speech,Images_SD/SD_NHS_0098.jpg
Until we stop using terms like colored communitys this will never go away,Non_hope_speech,Images_SD/SD_NHS_0505.jpg
People are allowed to have opinions :person shrugging: Most likely she gained that opinion from family membersreligion Even if not theres no need to shame her for having an opinion,Non_hope_speech,Images_SD/SD_NHS_0270.jpg
racist person has awoken,Non_hope_speech,images/INHS0637.jpg
You speak with women in technical way,Non_hope_speech,Images_SD/SD_NHS_0045.jpg
Ada Lovelace Grace Hopper Nuf said,Hope_speech,images/IHS_0647.jpg
If you have to pose the question,Non_hope_speech,images/INHS0602.jpg
She has never been afraid to say these are my friends and love themnThis was well before it was fashionable to embrace the gaysnShe and Elizabeth Taylor were throwing millions of dollars towards AIDS research in the beginning,Hope_speech,Images_SD/SD_HS_0254.jpg
Poor little black people ALL LIVES MATTER,Non_hope_speech,images/INHS0007.jpg
Coen yeah and she is one of them She would get more if she was played on the radio though,Non_hope_speech,images_DE/DE_NHS_0188.jpg
GUESS WHAT feminism IS about empowering women and if didnt watch the video,Hope_speech,Images_SD/SD_HS_0606.jpg
The older get the more dislike multiculturalism BLM and EDL is the same thing and they are all thugs,Non_hope_speech,images_DE/DE_NHS_0440.jpg
came across this vid and saw her amazing speech Im in my third year doing my degree in ME and faced the same struggle Thanks for the speech Its inspiring Thanks Debbie,Hope_speech,images_DE/DE_HS_0438.jpg
Until everyone can understand that ALL LIVES MATTER,Non_hope_speech,Images_SD/SD_NHS_0183.jpg
It is too bad we dont learn more from past mistakes made in historyn500550 BC Cyrus the Great conquered the known world His only directive to conquered nations was to free all slaves No monetary compensation was given to the slave owners for their lossesnHe then told conquered nations that they could choose to stay part of his empire or rule themselves Under the condition that they kept up with his no slavery directive Otherwise he would conquer them again in order to free thier slavesn2,Non_hope_speech,images/INHS0305.jpg
Im 16 love math But Im unsure of my future careers Im thinking about engineering but am unsure but this video touched me,Hope_speech,images/IHS_0370.jpg
Lol Snoop Dogg got kicked out of Long Beach cause he dont contribute but alot do like Master opened up free college in New Orleans and Eminem contributes alot to Detroit,Non_hope_speech,images_DE/DE_NHS_0335.jpg
Wilson It means,Non_hope_speech,Images_SD/SD_NHS_0412.jpg
chloe but wouldnt it be better to let other believe what they believe in and not force them into something theyre notnnIm bisexual christan,Hope_speech,images/IHS_0582.jpg
Omg this inspired me so much Im applying for college this year and im planing on studying computer science,Hope_speech,images/IHS_0623.jpg
Bbm add11 nI dont think conversion therapy is helpful to people regardless if they could choose it or not For dont even think it is real therapy it would be trying to force someone to be something theyre not is that really therapy Also dont think the therapy that this guy is talking about is very good for you mentally,Hope_speech,images/IHS_0021.jpg
Madonna is such an amazing person She makes the world better place,Hope_speech,images/IHS_0619.jpg
Sunshine littlephilly would you be okay if told you dont accept nOr agree with heterosexuality God accepts and loves all his children,Non_hope_speech,images/INHS0067.jpg
To any of you out there who think black conservatives are Uncle Toms who have sold out to Whitey,Non_hope_speech,images/INHS0544.jpg
thought the same thing,Non_hope_speech,Images_SD/SD_NHS_0107.jpg
That is stupid quote The same kinds of evils will happen even if people do know about history And some people want to repeat history,Non_hope_speech,Images_SD/SD_NHS_0299.jpg
Gays kissing is exactly the same to lesbians kissing But its been exploited by the porn industry,Non_hope_speech,images_DE/DE_NHS_0123.jpg
Long Night Of Hooking exactly,Non_hope_speech,images_DE/DE_NHS_0526.jpg
would you prefer communism,Non_hope_speech,images/INHS0276.jpg
FCK blm bunch of freaks,Non_hope_speech,images/INHS0092.jpg
Tagerius was really impressed with your ability to communicate the horrific implications of conversion therapy and support of the LGBT community but completely shocked and disappointed that you are advocating that abortion is killing baby Why is it that you think LGBT individuals are worthy of bodily autonomy but women arent worthy of having autonomy over their bodies,Hope_speech,images_DE/DE_HS_0147.jpg
All lives do matter and im black person,Hope_speech,images_DE/DE_HS_0163.jpg
That just proves your willfull ignorance,Hope_speech,images/IHS_0316.jpg
Just remember that at the end of the day no matter your sexuality,Hope_speech,images/IHS_0221.jpg
Melly agree and instead of all just being activists they should go to school for environmental sciences or politics so they can actually do some change instead of screaming about it in the street,Non_hope_speech,images_DE/DE_NHS_0341.jpg
What do mean by snowflakes man,Non_hope_speech,Images_SD/SD_NHS_0573.jpg
That one girl whos like do not agree with homosexuality nnnGirl you got short haircut the bottom of your jeans cuffed sweater and its bergundy ish Your not any part of Lgbtq thats lie You dont agree with Lgbtq people thats lie You probably said that because your family and your church are watching She will come out in few months or years Btw people hating Lgbtq people and they are religious people God says not to hate anyone so like its the same wrong Also have family who isnt religious but is religious if you know what mean and respect anyone no matter what and if thats who they are let them be who they are evn if dont agree,Hope_speech,Images_SD/SD_HS_0481.jpg
TA All the best dear Work with passion,Hope_speech,images_DE/DE_HS_0062.jpg
They always have these coconuts representing for black people Especially that David guy on the left We all they all life should be matter but America doesnt act as if it is,Non_hope_speech,images_DE/DE_NHS_0321.jpg
was waiting on one of them responding to him asking Do you know anybody LGBTQ to say Yeah me,Hope_speech,images/IHS_0572.jpg
Shes also stuttering ton and cant look the guy in the eye She came out while after this video,Non_hope_speech,Images_SD/SD_NHS_0628.jpg
Irish people were enslaved for hundreds of years but you dont see us looking to take lucky charms off cereal box,Non_hope_speech,images/INHS0093.jpg
this is SIMPLEyou are what you worship never was taught that in school correct ALL people are made in Gods image end of story want to choose another form of worship btw,Non_hope_speech,Images_SD/SD_NHS_0088.jpg
Im not referring to the protesters when make these points,Non_hope_speech,images_DE/DE_NHS_0408.jpg
Johnson PEOPLE OF COLOUR WE HOPE,Non_hope_speech,images_DE/DE_NHS_0313.jpg
Ainura Cc hi Thats the name of the official organization also think if the organization had different name lets say black lives matter too it will still get twisted in order to dilute the meaning agree that all lives matter but people only started saying that AFTER black lives matter became thing,Non_hope_speech,images/INHS0014.jpg
Agreed grew up in conservative household and saw homosexuality as being bad until was 18 Now Im 24,Hope_speech,images_DE/DE_HS_0571.jpg
loved this video It was so inspiring really want to be structural engineer when grow up,Hope_speech,images/IHS_0057.jpg
Rubin Please help me understand sorry,Non_hope_speech,Images_SD/SD_NHS_0636.jpg
Its doesnt mean only it means Black Lives are here and should be listened too dumbass all lives matter cause we are human it just also means listen we need help,Non_hope_speech,images_DE/DE_NHS_0388.jpg
George Floyd was Criminal against her own Race,Non_hope_speech,Images_SD/SD_NHS_0262.jpg
Why ever bother to come out,Hope_speech,Images_SD/SD_HS_0623.jpg
The best thing about wormy sanders is the fact that he is old and will die soonAll lives matter you group of Jagaloons,Non_hope_speech,Images_SD/SD_NHS_0297.jpg
choose to equalise Everyone has no more or less rights than anyone else You earn love and respect,Hope_speech,images_DE/DE_HS_0094.jpg
Every time read the comments section in this and other types of videos where women describe their experiences,Non_hope_speech,Images_SD/SD_NHS_0476.jpg
Its Maya see this is why people are always including white likenif white means racist Now that may be racist,Non_hope_speech,images_DE/DE_NHS_0302.jpg
was ALMOST with Juan till he said something stupid AGAIN,Non_hope_speech,images_DE/DE_NHS_0635.jpg
Im sorry have to go see Juans ugly face there and know what hes going to say so Im out,Non_hope_speech,images/INHS0065.jpg
well apart from stopping it,Non_hope_speech,images_DE/DE_NHS_0501.jpg
Without them your economy would fall,Non_hope_speech,images/INHS0393.jpg
What has she done,Non_hope_speech,Images_SD/SD_NHS_0078.jpg
Im worried about Phil Lynotts statute in Ireland NOT,Non_hope_speech,images_DE/DE_NHS_0400.jpg
When he was talking about how he was beat just wanted to give him hug :hugging face:,Non_hope_speech,images_DE/DE_NHS_0415.jpg
Im sorry love black but all lives matter to me,Non_hope_speech,images/INHS0277.jpg
Got Quran ad in my sidebar,Non_hope_speech,images_DE/DE_NHS_0623.jpg
heard from Tom Sullivan last week awesome statement,Non_hope_speech,images_DE/DE_NHS_0104.jpg
What disgraceful time Bring back the 80s please,Non_hope_speech,Images_SD/SD_NHS_0322.jpg
everyone talking about the girlnshe was clearly protecting herself she came out bi recently,Hope_speech,Images_SD/SD_HS_0141.jpg
PATTYY maybe she is revolian You cant assume peoples sexualities like that Accept that times have changed and straight people can look however they want,Hope_speech,images/IHS_0158.jpg
Why Parenthood What is the foundation for Parenthood Is my concernAll life matters because our Creator created each one of us,Hope_speech,images/IHS_0045.jpg
God gave us choice and my choice is to love That was so sweet,Hope_speech,images_DE/DE_HS_0378.jpg
Two of three founders of the movement are selfconfessed Marxists Search short history of BLM youtube link into Google and watch the first result The video is made by the founders of Black Lives Matter at,Non_hope_speech,images/INHS0417.jpg
All lives matter obviously The BLM movement was created as response to police brutality People started the phrase All lives matter as response to black lives matter in order to remove or dilute the movement,Non_hope_speech,images_DE/DE_NHS_0497.jpg
This is message to all you racist white people Black people are just like everyone else and we are humans too think twice before you hate us,Non_hope_speech,images/INHS0455.jpg
love this video lot So inspiring wanna be computer engineer someday but dont like math and science but Im not bad at it In fact my grade ranges from 91 and up in both areas They say just need practice to be really good in it,Hope_speech,Images_SD/SD_HS_0107.jpg
Rojas Just because she looks certain way doesnt mean shes in denial or anything,Hope_speech,Images_SD/SD_HS_0376.jpg
So youre good with homosexuality,Hope_speech,images/IHS_0621.jpg
Really dont wanna get involved or anything but the girl who doesnt agree with homosexuality has cuffed jeans and pixie cut and ill leave it at that,Non_hope_speech,images/INHS0560.jpg
osteen True but what learned was he assualted pregnant lady with gun so though it was wrong to be killed what he did was wrong too,Non_hope_speech,images/INHS0538.jpg
literally started crying out of happiness you go girl the world is ready for some change and we are no longer afraid to make it,Hope_speech,Images_SD/SD_HS_0595.jpg
Legitimate proof to prove that conversion therapy is wrong and useless You cant change person for who they are,Hope_speech,images/IHS_0552.jpg
And why because he was black geht mit so much Moby or No Job,Non_hope_speech,images_DE/DE_NHS_0225.jpg
You cant gain respect without giving it first myself am Christian and just hate when other Christians disrespect what others chose to believe indo and feel like they are entitled to get that respect back,Hope_speech,images/IHS_0260.jpg
Love Marcus Thank you for sharing your story,Hope_speech,images/IHS_0372.jpg
BLM protesters worldwide should also comment on modern day slavery refer to the links provided nnRather than focusing on tearing down statues maybe focus and give voice to black and Asian people forced into the abhorrent modern day slavery nn,Non_hope_speech,images_DE/DE_NHS_0582.jpg
you need to come out of the leftwing enslavement camp youre stuck in Theyll tell you to act like victim to keep you more marginalized,Non_hope_speech,images/INHS0247.jpg
Feminists want equality of outcome,Hope_speech,images_DE/DE_HS_0159.jpg
really dont think you have the authority to decide whether someone would benefit from US prison or not,Non_hope_speech,Images_SD/SD_NHS_0614.jpg
So right on so many levels,Non_hope_speech,Images_SD/SD_NHS_0206.jpg
homosexuality isnt something you can disagree with Just like having red hair The sentence dont agree with red hairness doesnt make sense Same for dont agree with homosexuality,Hope_speech,images_DE/DE_HS_0518.jpg
Its child abuse to put child through this,Non_hope_speech,images_DE/DE_NHS_0565.jpg
mean if you come out publicly that you are AGAINST africanAMERICANS being denied the same RIGHTS and DUE PROCESS than other Americans,Non_hope_speech,images/INHS0341.jpg
wish had the courgage to be myself in front of others,Hope_speech,images/IHS_0112.jpg
Because people are not surprised when man says that Engineering is not unique enough job to the point of being surprise itself Think little before asking dumb questions lol,Non_hope_speech,images_DE/DE_NHS_0186.jpg
All lives do matter To say otherwise creates separation We are one Nation under God We all bleed red The human race is the only race Its time to move forward together We all struggle and have struggled,Hope_speech,images/IHS_0067.jpg
As bisexual woman smell bisexual woman in this video,Non_hope_speech,images_DE/DE_NHS_0561.jpg
Randomgirlwhosings0804 Why does she feel the need to have to agree or not agree with someones sexuality Why does any Christian its really weird there is nothing for you to agree with,Hope_speech,Images_SD/SD_HS_0156.jpg
She is now she came out few months back and Im there for it,Hope_speech,Images_SD/SD_HS_0263.jpg
WHY IS EVERYONE ACTING LIKE POLICE DONT MATTER THEY HELP US USE COMMON SENSE IT WAS JUST ONE OFFICER THAT KILLED GEORGE FLOYD ITS OVER NOW STOP THE PROTESTING BRING BACK THE GOOD POLICE WHO SAVE OUR LIVES,Non_hope_speech,images/INHS0081.jpg
BJGvideos right like shes probably the oldest in the video and everyone else except her were so acceptingwhen someones ignorant theyre ignorant and thats that,Non_hope_speech,images/INHS0362.jpg
Wow Im 13I want to become an engineerPeople have told me tht would never fit in cuase Im girlI even had teacher told me oncetht should go to fashion school and let the boys do tht hard workafter seeing this in 2018I want to become an engineer and inspired girls too just like you do,Hope_speech,images/IHS_0230.jpg
Jack Parsons You mean where are their parents with Kids live matters movement,Non_hope_speech,images/INHS0446.jpg
As there is one also Im an atheist to grew up Christian so still know the verses,Non_hope_speech,images/INHS0474.jpg
Showing interest in person is not microagression,Non_hope_speech,images/INHS0097.jpg
definitely thought the girl in the burgundy sweater was LGBTQjust sayn,Non_hope_speech,images/INHS0598.jpg
WE WILL NEVER GIVE UP LGBTQI RISE,Hope_speech,Images_SD/SD_HS_0144.jpg
Thats Madonna how love to hear real fighter,Hope_speech,images_DE/DE_HS_0309.jpg
Microaggressions RAMPANT SEXISM,Non_hope_speech,images/INHS0425.jpg
There are lgbtq persons who do bad things Thats given But that shouldnt be the license to hate everybody else in the lgbtq sphere cause lot of us are nice and righteous Generalizing is what needs to go Ps,Hope_speech,images_DE/DE_HS_0048.jpg
Unborn lives matter the most,Non_hope_speech,Images_SD/SD_NHS_0148.jpg
Trump really likes Israel At least he says he does,Hope_speech,images/IHS_0503.jpg
but what about your great great grandchild,Non_hope_speech,images/INHS0009.jpg
Hudson Birt its not choice,Non_hope_speech,Images_SD/SD_NHS_0587.jpg
Just so you know,Non_hope_speech,images/INHS0536.jpg
ALL LIVES MATTER The current discussions are racist and those who call out others being racist,Hope_speech,Images_SD/SD_HS_0332.jpg
To be honest,Non_hope_speech,images/INHS0440.jpg
want yum black lives matter,Non_hope_speech,images_DE/DE_NHS_0471.jpg
Ron La Manna we need to give him an oval office,Non_hope_speech,images_DE/DE_NHS_0241.jpg
How can someone come from different country and live here and get everything for free,Non_hope_speech,images_DE/DE_NHS_0449.jpg
Istandbul is not Muslim country,Non_hope_speech,images/INHS0306.jpg
He improved himself and wanted to start better life,Non_hope_speech,images_DE/DE_NHS_0179.jpg
Cole racist asf but okay,Non_hope_speech,Images_SD/SD_NHS_0521.jpg
She is cool and inspiring too,Hope_speech,Images_SD/SD_HS_0372.jpg
Can just say Theres like no proof that God hates Gays,Hope_speech,Images_SD/SD_HS_0401.jpg
im not saying racism doest exist butwhen you generalize all of one race that is racismits black and whitenwhen we stop racism then all lives matter,Hope_speech,Images_SD/SD_HS_0632.jpg
im glad they got male perspective to balance the discussion dafuq you know how much easier it is to get job as woman they want to hire 50 women when theyre 20 of grads how is that equal for generation thats been taught woman can do anything as good as men it should be about ability not genitals totally agree on that point,Hope_speech,images_DE/DE_HS_0469.jpg
Listen to Yuri Bezmenov on Youtube Back in 1984 he explains what is happening now in 2020 am scared of communism and Antifa even here in Scandinavia,Non_hope_speech,Images_SD/SD_NHS_0639.jpg
Everyone on this episode was super insightful,Hope_speech,Images_SD/SD_HS_0532.jpg
Bauer Frazier Though largely agree with your post,Non_hope_speech,Images_SD/SD_NHS_0155.jpg
All Lives Matter Follow the laws and be productive citizens in society then your life will matter otherwise you put your life in danger and it will not matter,Hope_speech,Images_SD/SD_HS_0341.jpg
am Catholic and the thought of conversion therapy on anybody disgusts me know that the Jesus serve is NOT the same one that this person unfortunately had to experience God is love and the way he was treated was NOT love so NOT God like what that little boy said God is love and chose to love,Hope_speech,Images_SD/SD_HS_0492.jpg
So its an insult to say,Non_hope_speech,Images_SD/SD_NHS_0108.jpg
if all lives matter to guys,Hope_speech,images/IHS_0039.jpg
Omg Were at the exactly same state hope well get through this,Hope_speech,images_DE/DE_HS_0110.jpg
conversion therapy subjects people to abuse and many people who survive it end up with some sort of trauma disorder,Hope_speech,Images_SD/SD_HS_0169.jpg
All Lives Matter love thy neighbor,Hope_speech,images_DE/DE_HS_0137.jpg
females dont do engineering as much cause they start to lack the social support when the study gets too hard or when the job demands are high and no one is there for them emotionally so they drop out,Hope_speech,images_DE/DE_HS_0298.jpg
my closet doesnt have door Im screwed,Non_hope_speech,images_DE/DE_NHS_0205.jpg
Zaire Kefa so build bridge and get over it,Non_hope_speech,Images_SD/SD_NHS_0640.jpg
mindprism dont associate with the types of women you associate with find those types of women,Non_hope_speech,Images_SD/SD_NHS_0523.jpg
am also bi and religious and believe that God loves everyone even us,Hope_speech,images/IHS_0249.jpg
When ever discussion about black lives agenda there is always someone with red herring distruction to divert the conversation,Non_hope_speech,Images_SD/SD_NHS_0596.jpg
jules has lot of vision about life really love how he tries to understand everyone and he is really wonderful child,Hope_speech,images/IHS_0331.jpg
BS How is it narcissistic Or racially exclusive,Non_hope_speech,images/INHS0337.jpg
EVERYONE SHOULD RESPECT HER SHE IS TRUE ARTIST,Hope_speech,images/IHS_0036.jpg
The problem is countries like India and China are bursting with people and Japan,Non_hope_speech,images_DE/DE_NHS_0178.jpg
All lives matter white black all human life is precious,Hope_speech,Images_SD/SD_HS_0091.jpg
That introSuch an openminded girl,Non_hope_speech,images_DE/DE_NHS_0554.jpg
TheLegend27 Is Alive also you can be christian and lesbian,Hope_speech,images_DE/DE_HS_0360.jpg
Lets make some mental gymnastics it will require LOT of it in order to assume homosexuality can be cured Done Ok How are you going to cure someone by hitting them and make them repeat the same thing over and over again on daily basis This is no therapy Theres nothing therapeutic in being hurt or brainwashed How do we still call those things therapies This is nothing more than legal abuse Parents who send their child there would say im sending my child in place where they will be abused both mentally and physically if they were honest about themselves Then add the usual love them and see if it makes sense,Hope_speech,images/IHS_0066.jpg
Saying All Lives Matter means all people in this whole world matter and thats because God made all of them Nothing to do with skin color,Hope_speech,images_DE/DE_HS_0377.jpg
Lehman So it would be ok for group of allwhite people to walk around with banners that say White lives matter and shout it out to all black peoplewhite people die tooand we know its sad and enraging and emotional but we cant afford to seperate ourselves like thatseperation and segregation IS racismdont fight racism by being racistjust be Human All lives matter,Hope_speech,Images_SD/SD_HS_0642.jpg
Your right about the toys If we were given these toys we would have better spatial skills and love science and engineering,Hope_speech,images_DE/DE_HS_0385.jpg
Jesus Christ will tell you,Non_hope_speech,images/INHS0600.jpg
My choice is to love Im actually crying in the library right now Such wisdom and maturity,Hope_speech,images/IHS_0596.jpg
We shouldnt be arresting and arresting black people for year See if the world gets lot safer,Non_hope_speech,Images_SD/SD_NHS_0243.jpg
All lives matter implies that all lives matter It doesnt mean to say that certain group of peoples lives dont matter It may also include groups that dont face any oppression and groups that do It also implies that the oppressed groups should be equal to the nonoppressed group,Hope_speech,Images_SD/SD_HS_0269.jpg
took up an Industrial Engineering course long time ago didnt finish my course 1st year to 3rd year was doubting myself that cannot make it to the final year and when reached the 4th year that was the moment that was so eager to finish the course but unfortunately wasnt able to enrol for 2nd semester due to financial challenges When the speaker said that they were on female students in the classI remembered those days when we were also girls and no excuses on all of our classes and demos am now 36 years old dont see myself going back to study and continue the same course but really wish did,Hope_speech,Images_SD/SD_HS_0094.jpg
Many Christians see sin as this horrible thing that should be perished from our bodies so that we are all pure and are one with God and Jesus Christ However,Non_hope_speech,images/INHS0002.jpg
The sheriff was spot on,Non_hope_speech,images/INHS0553.jpg
Your sick in the head for supporting mass murderer and kidnapper,Non_hope_speech,images/INHS0389.jpg
Racism is the belief that one race is superior than another dont see how being conscious of your race makes you believe that any embrace is superior,Hope_speech,Images_SD/SD_HS_0485.jpg
They are privileged apologists,Non_hope_speech,images/INHS0518.jpg
What data is Juan referring to when he says clearly there is an excessive use of police force,Non_hope_speech,Images_SD/SD_NHS_0178.jpg
she is amazing,Hope_speech,images/IHS_0109.jpg
Rebekah love how you need god to make up your mind about something and cant think for yourself,Non_hope_speech,Images_SD/SD_NHS_0441.jpg
feel sorry for her being raised in that kind of environment,Hope_speech,Images_SD/SD_HS_0617.jpg
never said men and women are the same,Non_hope_speech,images_DE/DE_NHS_0513.jpg
Didnt see the survivor part,Non_hope_speech,Images_SD/SD_NHS_0440.jpg
Man the video that video was awesome thank you God bless America,Non_hope_speech,images/INHS0281.jpg
all live matter key word ALL meaning ALSO black lives,Hope_speech,Images_SD/SD_HS_0419.jpg
think the girl who thought homosexuality is choice is lesbian,Non_hope_speech,Images_SD/SD_NHS_0542.jpg
Fellow Catholic checking in,Non_hope_speech,Images_SD/SD_NHS_0158.jpg
Not all Christians think this way dont think its disgusting how they treated him,Hope_speech,images_DE/DE_HS_0544.jpg
bro pls explain why are the protest happening,Non_hope_speech,images_DE/DE_NHS_0637.jpg
im womannThis is all nice and dardy,Hope_speech,Images_SD/SD_HS_0620.jpg
this is so inspiring being girl that wants to go into engineering,Hope_speech,images_DE/DE_HS_0613.jpg
Lol wow 4yrs ago election time is best to bring up racial issues to get those low informed voters,Non_hope_speech,Images_SD/SD_NHS_0300.jpg
People quickly forget how hard the ones before them may have had to fight,Non_hope_speech,images_DE/DE_NHS_0414.jpg
History in the making Lets see what happens in the next 300 years,Non_hope_speech,images_DE/DE_NHS_0437.jpg
Can we appreciate the fact that how sensitive and adorable all these kids are,Non_hope_speech,images_DE/DE_NHS_0410.jpg
Val where are you from Lots of countrys still make it legal,Hope_speech,images_DE/DE_HS_0177.jpg
love how real they are,Non_hope_speech,images_DE/DE_NHS_0364.jpg
god gave us choice my choice is to love,Hope_speech,Images_SD/SD_HS_0235.jpg
Kai Lucas Zachary how does one look lgbt,Non_hope_speech,images/INHS0250.jpg
Madonna is tired yes Part of the game that she was playing over the years... She understand now that nothing really have changed trully,Non_hope_speech,images_DE/DE_NHS_0619.jpg
GameRoll nHavent you noticed that people do the same thing for all their fallen heroes and dearly departed The best time for cold analysis of persons life is probably NOT shortly after heshe has gone Also people have tendency to make IDOLS of the dead when it is politically or otherwise convenient We cannot blame Mr Floyd for immoderate comments which others have made about him following his brutal murder For it remains fact that he was murdered nnnNow didnt hear any of these allegations about his behavior before It neither surprises me to hear it,Non_hope_speech,images/INHS0473.jpg
she may be,Non_hope_speech,images/INHS0475.jpg
Madonna has always been philanthropist for the LGBT community,Hope_speech,Images_SD/SD_HS_0335.jpg
So from the booing hear,Non_hope_speech,images/INHS0595.jpg
Im Christian and believe in the Bible but what the heck that therapy sounds straight up cruel Im sorry he had to go through that,Hope_speech,images_DE/DE_HS_0068.jpg
BLM winning hearts and minds wherever they go,Hope_speech,Images_SD/SD_HS_0314.jpg
WASNT EVER AGRY BEEN CRYING THE LAST DAYS YOU CAN HAVE ANY AWARD IT WAS THE HARVEY SETT,Non_hope_speech,Images_SD/SD_NHS_0627.jpg
Invented it,Non_hope_speech,images/INHS0193.jpg
Happy using the term black lives matter degrades everyone elses struggles All lives matter argues equality for all and to bring down all discrimination and racism,Hope_speech,images_DE/DE_HS_0222.jpg
This sheriff is non factor,Non_hope_speech,Images_SD/SD_NHS_0212.jpg
All life is from God not just black,Hope_speech,Images_SD/SD_HS_0087.jpg
What does TONY TIMKA think Hmmmm,Non_hope_speech,Images_SD/SD_NHS_0065.jpg
These protesters have completely disregarded the feelings of the majority of the people who dont want the statue to be removed And when these people actually did take it down they end up throwing it in the river Like that is the example modern society is supposed to be taking when we are all meant to be more environmentally conscious about dumping hope they are able to fish it out of the river,Hope_speech,Images_SD/SD_HS_0045.jpg
cough cough cough cough coudies,Non_hope_speech,Images_SD/SD_NHS_0410.jpg
Whateva Im proud to hate them all,Non_hope_speech,images/INHS0058.jpg
wouldnt say know anyone whos going through this but know that my parents arent really Supportive of me being bi My mom just says that am confused,Non_hope_speech,images/INHS0409.jpg
Who decides the letters LGBTQIXYZLMNOP And all homosexuals just have to follow along the party line and just agree with this stuff,Non_hope_speech,images/INHS0316.jpg
This is distraction to the covid 19,Non_hope_speech,images/INHS0037.jpg
We are in the times of the end as in the days of Noah were Crime is all over the world It wont be long now,Non_hope_speech,Images_SD/SD_NHS_0638.jpg
This guy is joke guess when he was younger the black panthers wasnt influence on him,Non_hope_speech,Images_SD/SD_NHS_0471.jpg
The real truth said it like pro,Non_hope_speech,images/INHS0629.jpg
Tenacious Tacosnthere tends to be this antagonism towards women stating their point of view because it is automatically viewed as misandrist and discriminatory against men when paradigms like sexism and racism are not symmetrical because of the historical precedents where one group has been favored more than another These scholarship initiatives are merely attempts to balance an unbalanced game Not to take from opportunities that were already there supplement not supplant Theres enough to go around,Hope_speech,Images_SD/SD_HS_0440.jpg
She turned 61 just months after this interview,Non_hope_speech,Images_SD/SD_NHS_0512.jpg
King we are all Gods children So to me every single precious human beings life is important So to me it will always be All Lives Matter nPeriod,Hope_speech,images/IHS_0063.jpg
And forcing ppl to do stuff is really nice isnt it,Non_hope_speech,images_DE/DE_NHS_0505.jpg
Thank God am that couragious and determined civil engineer The strong hope faith and confidence that had kept my confidence grow more and more stronger despite the difficult challenges that faced in class,Hope_speech,images/IHS_0222.jpg
There IS color and the darker people get treated differently,Non_hope_speech,images/INHS0108.jpg
Obamas increase in welfare is not only crippling the economy as whole but its ENABLING poverty When people are comfortable in their poverty,Non_hope_speech,Images_SD/SD_NHS_0250.jpg
that Christian girl has warped my brain,Non_hope_speech,images_DE/DE_NHS_0287.jpg
So blacks can be lazy and complain in Africa lol they dont want to be anything other than angry,Non_hope_speech,Images_SD/SD_NHS_0391.jpg
Bea MillanWindorski go by stats women are also very family oriented so women generally want jobs with easier hours so they can spend time with their families,Hope_speech,images/IHS_0617.jpg
whats up with your english mate,Non_hope_speech,images/INHS0138.jpg
Just knowing Madonna is out there still going strong puts smile on my face,Hope_speech,images_DE/DE_HS_0140.jpg
People say Black lives Matter becasue it is obvious that many Americans think they dont matter The slogan does not day Only Black lives mattter Saying all lives matter is way to avoid saying that Black lives matter It has been adopted by racists around the country 400 years of history which many refuse to acknowledge prove that black lives do not matter to many Americans,Non_hope_speech,images/INHS0471.jpg
The child who said choose to love is so precious and enlightened hope more people are like them,Hope_speech,Images_SD/SD_HS_0060.jpg
You are right all lives matter and Im black,Hope_speech,images_DE/DE_HS_0526.jpg
just want to hug her here She made me cry like this Madonna Very inspirational and strong woman,Hope_speech,images/IHS_0309.jpg
Butter So her jeans defines her sexuality now Waoh,Non_hope_speech,Images_SD/SD_NHS_0120.jpg
by peaceful protests not violence or criminal damage,Hope_speech,Images_SD/SD_HS_0591.jpg
Juan cant win going against the great minds of elder and this sherriff They wont cave to the idiotic liberal ideology Juan isnt fighting for black ppl,Non_hope_speech,images/INHS0137.jpg
You can paint an apple what ever color you want but will still taste like an apple in the inside,Hope_speech,images_DE/DE_HS_0629.jpg
God bless that sheriff All Lives Matter,Hope_speech,Images_SD/SD_HS_0207.jpg
all lives matter,Hope_speech,images/IHS_0464.jpg
By saying homosexual people are sins,Non_hope_speech,images_DE/DE_NHS_0259.jpg
Britain was built on the slave trade,Non_hope_speech,images_DE/DE_NHS_0166.jpg
Also Im not toxic People usually rely on stereotypes know youre trying to be some type of hero but please dont because not all of us our toxic or we meant in that way just to be inelegant as you contemplate we are,Non_hope_speech,images_DE/DE_NHS_0390.jpg
What about the rest of the world all lives matter we are all human Or do you you all just want attention,Hope_speech,images_DE/DE_HS_0562.jpg
This video is so inspiring because im goin to study to becomr an enginner,Hope_speech,Images_SD/SD_HS_0324.jpg
Revolutions eat themselves,Hope_speech,images_DE/DE_HS_0415.jpg
after watching this video feel more confident in me what have chosen in past Mechanical Engineering,Hope_speech,Images_SD/SD_HS_0545.jpg
People dontnGet what,Non_hope_speech,images/INHS0447.jpg
feel like Samuel Jackson based the attitude is characters play in every movie where hes no nonsense kind of man off of David Clarke,Non_hope_speech,images_DE/DE_NHS_0071.jpg
That would be uh just pure mean love that kid awesome answer,Non_hope_speech,images_DE/DE_NHS_0511.jpg
THIS IS ME,Non_hope_speech,images/INHS0139.jpg
so you have to be british to like british show,Non_hope_speech,Images_SD/SD_NHS_0241.jpg
Im not in their shoes and cant pass judgementnremember that these issues are systemicnnCant Pass JudgementnJudges the problem is systemicnnNo,Hope_speech,images/IHS_0500.jpg
men are assumed to be incompetent engineers as well until they do something competent to prove themselves,Non_hope_speech,Images_SD/SD_NHS_0610.jpg
Im girl and Im planning to study environmental engineering when Ill be in university,Hope_speech,images/IHS_0276.jpg
Kid101 What are talking about,Non_hope_speech,images/INHS0103.jpg
ONE BARBIE 10 IS WORTH 50 TRANSISTORS 20 centsnBuy your girls Arduinos Buy them breadboard Electronics is so friggin cheap And so fun,Hope_speech,images/IHS_0130.jpg
Im so happy live in country that accepts homosexuality and conversion therapy doesnt exist in where live,Hope_speech,images_DE/DE_HS_0096.jpg
Election time againdivide the people,Non_hope_speech,images/INHS0300.jpg
Im white like what the cop said but its not just black family torn apart but all poor families,Non_hope_speech,images_DE/DE_NHS_0301.jpg
dear Marcus Igor are awesome already listening to the podcast,Non_hope_speech,Images_SD/SD_NHS_0307.jpg
Corvus Corax thats great Many girls have been teased for having interest in STEM am only 26 and when was in grade school,Hope_speech,images/IHS_0581.jpg
Baby Lives Matter,Non_hope_speech,Images_SD/SD_NHS_0038.jpg
Hates not going to get you anywhere in the world God gave us choice My choice is to love cried,Hope_speech,images_DE/DE_HS_0484.jpg
was the girl who played with my brothers legos and ignored my barbies loved my college engineering classes But was always one of few girls in those classes,Hope_speech,images/IHS_0477.jpg
feel like its generational thing Because am also not seeing an obstacle TooHard to overcome Stereotypes are for television It turns out you dont need to be some outcast But also believe its also because of women and influencers such as the speaker that make this possible,Hope_speech,images_DE/DE_HS_0386.jpg
World CK out Candace Owens Congressional Hearing in full its 24 mins,Non_hope_speech,images/INHS0071.jpg
She will be forever and ever my everything and more,Hope_speech,images/IHS_0201.jpg
They already up to do it morons,Non_hope_speech,Images_SD/SD_NHS_0502.jpg
2018 and were still talking about gender gap in STEM Things are changing too slowly,Hope_speech,images/IHS_0135.jpg
graduated in Electrical Engineering and have been working in this field for 20 years The things that they are saying they get asked,Non_hope_speech,images/INHS0098.jpg
conversion therapy is literally torturing someone into having ptsd,Hope_speech,images/IHS_0279.jpg
For those saying,Non_hope_speech,images_DE/DE_NHS_0447.jpg
wonder when this will change to,Non_hope_speech,images/INHS0330.jpg
Lexus Fox Women in western countries dont choose to go into those fields because of lack of interest and that is due to cultural reasonsIn third world countries live in one engineering is not predominantly male fieldIn fact didnt know it was in the western world until watched this video and read some stats on it,Hope_speech,Images_SD/SD_HS_0284.jpg
But there was no girl with short hair,Non_hope_speech,Images_SD/SD_NHS_0182.jpg
Stranger Here who isnt,Non_hope_speech,Images_SD/SD_NHS_0203.jpg
Alright so we can all agree the older tomboy girl is extremely closeted,Non_hope_speech,images_DE/DE_NHS_0194.jpg
when someone says dont agree with homosexuality is like hating people who are left handed,Hope_speech,Images_SD/SD_HS_0426.jpg
Keep up the good work Debbie always like to work with female engineers,Hope_speech,Images_SD/SD_HS_0390.jpg
LMFAO Yah you right feminists,Non_hope_speech,Images_SD/SD_NHS_0552.jpg
And we are happy you are not giving up on us,Hope_speech,Images_SD/SD_HS_0406.jpg
Juan needs to go work at cnn Theres racist channel They in prevented it,Non_hope_speech,images_DE/DE_NHS_0208.jpg
There is good and bad in all races and all professions All races face discrimination from people who are jerks There will always be those in the world that do not see the person for the special person that they are It isnt right just have to believe that those who promote hate through discrimination will answer for it when they stand before God,Hope_speech,images_DE/DE_HS_0234.jpg
17 million abortions seem to show BLINDNESS TO THOSE WHO HAVE NO VOICE,Non_hope_speech,images_DE/DE_NHS_0535.jpg
The little Asian girl and IndianPakistani boy were extremely understanding,Hope_speech,images/IHS_0202.jpg
Rebekah Why would you want to support God that wants homosexuals to burn in hell for eternity If were you,Non_hope_speech,images/INHS0299.jpg
Obama statistics Everything is just hunky dory,Non_hope_speech,Images_SD/SD_NHS_0567.jpg
am American women and work with black women and showed up to work when or the other need to be relieved nnSometimes dont get day off do my part as caregiver dont say much got wiped with woden spon when learned English in my Afrikaans School since all South Africans has to learn languages If misspell word in English It was hard learning English in my hometown It wasnt easy,Hope_speech,images/IHS_0447.jpg
They say coronavirus doesnt affect protestors,Non_hope_speech,images/INHS0583.jpg
Madonna already has her place permanently She also has her place in the Guinness Book of World Records Shes living legend She doesnt have to try anything Nor is she trying to,Non_hope_speech,images/INHS0120.jpg
Im really getting sick of BLM,Non_hope_speech,Images_SD/SD_NHS_0110.jpg
Jack Parsons OMG,Non_hope_speech,images_DE/DE_NHS_0533.jpg
So true and this world has gone to hell in hand basket All lives matter and WE ALL NLEED RED,Hope_speech,images/IHS_0444.jpg
What would jesus say,Non_hope_speech,images/INHS0015.jpg
came here because of the thumbnail The kid is so brave and its the proof that the protest is peaceful hope she can grow up safely,Non_hope_speech,images/INHS0070.jpg
Im currently studying engineering right now and this honestly gave me the motivation to finish the rest of the semester Its so incredibly easy to feel defeated in this field,Hope_speech,images/IHS_0565.jpg
All lives matter Especially children lives matter THE MOST End child trafficking End wars End hunger Children are our future We need focus on them,Hope_speech,Images_SD/SD_HS_0447.jpg
And Jesus said he who is among you and Free of sin let him cast the first stone at her Hypocrite,Non_hope_speech,Images_SD/SD_NHS_0634.jpg
Just make everyone get tan or bleach until were all the same color,Non_hope_speech,images/INHS0198.jpg
There is no need to shame this kid for how she believes as long as she isnt hurting anyone then no need to shame or make her feel as if she is in the wrong,Hope_speech,images/IHS_0635.jpg
George Floyd held gun on pregnant woman dressed as cop Whats wrong with you,Non_hope_speech,Images_SD/SD_NHS_0516.jpg
Why does every comment have like MILLION LIKES,Non_hope_speech,images_DE/DE_NHS_0246.jpg
dont believe in lying about yourself to make other people happy Spot on,Hope_speech,Images_SD/SD_HS_0634.jpg
Joey Gallo did you even watch the video,Non_hope_speech,images_DE/DE_NHS_0134.jpg
She listens to girl in red,Non_hope_speech,images_DE/DE_NHS_0251.jpg
Aria Maas how do you not know that white people are not your yardstick,Non_hope_speech,images/INHS0096.jpg
Again He got killed for using false money,Non_hope_speech,Images_SD/SD_NHS_0557.jpg
seconds in what funny joke unicycleha,Non_hope_speech,images_DE/DE_NHS_0038.jpg
Johnny not it not about the white,Non_hope_speech,images/INHS0271.jpg
MADONNA THE CHANGE AGENT,Hope_speech,images_DE/DE_HS_0421.jpg
Griffin how is Greek Mythology Witchcraft,Non_hope_speech,images/INHS0010.jpg
Reality Macky nnLook how long it took for the African continent to go down the toilet under black rule Good job there,Non_hope_speech,images_DE/DE_NHS_0518.jpg
If it is accepted that all lives matter,Hope_speech,Images_SD/SD_HS_0385.jpg
She literally introduced the world to the ballroom scenes Especially in time when homosexuality was taboo,Hope_speech,images/IHS_0204.jpg
SinainnKim Kardashian is also multimilionare,Non_hope_speech,images_DE/DE_NHS_0636.jpg
BLM what joke GET JOB,Non_hope_speech,Images_SD/SD_NHS_0380.jpg
This was so inspiring to meNowadays many people doubt about women becoming engineersBut Im sure next generation is going to make changeIm from Argentina and next year Ill finish high school and will study environmental engineering,Hope_speech,Images_SD/SD_HS_0414.jpg
Why Clinton He signed DOMA,Non_hope_speech,images_DE/DE_NHS_0626.jpg
people are getting killed just because they are white too,Non_hope_speech,images/INHS0466.jpg
crowd was being facetious,Non_hope_speech,Images_SD/SD_NHS_0343.jpg
This girl is so pure,Non_hope_speech,images/INHS0245.jpg
SeizmosnWhat our media spews and what the actual general population thinks and feels aint even remotely close tho The media is only representing the high upper class,Hope_speech,images/IHS_0076.jpg
go home africa,Non_hope_speech,images/INHS0601.jpg
It would have been nice Im female engineer but no work will take me in So,Hope_speech,Images_SD/SD_HS_0584.jpg
This made me tear up Hello from South Africa hope you didnt give up,Hope_speech,Images_SD/SD_HS_0257.jpg
do kind of dislike the depiction of Maui Im from New Zealand,Non_hope_speech,Images_SD/SD_NHS_0503.jpg
We are all Childs of God STOP politics divide us,Hope_speech,Images_SD/SD_HS_0020.jpg
whats racist is black people getting killed for simply being black,Non_hope_speech,Images_SD/SD_NHS_0321.jpg
Do not be missed or seduced into anything that even subtly attempts to water down the absolute fact that ALL LIVES,Hope_speech,images/IHS_0584.jpg
These comments are funny but please keep in mind shes human being,Hope_speech,Images_SD/SD_HS_0556.jpg
love watching doctor who Me too sis What lovely girl,Hope_speech,images/IHS_0361.jpg
Sadly it is being put as trend But black people are still suffering and they are downplaying us and trying to shut us upnWe just want racial equality and to defund the police It seems they are doing everything but that But we shouldnt use this important movement to turn attention to something else that isnt the matter at hand We will fight for equality then we will spread out to those regions too They are all equally as important but we have to stay focused hope you understand this,Hope_speech,images/IHS_0492.jpg
Didnt even watch the vid but Ill tell you why its controversial to say all lives matternIts because racism is tool used by the elite to divide the populationnSo they want the divide and this BLM group helps that divisive agendanOf course all lives matter,Non_hope_speech,images/INHS0644.jpg
Ashton Levry get what youre saying but at the same time why should they defend people that we say all lives matter if were all created equal shouldnt there be all right for us to say all lives matter because honestly think we do matter we all matter but even if youre what youre saying is true then it shouldnt hurt your feelings that we say all lives matter no offense,Hope_speech,Images_SD/SD_HS_0253.jpg
Inclusion will only work when people show up ready to include themselves instead of sitting around,Hope_speech,Images_SD/SD_HS_0236.jpg
All lives matter if you judge any act for the color of skin regardless what color you are YOU ARE RACEST plane and simple,Non_hope_speech,Images_SD/SD_NHS_0044.jpg
Plantation politics Exactly,Non_hope_speech,Images_SD/SD_NHS_0390.jpg
Im lesbian and Im so glad that didnt have to go through this Im sorry you had to go through this mean technically Im only out to my friends and my Mam and brother Im kinda scared to come out to the rest of my family,Hope_speech,Images_SD/SD_HS_0099.jpg
When you scroll through the comment section,Non_hope_speech,images/INHS0392.jpg
Ill say it Im not scared ALL LIVES MATTER ALL LIVES MATTER,Hope_speech,images_DE/DE_HS_0022.jpg
Guess which statue they wont pull down Karl Marx,Non_hope_speech,images/INHS0360.jpg
Spot on bro People divide instead of unite And that is what the elite wants This war agaist races is total bs All lives should matter There are bad and good people of all ethinicity,Hope_speech,Images_SD/SD_HS_0074.jpg
lol Im laughing so hard at someone who survived through being forced into manual labor and survived being starved omg what fucking joke it is haha,Non_hope_speech,Images_SD/SD_NHS_0309.jpg
Inspiring Although Im guy,Hope_speech,images_DE/DE_HS_0135.jpg
What about the sixyearold autistic kid that got killed by two black cops thats why all lives youre playing the race,Non_hope_speech,Images_SD/SD_NHS_0445.jpg
You probably wont either,Non_hope_speech,images/INHS0585.jpg
Moore No they do it to support equality Why should one race matter more than another Kinda counterintuitive considering they all want equality,Hope_speech,images/IHS_0578.jpg
pats you on the back its okay,Hope_speech,Images_SD/SD_HS_0104.jpg
Paysour that is how things were 20 years ago Things are very different now,Non_hope_speech,images_DE/DE_NHS_0138.jpg
personally dont agree with alot of what is being said about black lives matterit should be all lives matter lot of people are starting riots and uprising against each other That makes these people look just as bad as some police who are wrong and Do wrong if everyone prays and forgives we as nation might still have chance,Hope_speech,images/IHS_0574.jpg
We will all be telling are children about it,Non_hope_speech,images_DE/DE_NHS_0167.jpg
came out of the closet to my mom about me being pansexuashe umis kind of supportive she still prefers if marry guy when Im older tho actually have girlfriend rn and donno how to tell her think she might ge the one,Hope_speech,images/IHS_0009.jpg
Ive never seen more disingenuous phony in my life Shes taken the world for rip off ride Wake up,Non_hope_speech,Images_SD/SD_NHS_0193.jpg
Cheese Oh my god youre genius,Non_hope_speech,Images_SD/SD_NHS_0361.jpg
These kids are more woke than our Vice President,Non_hope_speech,images/INHS0169.jpg
Conversation therapy No way Im pretty sure that thats abusenA few people might disagree,Hope_speech,images/IHS_0061.jpg
StAtIsTiCs are RaYsIsT,Non_hope_speech,Images_SD/SD_NHS_0449.jpg
Have whole lotta hope,Non_hope_speech,Images_SD/SD_NHS_0525.jpg
shut up be respectful,Non_hope_speech,images_DE/DE_NHS_0573.jpg
LOVE LOVE LOVE THIS nSo inspiring need this toy,Hope_speech,images_DE/DE_HS_0373.jpg
dont care about the color of someones skin dont care if your black,Hope_speech,images/IHS_0017.jpg
Better to enjoy the light before it dies than to contemplate its death until its to late,Hope_speech,images_DE/DE_HS_0608.jpg
Levry Bankers,Non_hope_speech,images_DE/DE_NHS_0416.jpg
miss the people of yesterday at least we were able to experience something that the kids today will never experience By comparison it was like whole different worldI always thought things would get better wouldve never imagined the world today,Non_hope_speech,Images_SD/SD_NHS_0067.jpg
Alessio Popovic we are not all the same We are all different and thats beautiful We should all be treated the same,Non_hope_speech,Images_SD/SD_NHS_0198.jpg
All lives matter is good Saying black lives matter alone is racist,Hope_speech,images_DE/DE_HS_0238.jpg
All lives matter in the worldall over the world,Hope_speech,images/IHS_0310.jpg
im catholic lesbian,Hope_speech,images_DE/DE_HS_0556.jpg
Juan immediately turns to Micheal Brown,Non_hope_speech,images/INHS0513.jpg
Beat with Bible,Non_hope_speech,images_DE/DE_NHS_0264.jpg
Madonna has been an advocate from day dot She fought so hard for and with LGBT people She is an icon and legend in every sense of the word Her heart is so pure,Hope_speech,images/IHS_0318.jpg
The protesters rioters seem to favor the herd immunity strategy regarding the pandemic No social distancing,Hope_speech,images_DE/DE_HS_0331.jpg
Cat Jones do agree but also think there are some problems with this protest such as destruction of property That means people would see them as threat not someone who you can reason with,Hope_speech,images/IHS_0025.jpg
All life matter period and thats black matter too,Hope_speech,images_DE/DE_HS_0101.jpg
This is all stupid,Non_hope_speech,images_DE/DE_NHS_0118.jpg
dont understand why it is up to anyone else but yourself to make the decision to become an engineer or whatever The great thing about america or any other nation that is similar is that if you work hard you can accomplish pretty much anything you set your mind to Obviously you need to network and some luck but saying you need to get more diversity just to get more diversity is absurd dont care who the engineer that helps make my bridge,Hope_speech,images_DE/DE_HS_0175.jpg
Um when did say everyone is Christian,Non_hope_speech,images_DE/DE_NHS_0577.jpg
nearly lost family members by saying all lives matter Sad,Hope_speech,images/IHS_0397.jpg
Its because its nice to have big events where LGBT people can go and meet people who are like them or have similar experiences as them and feel at home and like they belong somewhere There are no parades for those things because those are more socially excepted things Have you ever heard of country that doesnt accept straight man Its just nice way to make friends or if people give you hard time about who you love usually,Hope_speech,images/IHS_0353.jpg
wouldnt hit my child with book saying THE POWER OF CHRIST COMPELS YOU just because they came out as LGBTQ,Non_hope_speech,Images_SD/SD_NHS_0026.jpg
Yup My friends have given up on liberalism centrists What difference day makes Jesus not good,Non_hope_speech,Images_SD/SD_NHS_0068.jpg
The things that she has done are magnificentShe has personally flewn to Mexico to buy her friend some medicine for AIDSThis is not your everyday type of womanShes so intelligent tooI dont think shes appreciated enough,Hope_speech,Images_SD/SD_HS_0250.jpg
am abhorred by what happened to George Floyd am white and am not racist But it is clear that racists have usurped this movement They are racists against freedom and against our constitutional liberties These racists want to destroy everything that has been gained for blacks and for whites in this country They want to bring tyranny and oppression giving control to the Democratic Left who have oppressed so many for so long Stand up America And stop them now,Hope_speech,Images_SD/SD_HS_0004.jpg
Lets talk about the fact that we are in the middle of serious pandemic and people are dying left and right Thats where our focus should be right now Not about whos life matters and whose doesnt Stop the madness please,Hope_speech,Images_SD/SD_HS_0277.jpg
Its all about votes,Non_hope_speech,images/INHS0116.jpg
The reason that anyone did it willingly is because they were coerced and brainwashed into believing that they were broken nnIf you read Boy Erased,Non_hope_speech,images/INHS0190.jpg
The two party system is nothing but wings on the same bird Republican or Democrat,Non_hope_speech,images_DE/DE_NHS_0370.jpg
The one who doesnt agree with homosexuality is definitely lesbian lmao,Non_hope_speech,Images_SD/SD_NHS_0283.jpg
Same have found my people Baptist and bisexual,Hope_speech,images/IHS_0467.jpg
All lives matter they just want your vote dont give crap about awke up your,Non_hope_speech,images_DE/DE_NHS_0443.jpg
cried That was extremely touching Thank you,Hope_speech,Images_SD/SD_HS_0379.jpg
Materia nnI assume that is directed at the chinese,Non_hope_speech,Images_SD/SD_NHS_0551.jpg
God gave us choice My choice is to love Im not crying Youre crying What lovely young person,Hope_speech,Images_SD/SD_HS_0021.jpg
saw this years ago and this deadass inspired me to go into software engineering Currently in my second year,Hope_speech,images/IHS_0007.jpg
The whole thing is jokelol all black lives matterand the democrats are laughing at the suckers following them down the path to socialismcrush black lives matter ALL LIVES MATTER Its political move by the democratic socialist partyMAGA The media is telling and showing you what the dems want them toexcept Fox Newsgood job,Non_hope_speech,images/INHS0230.jpg
god gave us choice,Hope_speech,images/IHS_0137.jpg
Caca Milis sa Seomra Spraoi BannedVideo Because there is war on for your mind,Non_hope_speech,images/INHS0404.jpg
ALL LIVES DO MATTER PERIOD DOES NOT MATTER WAT COLOR ARE PERUOD,Hope_speech,images/IHS_0604.jpg
that would just be uh pure mean shes so cute omg,Non_hope_speech,Images_SD/SD_NHS_0409.jpg
She saved and changed my life Love my Queen,Hope_speech,images_DE/DE_HS_0072.jpg
This video was so inspiring But now Im in rough patch Im teenager going into my first year of High School signed up for Shop class but now am highly regretting it due to the amount of guys there will be and the lack of knowledge have guess was lucky according to this video,Hope_speech,Images_SD/SD_HS_0096.jpg
ALL LIVES MATTER Is the message BRO,Hope_speech,images/IHS_0546.jpg
loved the kids reactions and comments hope this next generation is more tolerant,Hope_speech,images_DE/DE_HS_0434.jpg
so go back to China you comisate,Non_hope_speech,images_DE/DE_NHS_0404.jpg
AIM American Indian Movement,Non_hope_speech,images/INHS0196.jpg
This was so inspiring,Hope_speech,images_DE/DE_HS_0296.jpg
Right thought was the only one who noticed that change in her energy she seemed so uncomfortable in her 50s,Non_hope_speech,Images_SD/SD_NHS_0359.jpg
With all these protestnWe all forgot one thingnnnnThe corona is still out there,Hope_speech,images/IHS_0605.jpg
You all need to repent and be saved,Non_hope_speech,images/INHS0396.jpg
haha cant breathe,Non_hope_speech,images_DE/DE_NHS_0469.jpg
jzizzles Im Christian and my family loves all people,Hope_speech,Images_SD/SD_HS_0367.jpg
Im so proud for her,Hope_speech,Images_SD/SD_HS_0549.jpg
Is he teacher Because he explains concepts so well to children What wonderful person,Hope_speech,images/IHS_0038.jpg
Remove all films too,Non_hope_speech,images_DE/DE_NHS_0069.jpg
Where is she now,Non_hope_speech,images/INHS0569.jpg
They just meanBlack lives matter toobecause over looked alot in pastat timesthats all they meanduhhhhh Of course everyone knows all lives matter even animals,Hope_speech,images/IHS_0027.jpg
ok annie you can leave now,Non_hope_speech,Images_SD/SD_NHS_0431.jpg
In my Engineering and Architecture Department around half the students are women It has really come long way as to decades ago where only handful of women are in class Our landscape architecture and chemical engineering graduates are all women Why have no idea to be honest,Hope_speech,Images_SD/SD_HS_0249.jpg
FBLM TAG THE BATHROOM WALLS AROUND THE WORLD,Non_hope_speech,Images_SD/SD_NHS_0534.jpg
When was little girl hated pink and hated dolls and loved the cars in the boys section envied boys section and always wondered why is there only dolls and babys in our section,Hope_speech,images/IHS_0265.jpg
IM IN LOVE WITH THE COP THAT IS REAL MAN SEXY MASCULINE GOOD MORALES,Non_hope_speech,Images_SD/SD_NHS_0479.jpg
Exactly ALL lives matter,Hope_speech,images_DE/DE_HS_0396.jpg
She is lesbian Gender expression does not equate to sexuality,Non_hope_speech,Images_SD/SD_NHS_0641.jpg
Im currently sophomore doing ME and Mathematics This video really helped Wish me luck on my finals next week,Hope_speech,images/IHS_0549.jpg
we are mad lol why do you think it says all,Non_hope_speech,images/INHS0346.jpg
It makes me sick If walked down the street with sign saying white lives matter,Non_hope_speech,Images_SD/SD_NHS_0425.jpg
If we exclude women we are only getting half of the best humanity has to offer This is why having women in tech is vital,Hope_speech,Images_SD/SD_HS_0464.jpg
am bisexual came out of the closet years ago to tell my parents had crush on my BFF This was after had dates with boys My parents were okay with this cried because was afraid that they were the type of parents know other people have whod beat up their kid or kick them out of the house just for being LBGTQ Unfortunately,Hope_speech,Images_SD/SD_HS_0544.jpg
All lives matter And if that is racist,Non_hope_speech,images/INHS0087.jpg
am bi BUT did not wake up one morning oh lemme kiss guy and decided wanted to date guys people that says homosexuality is choice is dumb,Hope_speech,images_DE/DE_HS_0012.jpg
GOD Bless America All lives Matter All Nations under God AMEN,Hope_speech,images/IHS_0377.jpg
Obviously you lead boring life if youre here watching this video and you find it boring mean,Non_hope_speech,Images_SD/SD_NHS_0581.jpg
His story made me cry Its so sad this still goes on these days,Hope_speech,images/IHS_0161.jpg
Never even occurred to me that it was boys thing Seriously had no idea might be studying chemical engineering next year and Im very excited Every person that have told just wishes me luck or congratulated me and is not weirded out by it This is the first time that Im hearing that its more of boys thing,Hope_speech,images_DE/DE_HS_0361.jpg
Female engineer in the making and Im loving every step of the journey,Hope_speech,Images_SD/SD_HS_0003.jpg
My grandma was in the military My aunt is doctor My mom is University professor My older sister is an architect want to be video game developer Im so proud to be in family of intellectual and accomplished black women,Hope_speech,images_DE/DE_HS_0348.jpg
She doesnt sound like victim to me She sounds like an engineer tried this It didnt work so tried that figured out this Then tried that It worked,Hope_speech,images_DE/DE_HS_0582.jpg
watched Boy Erased the other day and after watching this video need to say to anybody that is going through conversion therapy,Non_hope_speech,images/INHS0624.jpg
Bottom Jeans Where didnt care that much till you brought it up,Non_hope_speech,images_DE/DE_NHS_0098.jpg
All lives matter and if you think they dont imagine one of your family members die tomorrow They may not make main stream media but they mattered to you So yes every life matters to someone,Hope_speech,images/IHS_0325.jpg
great speech here in Spain so curious,Non_hope_speech,images/INHS0287.jpg
you cant decide someones sexuality wtf the leg crossingni cross my legs therefore the person sitting opposite me on the train whos never spoken to me has the right to decide im bi or whatever,Hope_speech,images/IHS_0416.jpg
wow really your gonna blame celebrity for all your life problems Attention Seeker,Non_hope_speech,images_DE/DE_NHS_0571.jpg
white couple completely screwed up by media and years of leftist indoctrination preparing them for this hideous assault on civilisation,Non_hope_speech,Images_SD/SD_NHS_0037.jpg
Im inspired Im 1st year student in Mechanical Engineering,Hope_speech,images_DE/DE_HS_0207.jpg
All lives Matter god created all people equal,Hope_speech,Images_SD/SD_HS_0354.jpg
George floyd was criminal thoit sad that he died and the police officer is paying for it But why all the violence for criminal that has spent 10 yrs in jail almost,Non_hope_speech,images/INHS0326.jpg
dont agree with it but have friends that lgbt and respect them and love them even if dont agree god will always love them,Hope_speech,images_DE/DE_HS_0525.jpg
There is nothing wrong with saying All Lives Matter,Hope_speech,images/IHS_0332.jpg
What great idea Doing that would solve alot of Americas problems,Non_hope_speech,images_DE/DE_NHS_0613.jpg
God loves all his creation,Hope_speech,images/IHS_0368.jpg
Shrodinger Kat well thats just absurd because God created all human beings all different colours and shapes and sizes,Hope_speech,images_DE/DE_HS_0071.jpg
Cobb Your statement is only partially correct Whilst it is illegal to hold an adult against their will with the intent to convert them,Hope_speech,Images_SD/SD_HS_0067.jpg
think it will shoot up racism in western countries :person facepalming::person facepalming::person facepalming:,Non_hope_speech,images_DE/DE_NHS_0252.jpg
The message these kids are sending is amazing,Hope_speech,images/IHS_0259.jpg
littlemermaid GO for it Show us how it is done Your way,Hope_speech,Images_SD/SD_HS_0159.jpg
Lee Claus publish what,Non_hope_speech,images_DE/DE_NHS_0394.jpg
Such fake,Non_hope_speech,images_DE/DE_NHS_0268.jpg
Black college students at MANY universities are demanding black only spaces,Non_hope_speech,Images_SD/SD_NHS_0486.jpg
am an 8th grade girl and want to be Biomedic engineer,Hope_speech,Images_SD/SD_HS_0240.jpg
Madonna is amazing she really is she fights for what she believes in and that awesome Ive loved her since was really young,Hope_speech,images/IHS_0065.jpg
Next month its back to brexit,Non_hope_speech,images_DE/DE_NHS_0520.jpg
Because like Im so educated because like Ive been to like Bristol uni like and they like taught me to like hate myself for being white like Absolute special needs,Non_hope_speech,Images_SD/SD_NHS_0177.jpg
the girl with short hair must have internalized homophobia,Non_hope_speech,images/INHS0221.jpg
Yeah and so is the discrimination against orcs in Italy Both are racist,Non_hope_speech,images/INHS0249.jpg
emisoccer Not everyone see it that waynn Because of the systematic racism :person facepalming:,Non_hope_speech,images_DE/DE_NHS_0378.jpg
dont know why ppl is so mad about not saying BLM,Non_hope_speech,images_DE/DE_NHS_0165.jpg
Scott thats because they claim that Martin Luther King is there role model yet they turn around and contradict everything that he has said Im sorry but they failed Martin Luther King if theyre going to live up to his expectations that man was saint he said all lives matter can prove it we are all created equal have dream we are all created equal Ill say it again we are all created equal we are all created equal and Ill say it one more time we are all created equal so how does we all turn to just black lives matter would love to tell these people that say this black lives only matter do not compare yourself to Martin Luther King you are insulting him and he will be rolling over in his grave to hear the crap that if they so claim that Martin Luther King as their role model then why does there move it contradict Martin Luther Kings agenda,Hope_speech,images/IHS_0442.jpg
lived my life as lesbian for 15 yearsand was accepted by friends and familyi started dating man and lost all my friends and my family found it kind of difficult to accept,Hope_speech,images/IHS_0360.jpg
Before that he also said hate isnt going to get you anywhere which is something people in general not just homophobic people need to learn,Hope_speech,Images_SD/SD_HS_0145.jpg
Love this sherriff,Non_hope_speech,images_DE/DE_NHS_0260.jpg
subbed because of the experts explain things to different people kind of videonIam unsubbing because of this feminist nonsense nThere is no place and need for feminism in the west,Non_hope_speech,images_DE/DE_NHS_0329.jpg
ELM Every life matters,Hope_speech,images/IHS_0034.jpg
Why is church so badly spoken of get that we have done bad things in the past and present But when you really say,Non_hope_speech,images_DE/DE_NHS_0240.jpg
Sunshine littlephilly Obviously you do my understand sexuality It is not choice and you cannot just change it But do appreciate that you would still treat them as human and be kind to them,Hope_speech,images_DE/DE_HS_0539.jpg
Better late than ever,Non_hope_speech,Images_SD/SD_NHS_0014.jpg
Yo for real why do all of you guys care so much about what her sexuality is gonna be Because she has short hair and wears cuff jeans lot of people wear cuff jeans and have short hair that arent LGBT Im okay if she does become LGBT,Hope_speech,Images_SD/SD_HS_0624.jpg
Evidence of what said god doesnt exist,Non_hope_speech,images_DE/DE_NHS_0021.jpg
The reason why you cant say all lives matter is because we are being forced to believe that ONLY black lives matter,Non_hope_speech,images/INHS0130.jpg
Btw it is not just in Engineering but any field where men dominate even see that inability sometimes in sports because of the type environment girls get at younger age love ya,Hope_speech,images/IHS_0142.jpg
Atlas his trying to say that if we dont have statues to idolize slave owners we are doomed to becomes slave owners,Non_hope_speech,images/INHS0331.jpg
Everybody gangster until one guy start coughing,Non_hope_speech,images/INHS0028.jpg
LMAO Throw him in there too,Non_hope_speech,Images_SD/SD_NHS_0056.jpg
My choice is to love my soul just sobbed there That kid is so cute,Hope_speech,images_DE/DE_HS_0610.jpg
Where sexism against women in the workplace does exist,Hope_speech,images/IHS_0128.jpg
You need people who encourages you Keep working on it you never going to know how good you are until you try it,Hope_speech,images/IHS_0620.jpg
To those that think Black Lives Matter is Wrong Thing To Say Need to hear this Black Lives Matter movement Didnt Mean that Black Lives Matter and yours or Other Lives Not,Non_hope_speech,images/INHS0589.jpg
You cant change the world with hate you just make hate and you cant change people without showing changing in yourself if someone going stay corrupted the rest of the world aint going to change for you and some people and going to change you just got to be happy in your life amongst world full of haters,Hope_speech,Images_SD/SD_HS_0252.jpg
All lives do matter yes right now most of the hate right now is between multicolor multicultural differences right now its sad to have this hate towards one another im sorry but believe all lives matter dont matter what color what gender or religion or sexual orientation now we can not ignore this hateful racism acts and violence we are humans we all have blood flowing through our veins,Hope_speech,images_DE/DE_HS_0120.jpg
Ive always wanted to become an engineer,Hope_speech,Images_SD/SD_HS_0085.jpg
im guessing the people who do that want people to know that they are friends with the just for validation,Hope_speech,images_DE/DE_HS_0624.jpg
She is just like wine,Non_hope_speech,images_DE/DE_NHS_0074.jpg
Abda Youre right though People shouldnt assume her sexuality,Hope_speech,images_DE/DE_HS_0307.jpg
IAM girl studying software engineering,Hope_speech,images_DE/DE_HS_0219.jpg
Starts at,Non_hope_speech,images/INHS0038.jpg
Also abusive and should be crime It is literally torture,Hope_speech,images/IHS_0174.jpg
Why would you starve child because of something as simple as who they love,Hope_speech,images/IHS_0002.jpg
This is surprisingly inspiring,Hope_speech,images_DE/DE_HS_0325.jpg
Wonder if the police will stop Carl marxs statue being destroyed or nelson Mandelas,Non_hope_speech,Images_SD/SD_NHS_0117.jpg
You were invited to her Villa,Non_hope_speech,images/INHS0534.jpg
Kiri felt that After having just come out to my parents after being married and feeling safe after years of being with my spouse who encouraged me through it all,Hope_speech,images/IHS_0479.jpg
All lives should matter Not just only back lives that matter us,Hope_speech,images_DE/DE_HS_0471.jpg
Here before the comments go to shit,Non_hope_speech,images/INHS0189.jpg
Were not gonna be your friend because you like doctor who,Non_hope_speech,Images_SD/SD_NHS_0018.jpg
Omg conversion therapy should be illegal,Hope_speech,images_DE/DE_HS_0509.jpg
All of US matters,Hope_speech,Images_SD/SD_HS_0131.jpg
All Lives Matter for me If you protest for only colourdoes not mean which colour it will created jealousy,Hope_speech,images_DE/DE_HS_0625.jpg
Ecclesiastes answers the question,Non_hope_speech,images_DE/DE_NHS_0543.jpg
god gave us choice and my choice is to love,Hope_speech,images_DE/DE_HS_0282.jpg
Your name is literally my bio on everything XD,Hope_speech,images_DE/DE_HS_0106.jpg
Boa In US women are given preference over men by,Hope_speech,images_DE/DE_HS_0506.jpg
All Lives Matter especially now,Hope_speech,images_DE/DE_HS_0241.jpg
smh atleast you got the choice said am doing software engineering and the response got made me lose hope before even started anyway rebuilt my hope and am doing it it dont matter,Hope_speech,Images_SD/SD_HS_0346.jpg
Maybe saying feminist country would be bit of stretch not really but were definitly PC country,Hope_speech,images/IHS_0280.jpg
All got from that waffle was that youre ok with begin sexist as long as its towards men Theres nothing wrong with having predominantly male oriented field you know,Non_hope_speech,images_DE/DE_NHS_0050.jpg
What part confused you,Non_hope_speech,images_DE/DE_NHS_0419.jpg
will always be thankful for Madonna Shes reason Im not afraid to be me even have portrait of her,Hope_speech,Images_SD/SD_HS_0172.jpg
Yes study CS and it is so so lonely These types of videos keepnMe going,Hope_speech,images/IHS_0421.jpg
asian black native america as long as you are not white white to them you are black and NOT important so when we say black we mean people of darker tone or skin or people who they are racist towards because we dont look like them so they treat us different so we need to be united and fight against racism for the racist anyone different from them if beneath them so we fight for our children and for thier future freedom to be and explore this world without someone putting them down all the time,Hope_speech,images/IHS_0595.jpg
pants nI could say the same thing to you Ive made many new points including how affirmative actions could hurt minorities as well,Hope_speech,images_DE/DE_HS_0497.jpg
of course all lives matter Including of course black lives,Hope_speech,Images_SD/SD_HS_0297.jpg
Love Sheriff Clark he is awesome,Non_hope_speech,Images_SD/SD_NHS_0054.jpg
like how Annie tried to be respectful anyways,Hope_speech,images/IHS_0531.jpg
after your wonderful oration about engineering got interest in doing mechanical engineering only because of you THANK YOU so much,Hope_speech,images/IHS_0612.jpg
Well mean if theyre truly your friend then you arent Racism is rooted in deep prejudice and hate towards someone of different race If you have hate for someone can you be friends with them didnt think so have MANY black friends This makes me not racist Because if was truly racist wouldnt associate with them and keep to my fellow whites You guys need dictionary sometimes,Hope_speech,images/IHS_0213.jpg
If you say All Lives Matter you will be considered racist Its absolutely ridiculous,Hope_speech,images/IHS_0180.jpg
queen to the LGBTQ Community,Hope_speech,Images_SD/SD_HS_0177.jpg
used to mix potions and experiment the outcome on my dolls Im currently working on degree in Computer Science with an engineering focus love this video,Hope_speech,Images_SD/SD_HS_0387.jpg
Inspiring the next generation of Femgineers,Hope_speech,Images_SD/SD_HS_0196.jpg
agree with you 100 except dont believe in God find it frustrating that lot of people think that homosexuality is sin,Hope_speech,images/IHS_0103.jpg
God gave us choice My choice is to love PRINT THIS EVERYWHERE,Hope_speech,Images_SD/SD_HS_0489.jpg
Mehdi Benchekroun All Lives do matter But in America black people havent been treated like they matter,Hope_speech,images/IHS_0301.jpg
Go covid19 Nice going protesters poor millennials are like lemmings,Non_hope_speech,images/INHS0385.jpg
You cant rationalize with someone who is irrationaland you cant fix stupid,Non_hope_speech,images_DE/DE_NHS_0411.jpg
am 15 and dont think can tell my parents dont believe in the religion they have taught me to believe in ever since was born nnI dont believe in the textbook version of God,Hope_speech,images/IHS_0518.jpg
Jessica Walker but there is no perspective You dont agree or disagree with homosexuality just like you dont agree or disagree with Down syndrome,Hope_speech,images/IHS_0429.jpg
Wouldnt that be nice,Non_hope_speech,images/INHS0298.jpg
Sunshine littlephilly reading your comment was rollercoaster of oh dont agree with that but also oh thats sweet and then back again,Non_hope_speech,images_DE/DE_NHS_0277.jpg
am male who choose to change from being an engineer to being early childhood teacher when turned 50 Everyday tell all the children care for that they are engineers,Hope_speech,images_DE/DE_HS_0572.jpg
never knew conversion therapy was thing until today Therapy is supposed to help you,Non_hope_speech,images_DE/DE_NHS_0172.jpg
What matter Every lives is matter,Hope_speech,Images_SD/SD_HS_0178.jpg
We are equal humans nAll of us are equaln:handshake::handshake::handshake::handshake::handshake::handshake::handshake:,Hope_speech,Images_SD/SD_HS_0393.jpg
Chance Mckinney used to do that before even thought that might be bi but still dont know,Non_hope_speech,Images_SD/SD_NHS_0282.jpg
Jules is such an amazing person,Hope_speech,images_DE/DE_HS_0319.jpg
Nobody has supported the LGBT community like MADONNA even in the darkest hours she has always been an advocate fighter for human rights,Hope_speech,images_DE/DE_HS_0057.jpg
RAMPHISA they scream karma believe in it yet think they are not responsible for their ancestors crimes Lmbao We dgaf who is protesting for whites,Non_hope_speech,Images_SD/SD_NHS_0034.jpg
My choice is to love literally started to cry,Hope_speech,images_DE/DE_HS_0205.jpg
RIGHT Shes cat away from building herself tiny off grid home with lady roommate and adopting some kids from latin america,Non_hope_speech,images/INHS0275.jpg
think the thing between the boy and the teacher was consensual relationship In the article it didnt say the boy fought back or reported it earlier It sounds like he went along with it even though it was clearly suspicious think he was trying to blackmail her to get more free shit by reporting her to the school If were that kid,Non_hope_speech,images/INHS0551.jpg
You sound dumb Af,Non_hope_speech,Images_SD/SD_NHS_0485.jpg
littlephilly have question Im not lesbian but have so many friends who are apart of LGBTQ community and support and honestly would do anything for them,Hope_speech,images_DE/DE_HS_0563.jpg
Its important to note the date of this video conversation is October 15,Non_hope_speech,images_DE/DE_NHS_0265.jpg
My name is Jess,Non_hope_speech,images/INHS0627.jpg
stands for Brave nL stands for LoyalnA stands for AwsomenC stands for Courageous nK stands for Kind nnDont hate on people for the colour of their skin,Hope_speech,Images_SD/SD_HS_0290.jpg
Yes all lives matter,Hope_speech,Images_SD/SD_HS_0443.jpg
What does that even mean Universally the atom could matter as much as the star for all you know,Non_hope_speech,images_DE/DE_NHS_0026.jpg
congratulations you can read Do bleach lives matter,Non_hope_speech,Images_SD/SD_NHS_0057.jpg
Mitch Jebbers The President is overly emotional and complains too much,Non_hope_speech,images_DE/DE_NHS_0615.jpg
It is not controversial to say All Lives MatternIts fact,Non_hope_speech,images/INHS0382.jpg
dont understand people say dont agree its like dont agree that cats purr or dont agree that the sky is blue its weird,Hope_speech,images_DE/DE_HS_0375.jpg
This is sad to watch but good news at least pandemic is finally over:person facepalming:,Non_hope_speech,images/INHS0439.jpg
But she clearly says that she doesnt agree with homosexuality,Non_hope_speech,Images_SD/SD_NHS_0168.jpg
dont really understand the idea of people assuming peoples sexuality based on their appearance Like we are fighting against stereotypes but still are using stereotypes,Hope_speech,Images_SD/SD_HS_0167.jpg
Shes an icon and idol Very inspiring Thank you for the uplifting words,Hope_speech,images_DE/DE_HS_0162.jpg
All lives matter and how Because when we stand before out maker we will answer for every life every soul we Pass and mistreat Whole wor going to hell in hand basket grandma use to say Be prepared to answer for those you hurt or mistreat or lead astray,Hope_speech,Images_SD/SD_HS_0638.jpg
such an inspiration,Hope_speech,images_DE/DE_HS_0363.jpg
All lives matter Idiocracy at its finest,Hope_speech,Images_SD/SD_HS_0461.jpg
hate most WWE fans sorry but It does not mean blm it is actually and insult to the black community Maybe you should read my last comment and maybe youd understand little better of what mean hope it helps you,Non_hope_speech,images_DE/DE_NHS_0257.jpg
This is why support the lgbt community because of knowing what they go through,Hope_speech,images/IHS_0097.jpg
Some girls just like short hair My god Lesbian stereotypes are horrible,Hope_speech,images_DE/DE_HS_0200.jpg
Gevenois But he was not trying to be murdered According to your logic,Non_hope_speech,images_DE/DE_NHS_0308.jpg
There is no color,Hope_speech,images/IHS_0285.jpg
Ivanov it literally does more harm than good Most people who make it out of conversion end up having to get ACTUAL therapy,Non_hope_speech,Images_SD/SD_NHS_0118.jpg
Boys and girls should try every type of toy so they can have broad knowledge so they have more options when taking important decisions,Hope_speech,images/IHS_0407.jpg
God gave us choice and my choice is to love im crying,Hope_speech,images_DE/DE_HS_0483.jpg
There all making people hate them,Non_hope_speech,Images_SD/SD_NHS_0336.jpg
Omg when he said God gave us choice,Hope_speech,images/IHS_0626.jpg
Is Alive you can be lesbian and Christian,Hope_speech,Images_SD/SD_HS_0239.jpg
Its meant to be Mathew 24 nation shall rise against nation,Non_hope_speech,images/INHS0101.jpg
And aside from how many girls major in engineering,Hope_speech,images_DE/DE_HS_0139.jpg
Thank you for sharing your experience my self had the same feeling where did not fit in as an engineer It is good to know that am not alone with this situation,Hope_speech,images/IHS_0053.jpg
feel the same way with being pilot Im women and Im headed down the road of becoming commercial pilot Only of women are pilots really hope to see more women join these professions,Hope_speech,Images_SD/SD_HS_0412.jpg
God Gave us choice my choice is to love nnnnYo watch out he gonna be king,Hope_speech,Images_SD/SD_HS_0125.jpg
The Nobel Peace Price is awarded to persons who Save Many Lives think she deserves the award,Hope_speech,images_DE/DE_HS_0233.jpg
Guess how came out of the closet Well didnt have to My ex best friend did it for me And guess what she did She was the first person told,Hope_speech,Images_SD/SD_HS_0601.jpg
Its racist to say all lives matter:rolling on the floor laughing::rolling on the floor laughing::rolling on the floor laughing::rolling on the floor laughing::rolling on the floor laughing:,Non_hope_speech,images/INHS0387.jpg
Haskins dont know Whats worse Making honest comments about black people,Non_hope_speech,Images_SD/SD_NHS_0376.jpg
125 Open your heart feel the rhythm,Non_hope_speech,images_DE/DE_NHS_0583.jpg
burger Asians are perfectly fine Im Asian and stab the people who insult me for that reason its totally fine since no one insults an Asian in the city because of me,Non_hope_speech,images_DE/DE_NHS_0037.jpg
black lives only matter when the democrats have an election to win notice how its years ago,Non_hope_speech,images_DE/DE_NHS_0579.jpg
agree but thats only some and think most mean to use in the the meaning and text explained its not always the one you explained and that can be misunderstanding when people assume that that was their intentions,Non_hope_speech,images_DE/DE_NHS_0059.jpg
You cant get wand and be like Bippity Boppity Boo,Non_hope_speech,Images_SD/SD_NHS_0477.jpg
All lives matter That is not racist statement If you think it is then you are ignorant,Hope_speech,images/IHS_0431.jpg
BLM used to have clear,Non_hope_speech,images/INHS0369.jpg
Ofc all lives matteralwaysbut right now black lives are in dangerits likeif house is on fireare the firefighters gonna spray every house because all houses matter or are they gonna spray the house on fireobviously the house thats on firesame applies for thisblack people are getting killed and not being treated with justice right now so they must get the attentionto say all lives matter is just trying to take away the spotlight from the problem black people are facing,Hope_speech,images_DE/DE_HS_0609.jpg
EVERYONE and mean EVERYONE has to act different when they are at work It has nothing to do with race or sex,Hope_speech,images_DE/DE_HS_0235.jpg
Have the same energy when racism happens towards Asians,Non_hope_speech,images_DE/DE_NHS_0273.jpg
What is wrong with you people nThese are kids You are all sick,Hope_speech,Images_SD/SD_HS_0570.jpg
That would just be pure mean SHEs SO CUTE,Non_hope_speech,images_DE/DE_NHS_0536.jpg
Circular reasoning isnt an argument,Non_hope_speech,images_DE/DE_NHS_0097.jpg
This was so inspiring,Hope_speech,images_DE/DE_HS_0195.jpg
Marcus Well obviously,Non_hope_speech,images_DE/DE_NHS_0100.jpg
theres fine line between disagreeing with them and being against them she literally said shes alright with lgbt,Hope_speech,images_DE/DE_HS_0027.jpg
The kid that said if they see their kid being beaten by book they will beat the beater with the book Is my spirit animal,Non_hope_speech,images/INHS0252.jpg
fear the UK is becoming more racist by the day,Non_hope_speech,images_DE/DE_NHS_0267.jpg
So surviving from mental abuse isnt considered survivor They wanted to strip his identity from him Maybe think before you leave comment,Hope_speech,Images_SD/SD_HS_0321.jpg
All lives do matter Stop playing your games,Hope_speech,images_DE/DE_HS_0442.jpg
Im Doctor and people say arent young for calling urself dr,Hope_speech,images_DE/DE_HS_0248.jpg
pants nnThe reason say believe there could be closer to 5050 distribution in engineering is because there are many women who have strong enough math skills to go into the field who are currently choosing to go into other disciplinesnI agree that women with high scores are likely to choose other majors Female math geniuses are usually stronger in other subjects as well Like said before,Hope_speech,images/IHS_0324.jpg
Ok whos ready for an asteroid strike next,Non_hope_speech,images/INHS0019.jpg
Literally am mix of black and white but dont see any difference on the colour only see it on the personality,Hope_speech,images_DE/DE_HS_0243.jpg
Take your time Youll be able to do that and be yourself You can do it,Hope_speech,images_DE/DE_HS_0424.jpg
love all people regardless of race,Hope_speech,Images_SD/SD_HS_0149.jpg
Why cant you let the guy finish his point Silly conversation,Non_hope_speech,Images_SD/SD_NHS_0325.jpg
BILL CLINTON THE RAPEST RIGHT and now that Illuminati witchwho btw said she wanted to bomb the white houseand she received prizemaybe shell get sacrifice soonwho knows such BS shes clearly annoyed by this poor interviewerhes sooo boring,Non_hope_speech,Images_SD/SD_NHS_0227.jpg
think it took her while to realize that she can approach things in different way not the way that she went about it,Hope_speech,Images_SD/SD_HS_0009.jpg
am mind blown Thanks for the speech,Hope_speech,images/IHS_0299.jpg
littlemermaid All the best Sis,Hope_speech,images/IHS_0059.jpg
There are only two sexes and also intersex people so technically three sexes but gender identity is up to the person Its very western idea that there are only two genders and many other cultures believe differently and have believed differently for thousands of years If person wants to express their gender as something non binary to boy and girl they should have the freedom to do so If they arent hurting anyone else why make them change into something they arent comfortable with,Hope_speech,images/IHS_0175.jpg
dont understand why saying black lives matter is really ok It implies that all others dont or arent If said white lives matter do you think it would be racist If said Asian lives matter would that be the same Why understand that police brutality is out of control and needs to be addressed,Hope_speech,images/IHS_0173.jpg
Josh 1999 agree completely honestly think somebody knows and thats why they brought her in If so,Non_hope_speech,images_DE/DE_NHS_0041.jpg
mean its male dominated field of course people surprised to learn your an engineer Also its probably only male dominated field because most women dont study engineering and pick something like liberal arts Im just saying,Hope_speech,images_DE/DE_HS_0124.jpg
The wise men are obvious here,Non_hope_speech,images_DE/DE_NHS_0169.jpg
say that to the whites going to the beach,Non_hope_speech,Images_SD/SD_NHS_0089.jpg
Ive never been fan of Madonnas music nor do like her personality but do love that she has been great friend to the LGBTQ community Also,Hope_speech,images_DE/DE_HS_0021.jpg
The truth is All lives matter,Hope_speech,images_DE/DE_HS_0211.jpg
Bernie The reason black lives matter is because they are giving millions of more dollars so can buy few more houses,Non_hope_speech,images_DE/DE_NHS_0334.jpg
Well still respect you,Non_hope_speech,Images_SD/SD_NHS_0050.jpg
Pretty and smart,Hope_speech,Images_SD/SD_HS_0576.jpg
okana so were lot of races,Non_hope_speech,images_DE/DE_NHS_0114.jpg
it is in some states but any religious organization is able to preform conversion therapy in any state,Non_hope_speech,Images_SD/SD_NHS_0115.jpg
Edward Colston RIP,Non_hope_speech,images_DE/DE_NHS_0001.jpg
IncredibleAwesomeso uplifting and inspiring THANK YOU,Hope_speech,Images_SD/SD_HS_0435.jpg
Why dont we say all lives matter and them name them Lol Oo cant name anything bc dumb ppl would think was racist Do white lives matter think all lives matter no matter what color happen to be Wake up The false narrative is so bad now that ignorant ppl are pushing false statements left right,Non_hope_speech,images/INHS0220.jpg
OMG wish could be one of the kids would love to talk about this LGBTQS we are together Always fighting for our rights are not alone,Hope_speech,Images_SD/SD_HS_0226.jpg
That Sheriff looks like the kind of guy Judge Dredd would take orders from Absolute legend,Non_hope_speech,Images_SD/SD_NHS_0607.jpg
She is my new role model,Hope_speech,images/IHS_0042.jpg
the Sheriff is one man would love to meet we need more people like him in this world,Non_hope_speech,images_DE/DE_NHS_0461.jpg
Do people actually think that trump himself uses that twitter account,Non_hope_speech,images/INHS0481.jpg
Sasha Dumse no god makes people fall in love with each other their own hearts and feelings do,Non_hope_speech,Images_SD/SD_NHS_0090.jpg
cried Im glad my parents are reasonable with my sexuality,Hope_speech,images_DE/DE_HS_0425.jpg
BLM Too lol Sorry Now Im being rude about gender an honest guy then,Non_hope_speech,Images_SD/SD_NHS_0039.jpg
Id just yeet the book back at them,Non_hope_speech,Images_SD/SD_NHS_0404.jpg
the blm movement could do so much more to get respect out of the community,Hope_speech,Images_SD/SD_HS_0525.jpg
she is amazing,Non_hope_speech,images_DE/DE_NHS_0467.jpg
Dont use another movement to downplay something else Both are equally important but never say what about this when the attention is on something else That doesnt mean it isnt important,Non_hope_speech,Images_SD/SD_NHS_0591.jpg
think that was gonna cry some point that was so emotional to me as teen girl who wants to be an engineer in Turkey and you cant know how hard it can be after this video my self confidence get stronger then before now feel better thank you for trying this hard rather than being one of the womens working as an invisible women employee they have to get,Hope_speech,images/IHS_0644.jpg
god gave us choice my choice is to love wait im literally crying love him so much,Hope_speech,images_DE/DE_HS_0146.jpg
to be clear,Non_hope_speech,images/INHS0083.jpg
She is not and never has been afraid to speak out against homophobia because her herself us bisexual,Hope_speech,images_DE/DE_HS_0294.jpg
America is not Patriarchy,Hope_speech,images_DE/DE_HS_0045.jpg
Not white people when they have all the privilege,Non_hope_speech,Images_SD/SD_NHS_0393.jpg
dont worry Im Christian and Im both trans and bisexual so yeah thats thing like God said men shall not lay with man but that was mistranslated its actually man shall not lay with boy meaning pedophilia so homosexuality is not in the bible and religion shouldnt stop people from loving who they love yk,Hope_speech,images/IHS_0458.jpg
Every life matter Black,Non_hope_speech,Images_SD/SD_NHS_0396.jpg
This is so good As woman who loved math but never had anyone suggest engineering thank you have two girls and dream of all opportunities for them Thank you,Hope_speech,Images_SD/SD_HS_0305.jpg
stop forcing people to forcefully study engineeringnengineering is made for humans nif girls want to study engineering she willnif she wants to study something other than engineering she willnIts totally her choicennnnnA person should only study something in which heshe is interested in and thus can excel in that field only,Hope_speech,images/IHS_0445.jpg
rippy pancakes Slavery has been around since day one,Non_hope_speech,Images_SD/SD_NHS_0341.jpg
All these are correctand yes All Lives Matter,Hope_speech,images_DE/DE_HS_0015.jpg
Some of his questions were such waste what terrible interviewer SHAME hope he reassess his career,Non_hope_speech,images/INHS0288.jpg
Love the interview Very vulnerable lot of women was inspired by her too,Hope_speech,images/IHS_0376.jpg
she changed my life,Hope_speech,images/IHS_0362.jpg
Beautiful interview She has done so much for the LGBTQ community over her 35year music career This was such genuine and heartfelt interview What beautiful person she is,Hope_speech,Images_SD/SD_HS_0032.jpg
wonder how many of them have notes,Non_hope_speech,Images_SD/SD_NHS_0350.jpg
Dont worry Tough time too shall pass,Hope_speech,images_DE/DE_HS_0644.jpg
am female and will be starting mechanical engineering in the fall this is so inspiring wow,Hope_speech,Images_SD/SD_HS_0189.jpg
Racist is like jealousy its here to stay cheers,Non_hope_speech,images_DE/DE_NHS_0155.jpg
Im bissexual conversion therapy surviver,Hope_speech,Images_SD/SD_HS_0089.jpg
Born to be star an icon She has done so much for the LGBTQ community Im so horrified by the hate she gets because of her age,Hope_speech,images_DE/DE_HS_0280.jpg
Do you know why there are no protests in Russia Because putin is not black,Non_hope_speech,images_DE/DE_NHS_0322.jpg
So what bernie Sanders means its ok if black man killed white person its ok but if white man kills black person hes racist,Non_hope_speech,Images_SD/SD_NHS_0251.jpg
The lgbtq helped launched Madonna and the fact she basically knowdlgeses it every time in her song and in her daily life is iconic,Hope_speech,images/IHS_0030.jpg
Dont be too hard on the Christian kid Hes raised to think that way and probably hasnt questioned what hes been taught before,Non_hope_speech,images_DE/DE_NHS_0073.jpg
believe in all lives matter but what most people get upset about is that its protest to Black lives matter Thats the only light can shed on the BLM movement for getting upset about ALM,Non_hope_speech,Images_SD/SD_NHS_0025.jpg
All lives matter all people matter all point of views matter all religions matter,Hope_speech,images_DE/DE_HS_0426.jpg
How can you say you dont agree with homosexuality Its makes as much sense as saying dont agree with gravity,Hope_speech,images_DE/DE_HS_0339.jpg
There was place like that it was called Slab City the authorities shut the shit down,Non_hope_speech,images_DE/DE_NHS_0527.jpg
Thanks for being there when no one else was,Hope_speech,images/IHS_0144.jpg
Is Alive Funny because Im bi and came out to my church but they didnt mind and actually encouraged me to come every Sunday They even said not to feel discouraged by it Hm But believe what you want,Hope_speech,images/IHS_0263.jpg
Im 29yearold trans man and guarantee that wouldve said the things Annie said when was about 13 years old,Hope_speech,Images_SD/SD_HS_0023.jpg
This is fantastic Cant wait to show it to my 10 year old girl,Hope_speech,images_DE/DE_HS_0603.jpg
Abdi see you get your information from tictok,Non_hope_speech,Images_SD/SD_NHS_0287.jpg
lot of you are writing how that girl is going to suddenly realise like you did that she isnt straight etc etc because of the way shes dressed and stuff but regardless if thats true or not its rarely easy to come to terms with your sexuality especially if youve been raised to be against it People saying this about her is most likely going to make her feel uncomfortable and upset And while yes that isnt something someone should be feeling towards the LGBT community its likely the mental state shes is so like leave it lads,Hope_speech,images/IHS_0253.jpg
You live in very strange and little educated world The differences exist and have to be respected both sides,Hope_speech,images/IHS_0275.jpg
This is good idea for twilight zone episode,Non_hope_speech,images_DE/DE_NHS_0371.jpg
against sounds fair,Non_hope_speech,images_DE/DE_NHS_0485.jpg
So youre telling me only black lives matter no one else get real everybodys life matters white black look whos being racist,Non_hope_speech,Images_SD/SD_NHS_0220.jpg
to these politicians and the the big banks and corporations that back them NO LIVES MATTER It is twisted the black race in stating that only black lives matter are making racism worse In the eyes of God the Father all lives matter,Non_hope_speech,images_DE/DE_NHS_0045.jpg
He built Bristol And Africans also sold their own people as slaves Do your research before typing,Non_hope_speech,images/INHS0386.jpg
That officer at the beginning set the record so straight and true that you might as well call it day there nuff said,Non_hope_speech,images/INHS0614.jpg
the real slogan should be called all lives matter,Hope_speech,images/IHS_0486.jpg
have the same aspirations as you do want to make my family proud and show them that women can be scientists and engineers,Hope_speech,images/IHS_0513.jpg
You have one right here,Non_hope_speech,images/INHS0179.jpg
Jonathan LaBrae True brother,Non_hope_speech,Images_SD/SD_NHS_0071.jpg
This made me cry So many things in contemporary Christian culture are such horrid distortion of what Christianity is meant to be What that boy said about choosing to love Thats what Christianity is about,Hope_speech,images_DE/DE_HS_0127.jpg
Come on Hannity,Non_hope_speech,Images_SD/SD_NHS_0136.jpg
Jack Parsons Thats why dont support them,Non_hope_speech,Images_SD/SD_NHS_0310.jpg
was that girl who would rather play with the legos and Lincoln logs Thank you for the inspiring speech,Hope_speech,images_DE/DE_HS_0512.jpg
the EU end the Fourth ReichnTeacher fired for twerking on her vacationnnhttp,Non_hope_speech,images/INHS0078.jpg
Trump isnt antiSemitic,Hope_speech,images_DE/DE_HS_0224.jpg
Black lives matter Is racists statement All life is gift God gave you,Non_hope_speech,images_DE/DE_NHS_0493.jpg
blm doesnt make any money off of all lives matter thats why,Non_hope_speech,images/INHS0443.jpg
now what the hell does that suppose to mean If you like someone because he is decent human being,Non_hope_speech,images/INHS0379.jpg
Jemel Shahid if its obvious that all lives matter,Hope_speech,images_DE/DE_HS_0542.jpg
Im lesbian Christian The beginning statement,Hope_speech,images_DE/DE_HS_0016.jpg
Its funny mire peaceful protests happened more than the violent ones but they showed the violent ones more and bow people think thats the only way they did it and it wasntyes some people took advantage of it and looted others just wanted justice so they marched,Hope_speech,images/IHS_0240.jpg
when,Non_hope_speech,Images_SD/SD_NHS_0191.jpg
Danielle It shows them they cant be who they are without being severely hated What it doesnt isnt fixing,Non_hope_speech,images/INHS0571.jpg
Women today so physical labour lot more od they can do it today they couldve done it back then as wellTHERES NO excuse for not allowing women to vote or get education and sell them like property you fucking moron,Hope_speech,Images_SD/SD_HS_0063.jpg
The Sheriff like everyone else is tired of the BS,Non_hope_speech,Images_SD/SD_NHS_0049.jpg
She came out,Hope_speech,Images_SD/SD_HS_0272.jpg
David Clark is the absolute worst Thank you for leaving Milwaukee,Non_hope_speech,images/INHS0523.jpg
when you pronounce Arabic names,Non_hope_speech,images_DE/DE_NHS_0379.jpg
Windsor new york,Non_hope_speech,Images_SD/SD_NHS_0533.jpg
The people in the young boys life are doing such great job You can see hes already becoming his own person and being really positive force,Hope_speech,images_DE/DE_HS_0588.jpg
The problem with saying All Lives Matter is that its being used as retort toward the protest of Black Lives Matter Its literally saying sure black lives matter,Non_hope_speech,images_DE/DE_NHS_0343.jpg
My moms an engineer As girl,Hope_speech,images/IHS_0399.jpg
Yeah all lives matter dude that includes black lives ALL means every what is it just like ofcourse every life matters besides black lives so we absolutely need to call it black lives matter to make people realize that or am right and black lives matter is racist,Hope_speech,Images_SD/SD_HS_0195.jpg
Law abiding citizens lives matter nThat covers all colors but law abiding lives only,Non_hope_speech,images/INHS0136.jpg
What about the Blond Ambition Tour dancers,Non_hope_speech,images_DE/DE_NHS_0137.jpg
That would just beuh pure mean love that,Non_hope_speech,Images_SD/SD_NHS_0556.jpg
Walker actually agree,Non_hope_speech,images_DE/DE_NHS_0063.jpg
People need to blame themselves for their own selfish bad behaviour,Hope_speech,Images_SD/SD_HS_0536.jpg
ALL LIVES MATTER God created us all and loves us all,Hope_speech,images_DE/DE_HS_0383.jpg
920 To never give hope to never give up She said it with conviction,Hope_speech,images/IHS_0395.jpg
have looked at the stats and beyond,Non_hope_speech,images/INHS0056.jpg
the other sat back and watched george floyd is one of many we are fighting broken system,Non_hope_speech,Images_SD/SD_NHS_0236.jpg
Love from France We love you Madge,Non_hope_speech,images/INHS0398.jpg
Lavin your exactly on point the majority is dumbed down,Non_hope_speech,Images_SD/SD_NHS_0489.jpg
Love ya Sheriff Clarke,Non_hope_speech,images/INHS0233.jpg
wouldnt say fighting for civil rights and social justice is pointless,Hope_speech,images/IHS_0425.jpg
Asiya you cant disagree with sexuality lmao its like saying you disagree with people being black,Hope_speech,images_DE/DE_HS_0330.jpg
Theres always way out and Madonna is just changing the world for the better,Hope_speech,images_DE/DE_HS_0292.jpg
Treat People With Kindness Treat people like you want to be treated,Hope_speech,images_DE/DE_HS_0503.jpg
few elite Africans who converted to there Arab masters religion was part of it,Non_hope_speech,images/INHS0596.jpg
My family is very religious and dont know how theyll take it if ever tell them that swing both ways Im happy for the kids who have such positive view on the LGBT community,Hope_speech,images_DE/DE_HS_0216.jpg
Shes always done what is daring or pushing boundaries Any negative publicity shes every gotten has only increased her celebrity Evidence,Hope_speech,images/IHS_0389.jpg
HiveMind Bandwagon Emotional Contagion Mass Hysteria Victim Mentality WoeisMe Covid19 Boredom Pentup AngerAggression Lost sheep looking for any cause baaah Misled Astray Deflection Diversion Distraction from all the real issues on our planet nnWhat ever happened to creatingcontributingcommunityunity And making oneself useful rather than spreading viruses,Non_hope_speech,images_DE/DE_NHS_0216.jpg
It SHOULD be All Lives Matter No need to drag downignore other peopleraces to get ahead While were at it,Hope_speech,images_DE/DE_HS_0005.jpg
now find him no play around Law Officer,Non_hope_speech,images_DE/DE_NHS_0220.jpg
will always be amazed for this beautiful soulThank you for be there for us,Hope_speech,images_DE/DE_HS_0521.jpg
Im and by watching this video want to be gaming scientist,Hope_speech,Images_SD/SD_HS_0351.jpg
Love her always,Non_hope_speech,Images_SD/SD_NHS_0154.jpg
LOVE the jacket she is wearing Very Michael Jackson of her,Non_hope_speech,Images_SD/SD_NHS_0446.jpg
dont agree with conversion therapy,Hope_speech,Images_SD/SD_HS_0304.jpg
Exactly You cant bring gender equality by just focusing on one gender Its absurd,Hope_speech,images_DE/DE_HS_0632.jpg
do you say this because its like we are asking for something from another race Like begging for acceptance This is the only angle see that would make sense nI simply support the movement all the way from the UK because all lives should matter But it doesnt,Non_hope_speech,images_DE/DE_NHS_0091.jpg
Clip No they dont,Non_hope_speech,Images_SD/SD_NHS_0231.jpg
This is great video As female engineer run into all of these struggles on daily basis also had hard time learning spatial skills and struggled in drawingCAD class GoldieBlox is great first step to helping get more girls interested in engineering and build their confidence in STEM,Hope_speech,Images_SD/SD_HS_0309.jpg
like her creation Keep dreaming girl,Hope_speech,Images_SD/SD_HS_0109.jpg
All life matter is simple Any person from any race can end up in jail,Hope_speech,images_DE/DE_HS_0143.jpg
Its torture not therapy,Non_hope_speech,Images_SD/SD_NHS_0438.jpg
The BBC did report on it and concluded it was tin foil hat conspiracy,Non_hope_speech,images_DE/DE_NHS_0141.jpg
Honesty She wrote SO MANY of her songs,Non_hope_speech,images_DE/DE_NHS_0523.jpg
was really about to give up on entering STEM and just go to art school But this helped me,Hope_speech,images_DE/DE_HS_0482.jpg
Honestly just stupidityget help,Non_hope_speech,images/INHS0616.jpg
Um yes love doctor who lmao love crystal,Non_hope_speech,Images_SD/SD_NHS_0443.jpg
Rebekah nYeah youre right,Non_hope_speech,images/INHS0550.jpg
Every life matters,Hope_speech,images_DE/DE_HS_0227.jpg
well have to respect her its not wrong if someone disagrees with homosexuality but at the same time CHOOSE not to hate and keep loving the lgbtqs there are differences,Hope_speech,images_DE/DE_HS_0114.jpg
Why is she dressed like Michael Jackson,Non_hope_speech,Images_SD/SD_NHS_0469.jpg
Well you sum it up this way When whales get abused We say save the whales When the rhinos get abused and murdered for there horns We say save the rhinoceros We dont say save all animals when one in particular is getting murdered or abused You accentuate the one thats getting abused at the time,Non_hope_speech,Images_SD/SD_NHS_0608.jpg
looking at it from another perspective all lives dont matter in the sense that we are here borrowed and eventually die so we dont matter at the end lol,Non_hope_speech,images_DE/DE_NHS_0255.jpg
Say it to his face wardak,Non_hope_speech,images_DE/DE_NHS_0572.jpg
dont think Hillary is stupid think shes frighteningly smart think she and the Donald are attempting to troll conservatives out of existence,Hope_speech,images_DE/DE_HS_0267.jpg
Its cultural because girls in 3rd world societies go for jobs they dont enjoy but that pay well,Hope_speech,Images_SD/SD_HS_0198.jpg
Diana finally an opened minded Christian thank god for you We need more people like you in this world,Hope_speech,Images_SD/SD_HS_0088.jpg
lol Trying to fight off the trauma,Hope_speech,images_DE/DE_HS_0056.jpg
All lives matter because we are Gods most precious handiwork,Hope_speech,images/IHS_0433.jpg
Yo actually stop demonizing christians We dont hate LGBTQ ppl,Hope_speech,images/IHS_0405.jpg
Jonathan Brandis Whatever blows your skirt up:rolling on the floor laughing::rolling on the floor laughing::rolling on the floor laughing:,Non_hope_speech,images/INHS0630.jpg
The one everybody thought was bi,Non_hope_speech,Images_SD/SD_NHS_0379.jpg
hate you,Non_hope_speech,images/INHS0044.jpg
Islam is just like feminism in the fact that the definition on both sounds great,Hope_speech,images_DE/DE_HS_0641.jpg
One of my fav legends She is true spirit for change,Hope_speech,images/IHS_0466.jpg
my friends should take notes,Non_hope_speech,images_DE/DE_NHS_0274.jpg
Abdallah Shakeel like said why is it just black lives matter it should be all lives matter so yeah it sounds racist to me mate what about Muslims Chinese or Mexican lives Im sure we all matter as one race and thats humans dont see colour or religion see the person the human life,Hope_speech,images/IHS_0404.jpg
played with Lego and blocks as well as dolls when was younger played with you cars,Hope_speech,images/IHS_0413.jpg
your uneducated you dont even know your bible,Non_hope_speech,images_DE/DE_NHS_0009.jpg
Girls can do much better than boys,Hope_speech,images_DE/DE_HS_0623.jpg
Some kids at my school have already come out,Hope_speech,images_DE/DE_HS_0095.jpg
Corpus Thats good Still along way to go though,Hope_speech,Images_SD/SD_HS_0639.jpg
As Hispanic woman this makes me both weary about pursuing my degree and even more driven at the same time,Hope_speech,images_DE/DE_HS_0088.jpg
If all lives matter to God,Hope_speech,Images_SD/SD_HS_0554.jpg
little lesbian SENT ME LMAOO,Non_hope_speech,images_DE/DE_NHS_0035.jpg
All lives matter Stop dividing people by skin color,Hope_speech,images_DE/DE_HS_0126.jpg
Pelosi is stupid idiot because police are being trained in Israel and thats how they treat the Palestinian people and they learned that type of apartheid terror training to do it on American citizens dont send police to Israel to train,Non_hope_speech,images_DE/DE_NHS_0645.jpg
Of course all lives matter,Hope_speech,images_DE/DE_HS_0166.jpg
like it how you leftist liars expose yourself with such bs videos Great big story was always to me leftist channel,Non_hope_speech,images/INHS0155.jpg
peoples lives matter,Non_hope_speech,images/INHS0388.jpg
All lifes matters,Hope_speech,images_DE/DE_HS_0604.jpg
Except that your situation is very rare Ive been in tech 25 years and you are the first guy who has ever described situation like it am also white and have worked in majority Black workplaces didnt experience racism everpersonality clashes Of course,Non_hope_speech,images/INHS0433.jpg
Kilmonger Im offended treat all my convicts equally all those jump suites are blue all come from the same pile nYou did the crime you got the time,Non_hope_speech,images_DE/DE_NHS_0234.jpg
They say that politics is the second oldest profession,Non_hope_speech,Images_SD/SD_NHS_0632.jpg
Thats right ALL LIVES MATTER,Hope_speech,images/IHS_0049.jpg
must not no what peacefully protesting means is that where you reck your own town and steal,Non_hope_speech,images_DE/DE_NHS_0445.jpg
Lavin LMAO im not clicking that link,Non_hope_speech,images/INHS0633.jpg
Weird that this has comments enabled when Special Books by Special Kids isnt allowed to have comment section,Non_hope_speech,Images_SD/SD_NHS_0387.jpg
What panel,Non_hope_speech,Images_SD/SD_NHS_0459.jpg
Im not Christian tbh Im not apart of any religion but god accepts everyone and its not cool to be the same We were made to be different not to just protest about someones choice of sexuality or religion,Hope_speech,images_DE/DE_HS_0029.jpg
Another Cultural Marxist IF she is really an engineer what has she done Maybe the fact that women are more interested in advocacy and groupthink is why we shouldnt waste time training them Reminds me of that other Jewish woman agitating for more women in video games guess gender doesnt matterunless you can agitated for women This is more mushy thinkiing Things can only get better with female perspective So are we going to ACKNOWLEDGE MEN AND WOMEN ARE DIFFERENT YES OR NO You Cultural Marxists cant keep up with your own lies Ted is pretty much trash now,Non_hope_speech,Images_SD/SD_NHS_0331.jpg
Uh better not cuff my jeans then,Non_hope_speech,images/INHS0608.jpg
But that was statue celebrating man who was slave trader from what see Its not about bloody past its about statue thats celebrating the slave trade being up in 2020,Non_hope_speech,images_DE/DE_NHS_0008.jpg
Palestinian lives matter,Non_hope_speech,Images_SD/SD_NHS_0582.jpg
Im so glad that my brother wasnt sent to therapy ahem torture for being trans,Hope_speech,images_DE/DE_HS_0417.jpg
dont understand what people mean by dont agree with homosexuality its stupid to me,Non_hope_speech,images/INHS0565.jpg
Is Alive Do you have to spend so much time attacking other people on some random video,Non_hope_speech,Images_SD/SD_NHS_0472.jpg
We are all of the same race the human race,Hope_speech,images_DE/DE_HS_0180.jpg
sara leong love science as well But it is extremely hard for me to focus in math Mainly because probably because of classes arrangements am one of the only three girls in my math class of 12 and almost all the boys didnt know what staying on topic meant They would yell and chat loudly The teacher just seems to not hear them probably because she has learned that it gave her less headaches Anyways love legos as well hope theres more people like you and your family in the world,Hope_speech,images/IHS_0341.jpg
Placeholder has the value of zero gather you knew that already Do you selfidentify with that in any way,Non_hope_speech,images/INHS0206.jpg
This is the best speech Ive ever heard So inspirational Im 14 and want to be an engineer dropped Drama for product design few months ago and it was the best decision ever made Its now my favourite subject But Im in class of about 2025 and theres only girls thats including me,Hope_speech,images_DE/DE_HS_0149.jpg
This is sick indoctrination,Non_hope_speech,images_DE/DE_NHS_0306.jpg
Tyrone Marcus you are so stupid you know that the section that says that man should not lie with man was translated wrong and meant to say not lie with boy referring to pedophilia and God loves everyone you cant say he hates gays because he doesnt hate anyone it called love the sinner hate the sin you dumbass you are hypocrite,Hope_speech,images_DE/DE_HS_0393.jpg
Racism is an individual trait Dont impose racism to certain group Obama won two times because of white votes Just because certain number of individual showed something wrong you can say that whole race is racist,Hope_speech,Images_SD/SD_HS_0500.jpg
Rivas Black people,Non_hope_speech,Images_SD/SD_NHS_0520.jpg
Police are much more hostile towards poor people,Non_hope_speech,Images_SD/SD_NHS_0153.jpg
all lives matternall na nThat includes black lives,Hope_speech,images/IHS_0305.jpg
find it funny at the amount of attention the lack of female engineers gets while ignoring that females are outperforming males in every aspect of school BESIDES engineering Females have such options to their career fields but men have not had the same options opening up for them outside of traditional job roles,Hope_speech,images_DE/DE_HS_0380.jpg
88 your sick in the head for supporting mass murder,Non_hope_speech,images/INHS0503.jpg
For the people who are religiousthe onlllyyy thing God wants is to respect one another and love each otherthen how does this make sense its not really christianity its the church in old times which had power over people christianity was the excuse to get people to do what they want,Hope_speech,images/IHS_0365.jpg
The video says kids meetbut it always feels like Im meeting new and unique person,Hope_speech,images_DE/DE_HS_0447.jpg
All lives matter black white brown whatever race you are you matter thats all,Hope_speech,images/IHS_0004.jpg
Im female engineering student right now Im so glad this is in my recommendation,Hope_speech,images_DE/DE_HS_0392.jpg
sheridan it was wrongly translated It should say to not lay with boy the wrongly translated version says man and it refers to pedophilia,Hope_speech,images/IHS_0494.jpg
that would just be,Non_hope_speech,Images_SD/SD_NHS_0188.jpg
Dimacrats give welfare money to black PEOPLE to keep thim in control,Non_hope_speech,Images_SD/SD_NHS_0550.jpg
Rebekah Saying you dont agree with homosexuality is like saying you dont agree with being black Its not choice and it doesnt hurt anyone And you telling someone that they are wrong for who they love which they cant change is just as bad as what those people did to this man as child,Hope_speech,images/IHS_0547.jpg
My sister is lesbian nIts not that easy for everyone nMaybe im just stuck up and still think she is to young to decide who she is she is 18nIt was still hard thing for me to hear,Hope_speech,images_DE/DE_HS_0357.jpg
Her face,Non_hope_speech,images_DE/DE_NHS_0498.jpg
Also did some of you forget we in pandemic,Non_hope_speech,Images_SD/SD_NHS_0161.jpg
You are still young maybe you can try,Hope_speech,images/IHS_0195.jpg
Im doing STEM and we have 19 students in our class,Hope_speech,Images_SD/SD_HS_0041.jpg
tahani from the good place be like,Non_hope_speech,images_DE/DE_NHS_0422.jpg
some comments under this video honestly make me want to throw up why are so many of you assuming that religious girls gender and sexuality thought this community were way smarter than this,Hope_speech,Images_SD/SD_HS_0342.jpg
Its called soft bigotry Go on now,Non_hope_speech,images/INHS0128.jpg
Racism is part of Capitalism,Hope_speech,Images_SD/SD_HS_0315.jpg
The Real Question is why is the statue of human Trafficker still there in modern day Briton,Non_hope_speech,images_DE/DE_NHS_0190.jpg
if she looks queer it does not mean she is actually,Non_hope_speech,images/INHS0223.jpg
Thank you Madonna from the bottom of my heartyou truly are an admirable and inspirational human being,Hope_speech,images_DE/DE_HS_0592.jpg
When was little girl didnt like barbies but my parents kept bringing them but kept playing with my cousins legos and my teacher used to gave me legos when get full mark,Hope_speech,images_DE/DE_HS_0401.jpg
This is typically the attitude of the weak minded who lack self crticism For example Democrats,Non_hope_speech,images_DE/DE_NHS_0314.jpg
Her eyes are so beautiful Very striking You can tell this is very heartfelt and emotional and genuine She has become very soft spoken here and it says much to the love she has in her heart for the underdog and those who suffer Wonderful Madonna,Hope_speech,Images_SD/SD_HS_0267.jpg
Id vote for that sherriff for almost any office,Non_hope_speech,images_DE/DE_NHS_0236.jpg
study shows that women have sharper mental skills than men But the main problem is perspective What perspective nThe perspective that says,Hope_speech,images/IHS_0424.jpg
Madonna is so genuine in this interview,Non_hope_speech,images_DE/DE_NHS_0144.jpg
was just about to comment how amazing this interview was but read the other comments first and saw that most everyone saw the same thing did Love her or hate her,Non_hope_speech,images_DE/DE_NHS_0589.jpg
Ah Glad this video popped out in my suggestion just in time am freshman in agriculture engineering And female At first,Hope_speech,Images_SD/SD_HS_0171.jpg
she is great engineer also want to become professor of civil engineering and teach uni students was really inspired by her great work,Hope_speech,Images_SD/SD_HS_0188.jpg
graduated as an electronics engineer in the 1970s when it was only women,Hope_speech,images/IHS_0235.jpg
Why not live stream,Non_hope_speech,images_DE/DE_NHS_0187.jpg
am really glad that Imanaged to see this video ITs nice to know that engineering is not only for nerds and geeks Its for anyone who would like to put some effort,Hope_speech,Images_SD/SD_HS_0581.jpg
Thats itnnAll lives matter no doubt,Hope_speech,Images_SD/SD_HS_0150.jpg
Nice gave birth to big poo today aswell,Non_hope_speech,images/INHS0282.jpg
The kids were adorable and so mature we need more kids like them in this world,Hope_speech,images/IHS_0197.jpg
Sunshine littlephilly hmm wasnt aware that loving my soulmate who is girl would send me to hellkinda makes me the happiest ive ever been love is beautiful no matter what form,Hope_speech,images_DE/DE_HS_0014.jpg
Can yall please stop putting labels on child Its her life,Hope_speech,images/IHS_0264.jpg
It does but In this current day and society it seems that black lives are targeted the most,Non_hope_speech,images/INHS0573.jpg
Statistics and data dont back that up,Non_hope_speech,images_DE/DE_NHS_0340.jpg
The oppressed will RISE up,Non_hope_speech,Images_SD/SD_NHS_0186.jpg
Ovi But they certainly have more female engineers than you do,Hope_speech,images_DE/DE_HS_0400.jpg
Kyougo never said or implied that was better than anyone My commment was just to show that women can be anything they want to be Dont assume things,Hope_speech,images/IHS_0646.jpg
800 know mate its shocking,Non_hope_speech,images_DE/DE_NHS_0146.jpg
Juan Williams is the most stupid person have ever seen,Non_hope_speech,images_DE/DE_NHS_0532.jpg
The anti racists are the true racists nnI was making longer comment but my browser mysteriously stopped working,Non_hope_speech,Images_SD/SD_NHS_0024.jpg
actually children act better,Non_hope_speech,Images_SD/SD_NHS_0139.jpg
know meee visit East LA and see for yourself,Non_hope_speech,images_DE/DE_NHS_0608.jpg
completely understand you This Mexican girl will keep working towards her goals though,Hope_speech,images_DE/DE_HS_0301.jpg
Do not give up hope not matter what,Hope_speech,Images_SD/SD_HS_0557.jpg
This speech is so inspirational and it has given me the motivation to push myself Thank you Debbie,Hope_speech,images/IHS_0262.jpg
Westlake Lol no,Non_hope_speech,images_DE/DE_NHS_0366.jpg
BLM is Marxist org The Communist have murdered,Non_hope_speech,images_DE/DE_NHS_0318.jpg
During school learnet that my friend was lesbian oh cool my friend is lesbian respect them,Hope_speech,images/IHS_0484.jpg
Falco Sirrus no it wasnt hypocrite,Non_hope_speech,images_DE/DE_NHS_0472.jpg
It sounds like these women are upset about being treated just like everyone else in the workforce,Non_hope_speech,Images_SD/SD_NHS_0354.jpg
agree,Non_hope_speech,images_DE/DE_NHS_0409.jpg
Kane and so onnnOh god,Non_hope_speech,images/INHS0556.jpg
If women can go into engineering without being judged,Hope_speech,Images_SD/SD_HS_0300.jpg
If they called themselves Black Lives Matter Too,Non_hope_speech,Images_SD/SD_NHS_0360.jpg
guess they gave president Trump the Ellis island award for no reason While yall fake hate crimes,Non_hope_speech,images_DE/DE_NHS_0065.jpg
If GOD VALUES ALL LIVES THE SAME AND THEN YES BLACK LIVES MATTER,Hope_speech,Images_SD/SD_HS_0119.jpg
Ik thought she would get emotional because they would be able to relate but then again sometimes it takes long time to come to terms with the weird feelings you feel so she may be repressing them theres lot of discomfort on her face throughout the video and honestly think she fears someone is going to drag her out of the closet Growing up dealt with that same kind of fear not because my family wouldnt accept me because knew they would but was scared wouldnt accept me idek if that made sense but overall she could just be fighting this internal battle that her true self hasnt fully won yet,Hope_speech,images_DE/DE_HS_0323.jpg
really hope can become an engineer and and influencer like you some day God bless,Hope_speech,images/IHS_0168.jpg
this is truly inspirational,Hope_speech,images/IHS_0396.jpg
dont believe in lying about yourself to make other people happy,Hope_speech,images/IHS_0392.jpg
some people differnt and thats ok and love is love and my church has pastor and allmost every body is part of LGBTQ and think and am bisexul and thats ok sooo what am saying is that love is love and deal with it and god would not make us if he knew we where going to change btw am olny 10 so this is very hard to wright so thx,Hope_speech,images_DE/DE_HS_0402.jpg
Steven grow up,Non_hope_speech,Images_SD/SD_NHS_0647.jpg
saw this video,Non_hope_speech,images/INHS0318.jpg
Amazing speech Really motivating,Hope_speech,images_DE/DE_HS_0304.jpg
Im fully aware that not everyone is Christian have NEVER said people have to do what God has said Its not my religion,Non_hope_speech,Images_SD/SD_NHS_0594.jpg
If said white lives matter itd be the same thing We all bleed one color,Hope_speech,Images_SD/SD_HS_0523.jpg
Its okay to be white,Non_hope_speech,Images_SD/SD_NHS_0426.jpg
Umm thats cuz adults are older and stay as they are when they were youngernnLike some 80 year olds or 90 year old people still believe that black people shouldnt have rights and thats what makes younger kids be racist,Non_hope_speech,images/INHS0034.jpg
All lives matter is better than black lives matter All lives matter included black lives,Hope_speech,Images_SD/SD_HS_0605.jpg
dont agree with homosexuality Thats like saying dont agree with French Theres nothing to agree with agree or disagree with,Hope_speech,images_DE/DE_HS_0188.jpg
Rodney king wasnt killed by Police,Non_hope_speech,images/INHS0383.jpg
You really think it wasnt CmonnTrump and his staff are just idiots oc,Non_hope_speech,Images_SD/SD_NHS_0487.jpg
1st would be Larry elder n2nd sheriff clarke,Non_hope_speech,images_DE/DE_NHS_0522.jpg
Why the hell does skin color matter so much anyway had hoped that people had moved beyond this,Hope_speech,images_DE/DE_HS_0619.jpg
These kids are really mature and understanding nThe girl with short hair probably didnt grow up in environment that allowed her to develop her own opinions and values,Hope_speech,Images_SD/SD_HS_0505.jpg
read my dads engineering magazines in my spare time other girls go shopping at the mall,Hope_speech,images/IHS_0585.jpg
Lately our lives havent carried the same weight and DIFFERENCES with how the police treat USnot yallnHence Black Lives MatternSimplenot complex,Non_hope_speech,images_DE/DE_NHS_0607.jpg
The only thing hate is hate,Non_hope_speech,images/INHS0200.jpg
remember when was 13 years old is when express your self started to come out in the 1990s and that song from Madonna made me who am to day It was song of strength,Hope_speech,Images_SD/SD_HS_0121.jpg
Because the most common thing Ive used to describe it is if your house is on fire but mine is fine why should you have fireman come help you because all houses matter saying all lives matter takes away from the problem,Hope_speech,images_DE/DE_HS_0577.jpg
Race was invented in the 17th century to divide people up and look out side now it did do that,Non_hope_speech,Images_SD/SD_NHS_0571.jpg
We all bleed the same Stop with the Radical Fascist Liberal Left Political Pandering ALL LIVES MATTER We are all created by one true God in his image We need to stop with all the hate Period,Hope_speech,images_DE/DE_HS_0028.jpg
Please protest safely,Hope_speech,images_DE/DE_HS_0076.jpg
All lives matter as 2Pac once said all lives matter,Non_hope_speech,images/INHS0504.jpg
AMEN thats the truth Jesus told us to love,Hope_speech,images/IHS_0271.jpg
game developer im game player can play with you give more life in any game,Hope_speech,images/IHS_0340.jpg
Its so nice seeing the these comments Im pan myself and it always makes me so happy seeing others like me,Hope_speech,Images_SD/SD_HS_0242.jpg
Bone who was,Non_hope_speech,Images_SD/SD_NHS_0540.jpg
Who said it was controversial to say Theres nothing wrong with saying that The only reason that Black groups went out with signs that said Black lives matter at those anti police brutality protest rallies,Non_hope_speech,images_DE/DE_NHS_0189.jpg
completely agree If you have natural interest in given topic,Non_hope_speech,Images_SD/SD_NHS_0135.jpg
Racism needs to stop,Hope_speech,images/IHS_0127.jpg
Thank You For All YOUVE Done for Our Community,Hope_speech,Images_SD/SD_HS_0506.jpg
After all its about muh feels How do these women even get out of bed in the morning Life is hard for the,Non_hope_speech,images/INHS0114.jpg
They are selfhating hypocrites that hide under religious righteousness ignore them,Non_hope_speech,images/INHS0415.jpg
The kid who said he chose to love is very smart and mature for his age to say something like that Its nice to see that there are still kids like that who believe in being kind to one another and not trying to fit in if it means being mean,Hope_speech,images_DE/DE_HS_0643.jpg
Shrodinger Kat youre saying that people are entitled to Religion but youre also saying that they cant actually adopt the full beliefs of their religion even the ones you may personally disagree with or society may disagree with,Non_hope_speech,Images_SD/SD_NHS_0335.jpg
Korean Voice if you really think all lives matter then there should be no reason for you to have an issue with people saying Black Lives Matter,Non_hope_speech,images/INHS0172.jpg
Im STEM student and really wanted to be civil engineer,Hope_speech,Images_SD/SD_HS_0157.jpg
Are you going against black lives matter,Non_hope_speech,Images_SD/SD_NHS_0015.jpg
This is what am thinking We as society sweep so much under the carpet that it is actually sickening,Non_hope_speech,images/INHS0228.jpg
nHi Im recent aerospace engineering graduate from UK There were only few girls in our department You know what Instead of set aside,Non_hope_speech,Images_SD/SD_NHS_0311.jpg
umm sis you look like you just came out of mcr concert,Non_hope_speech,images_DE/DE_NHS_0103.jpg
Nettie Holmes brother it is called joke,Non_hope_speech,Images_SD/SD_NHS_0023.jpg
would be killed in conversion therapy because Im proud lesbian and Im not gonna lie about being lesbain Beat me all you want,Hope_speech,images_DE/DE_HS_0003.jpg
PJ Davis Spiritual Warfare Music yes they donEveryone is equalnThe founding fathers wrote thatnThink Jesus said that as well,Non_hope_speech,images/INHS0495.jpg
Thats true actually,Non_hope_speech,Images_SD/SD_NHS_0514.jpg
All Lives Matter,Hope_speech,images/IHS_0608.jpg
Ineedthat incredible jacket shes wearing,Non_hope_speech,Images_SD/SD_NHS_0289.jpg
omg we are the people All LIFES ARE important,Hope_speech,Images_SD/SD_HS_0483.jpg
Ohhh would have loved that game Thank you for marketing construction toys to girls Ive always loved them as little girl,Hope_speech,images_DE/DE_HS_0080.jpg
ITS WAY PAST TIME TO END THAT RACIST BUSINESS WE ARE ONE RACE MADE BY GOD IN IS IMAGE RACIST NOT GOOD,Hope_speech,images/IHS_0452.jpg
RL Noob ikr that audience is happy and all when someone stands for their own race but when its different race they get all defensive and make themselves look like the victim,Non_hope_speech,Images_SD/SD_NHS_0475.jpg
Nowhat theyre saying is black lives matter as much as everyone elses lives,Non_hope_speech,images_DE/DE_NHS_0595.jpg
What instrument do you play,Non_hope_speech,Images_SD/SD_NHS_0452.jpg
wouldnt say Im AGAINST homophobia and people who are homosexual also part of the LGBTQ community as AGAINST is too much of strong word dont agree with it,Hope_speech,images_DE/DE_HS_0359.jpg
am christian but cannot understand how anybody who use such techniques can call himself also christian Im actually blown away by the information found out in this video How it could be possibly legal Beating anybody with bible Come on,Non_hope_speech,images_DE/DE_NHS_0534.jpg
ALL LIVES MATTRESS WHITE BLACK RED BROWN YELLOWnHELL EVEN WORMS MnGET THE FCK OVER ITWE ALL ARE EQUAL BITCOIN ABOUT,Hope_speech,images_DE/DE_HS_0083.jpg
fan 167 black people above all in the world,Non_hope_speech,images/INHS0239.jpg
Ancient Soul oh Lord dont think youll ever understand Theres specific context in which the black lives matter movement arose Because black people were being killed and there were multiple incidents of the same type of thing What exactly is the context for the all lives matter movement and focusing on the whole world It was only created as combatant otherwise it wouldnt even exist No one is blaming white people Were saying stop killing black people unjustly Thats it Obviously there are other problems going Probably more important ones too But are people not allowed to stand up for themselves without being attacked Would you not like to be able to stand up for yourself without being opposed Thats all this is about but sadly dont think youll be able to understand no matter which way put it,Hope_speech,images/IHS_0326.jpg
Not agreeing with someones sexuality is like not agreeing with someones skin colour Its part of who they are nnIs there an aversion therapy for being heterosexual,Hope_speech,Images_SD/SD_HS_0386.jpg
This woman changed the world and keeps changing it Including my life Thank you,Hope_speech,Images_SD/SD_HS_0081.jpg
Donald Trumps father is affiliated with KKK,Non_hope_speech,images/INHS0381.jpg
Oh and by the way Im black hispanic,Non_hope_speech,Images_SD/SD_NHS_0314.jpg
In general Im inclined to believe people when they say they are being mistreated Especially when these signals are coming constantlynIm not in their shoes and cant pass judgement on what they should,Hope_speech,images_DE/DE_HS_0498.jpg
Wow Hope black people dont get covid 19 cause hospitals are refusing to treat black people Hospitals are treating whites only Stay safe BLM dont catch coronavirus,Non_hope_speech,images/INHS0152.jpg
All Lives Matter The color does not determine persons worth,Hope_speech,Images_SD/SD_HS_0038.jpg
Lives Matter If you have to have color before those two words youre racist,Hope_speech,Images_SD/SD_HS_0105.jpg
Tian Im with you sis Im half Asian and latinos is time to stand up for our other minorities ouse they matter as well ALL LIVES MATTERS,Hope_speech,Images_SD/SD_HS_0016.jpg
This particular moment isnt about all lives Right now we are dealing particularly with the way BLACK LIVES have been devalued Imagine if your special needs kid gets bullied and as counselor send him to school prepared with the saying hey my feelings matter Imagine teacher calling you saying dont like that because all of the kids feelings matter Youd be upset Of course all of the kids matter but right now,Non_hope_speech,images/INHS0505.jpg
Black lives matter is the honoured group in the same way Caitlyn Jenner was Woman of the Year,Hope_speech,images/IHS_0556.jpg
theyre are very few now if days mostly republicans who are Christian are saying its sin at least where live,Non_hope_speech,Images_SD/SD_NHS_0096.jpg
Alm has political undertones that counter blms motives love how everyone just takes the slogan all lives matter at face value and then completely switches up these standards by putting extra meaning on the slogan black lives matter If anything is racist,Non_hope_speech,images/INHS0175.jpg
This is really my favourite singer Shes still very strong even with all the bad things she had to fight against,Hope_speech,images/IHS_0269.jpg
All Lives Matter,Hope_speech,Images_SD/SD_HS_0303.jpg
Ditto my man,Non_hope_speech,images/INHS0268.jpg
Are most engineering classes filled with mostly men think physics and maths classes have same ratio from men to women cant choose whether should study maths or physics lol,Non_hope_speech,images_DE/DE_NHS_0110.jpg
How is stealing somebody elses work stupid reason,Non_hope_speech,images/INHS0272.jpg
So basically if youre not black,Non_hope_speech,images/INHS0458.jpg
Im black woman from another country have sisters that are white,Non_hope_speech,images/INHS0621.jpg
alice dees nAnd this is what democrats mean when they say republicans are ignorant,Non_hope_speech,images_DE/DE_NHS_0284.jpg
People like you are the problem,Non_hope_speech,images/INHS0095.jpg
Dont stop fighting Silence is violence We cant breath Am next,Non_hope_speech,images/INHS0639.jpg
Randall Sims Who are the way that youre speaking about,Non_hope_speech,images/INHS0348.jpg
think Canada has pretty good Muslim community for the most part At least if Islam reformed like Canadian Muslims it probably would be fine think But still think almost all religion is cancer,Hope_speech,images_DE/DE_HS_0220.jpg
God gave us all the gift of life,Hope_speech,Images_SD/SD_HS_0127.jpg
Im lesbian and Christian and think thats completely okayGod doesnt hate anybody,Hope_speech,Images_SD/SD_HS_0210.jpg
Truly said That what was waiting for To let the world realize about girls and engineering,Hope_speech,images/IHS_0176.jpg
wanna be an engineer but suck at math But like chemistry and physics,Hope_speech,images_DE/DE_HS_0553.jpg
my choice is to love,Hope_speech,images/IHS_0245.jpg
Chlopakzpolski Yes it is incorrect,Non_hope_speech,images_DE/DE_NHS_0053.jpg
All lives matter isnt movement nAll lives matter is statement EVERY LIVE MATTERS Why is that so hard,Hope_speech,images_DE/DE_HS_0269.jpg
All lives matter if theyre good person,Hope_speech,Images_SD/SD_HS_0129.jpg
Griffin god is not our creator hes is figure conjured up by the human mind to explain things that long time ago we didnt understand like how we came to be and how the earth was formed,Non_hope_speech,Images_SD/SD_NHS_0064.jpg
dont see how its not racist to boo man that says all lives matter because all lives do matter so if were to say only white lives matter that is definitely racist but its okay to say that only black lives matter think on that for minute this country is messed up right now and if we hate it that bad then its pretty easy just go somewhere else,Non_hope_speech,images_DE/DE_NHS_0375.jpg
want you to know that watched this video when was ten years old right when it came out have never been more grateful for video Since watched this have changed my entire trajectory All of my goals and everything spend my time on is to become an engineer am now Junior in high school and have been on robotics team for years spend my time teaching other people about engineering and doing outreach events to inspire young kids to go into STEM am in PreEngineering program created STEAM event to teach kids how art and STEM are related have done all of this because of this single video All the time and energy that have put in did because of this video Thank you so much you gave me passion didnt know had and it has changed my entire life know you wont see this but feel in debt to you and needed to thank you,Hope_speech,images/IHS_0183.jpg
Three words spoken every four years in the hopes it will propel you to the white houseexcept if you live in Chicago,Non_hope_speech,images_DE/DE_NHS_0458.jpg
Choke on bag of spoiled clits Please and thank you,Non_hope_speech,images/INHS0489.jpg
Within the first few seconds of the video,Non_hope_speech,images_DE/DE_NHS_0576.jpg
said tech not STEMnnItd kinda hard to give or even collect stats on something like that Any study that tried to show it would be called sexist and lot of the tech people encounter,Non_hope_speech,Images_SD/SD_NHS_0549.jpg
All lives matter agreenThough Im sure some people would say that the statement also persists to the unborn with abortion just throwing that out there,Hope_speech,images_DE/DE_HS_0118.jpg
Ive met good cops and bad And trust me they dont care what color you are The bad ones are about pain,Non_hope_speech,images/INHS0231.jpg
Men think with their brains and women think with their emotionsnnThinking with emotions is semantically invalid statement If you mean to say that women react impulsively to their emotions,Non_hope_speech,Images_SD/SD_NHS_0451.jpg
say it differently Human lives matter If only black lives matter then someone is racistnWhen pull man out of ditch hes not white or black or brown,Hope_speech,Images_SD/SD_HS_0274.jpg
The Democratic Party is more dangerous to America than ISIS,Hope_speech,Images_SD/SD_HS_0101.jpg
Dont think they are wearing masks because of the virus tho,Non_hope_speech,images_DE/DE_NHS_0297.jpg
want you to Google sexist and point out part of society that is not sexist,Non_hope_speech,images_DE/DE_NHS_0492.jpg
carrot is vegetable Does saying that make broccoli or celery less of vegetable No Saying carroist  vegetable is not changing anything with the fact that broccoli is vegetablennBlack lives matter Does saying that make white lives matter No If you think differently,Non_hope_speech,images/INHS0135.jpg
These people only care about their own agendas,Non_hope_speech,images/INHS0046.jpg
If had walk in closet would be in their ALOT nEdit,Non_hope_speech,Images_SD/SD_NHS_0070.jpg
This is so inspirational to female engineers like myself Almost cried out of happiness Thank you for this,Hope_speech,images_DE/DE_HS_0468.jpg
it isnt all lives matter,Hope_speech,images/IHS_0358.jpg
cried while watching this video Clearly pain is being reflected in every word when the guy was talking about abuse There are so many evil people in this world hope no one ever goes through such pain at early age in their lifenThank you HiHo for creating this video Im learning lot also showed this video to my little sisters and now they have also subscribed to your channel,Hope_speech,images_DE/DE_HS_0174.jpg
Some Random Girl Im sorry youre in the situation hope that youll find an environment that is accepting,Hope_speech,Images_SD/SD_HS_0477.jpg
Injustice anywhere is threat to justice everywhere Martin Luther King Jr,Hope_speech,images_DE/DE_HS_0607.jpg
Okey so all my life Ive wanted to be writer or actress,Non_hope_speech,Images_SD/SD_NHS_0061.jpg
Im so proud of you keep your head high and keep fighting for your dreamswe need women in science we,Hope_speech,Images_SD/SD_HS_0132.jpg
We all cannot dismiss the influence she has had in the progress for change in LGBTQ rights,Hope_speech,images_DE/DE_HS_0478.jpg
How did it go Please dont give up,Hope_speech,Images_SD/SD_HS_0611.jpg
Zoldyk npeople will hate you more if you riot It is not the answer,Non_hope_speech,images/INHS0568.jpg
Its not choice to feel attracted to someone,Hope_speech,images_DE/DE_HS_0306.jpg
openworld poland never said only black people and clearly state that all forms of racism should be stamped out,Non_hope_speech,images_DE/DE_NHS_0309.jpg
KEEP PEACE AND LOVE YOUR HEARTS,Hope_speech,Images_SD/SD_HS_0221.jpg
leaving the world isnt as scary as it sounds,Non_hope_speech,Images_SD/SD_NHS_0043.jpg
of Nibiru why not were being forced to care about George Floyd who was just violent thug anyways,Non_hope_speech,images_DE/DE_NHS_0464.jpg
My parents gave my brother all the next latest and greatest electronics that were coming out during early 2000s and they use to give me all the pretty dolls and role play toys typical for girls nThey thought he was going to be programmer cuz he played lot of computer games but he decided to major in art and majored in computer science lol didnt even know liked programming until took an intro cs course during my senior year of high school nI always knew had kind of an engineering mentality growing up because liked taking scraps from the recycling bin and building random things from it even made houses for my dolls and ignored the store bought doll house my parents gave to me for my birthdaynThis really inspires and reassures me that Im making the right choices for my path might even consider after complete my computer science degree to go pursue engineering as well,Hope_speech,images_DE/DE_HS_0493.jpg
Judging others Who do you think you are,Non_hope_speech,images/INHS0363.jpg
say it all the time and will again ALL LIVES MATER,Hope_speech,images_DE/DE_HS_0132.jpg
Im teenage girl and want to become an engineer Never have thought its boys thing,Hope_speech,images_DE/DE_HS_0529.jpg
right all lives matter but black lives matter THE MOST Right now,Non_hope_speech,images_DE/DE_NHS_0303.jpg
Nobody was saying All Lives Matter until Black Lives Matter Its protest against protest,Non_hope_speech,images_DE/DE_NHS_0586.jpg
All lives mater,Hope_speech,images/IHS_0233.jpg
But not in asia tho,Non_hope_speech,Images_SD/SD_NHS_0048.jpg
Jesse Pollack some people just dont get it as long as they stay in their corner you stay in your corner,Non_hope_speech,Images_SD/SD_NHS_0053.jpg
Saying Black Lives Matter doesnt mean Screw everyone else who isnt black Why dont White Americans get thatnThe fact that group of people have to stand in protest and practically scream Hey We deserve the right to life because of the recent publicly exposed police brutality should be the concern here Saying All lives matter is unnecessary and is doing an injustice to Black Americans If all lives truly mattered then Black Lives Matter wouldnt be movement so necessary today,Hope_speech,images_DE/DE_HS_0351.jpg
That boy who wanted advice on how to be there for his friend was so sweet hope he never changes and stays just as sweet and kind when he grows up,Hope_speech,images/IHS_0364.jpg
What dont understand about most of these comments is that people are saying that girls with short hair are automatically lesbians or the clothes theyre wearing Looks dont Define Who You Are It doesnt mean if girl has short hair or if theyre clothes not girly enough doesnt mean girls are automatically lesbians You cant just put label on someone and call them something that they are not without knowing their real lives and stories,Hope_speech,Images_SD/SD_HS_0404.jpg
Tagerius thank you for using your time up to try and help some people learn about the abuse people suffer under conversion therapy and how ineffective it is,Hope_speech,images_DE/DE_HS_0122.jpg
Its not choice,Non_hope_speech,images/INHS0291.jpg
maybe because they are facing worse than systemic racism Civil wars in africa Famine in yemen Slaughter of palestine by israel slums in india,Non_hope_speech,images/INHS0045.jpg
Some One was thinking the same thing was like wth,Non_hope_speech,images/INHS0132.jpg
Bear ahhhh did the great Obama hurt your ego,Non_hope_speech,Images_SD/SD_NHS_0585.jpg
or maybe possibly straight,Non_hope_speech,Images_SD/SD_NHS_0508.jpg
He is right,Non_hope_speech,images/INHS0053.jpg
ah im in tears hes such strong person for always being unapologetically himself,Non_hope_speech,images/INHS0126.jpg
Im senior high school girl want to become successful civil engineer This talk gives me courage Thanks debbie you inspire me more,Hope_speech,Images_SD/SD_HS_0123.jpg
doubt everyone in the world would choose to be homosexual so calm down honey,Non_hope_speech,Images_SD/SD_NHS_0468.jpg
Ugh the party is so pathetic and cowardly,Non_hope_speech,images_DE/DE_NHS_0484.jpg
Can we also agree that choice given to ONLY two people,Hope_speech,images/IHS_0337.jpg
Democrats are the reason our country WILL fall,Non_hope_speech,images_DE/DE_NHS_0337.jpg
If all lives mattered there would be no poverty or killingMatters to WhoBL The Struggle,Hope_speech,images/IHS_0483.jpg
king zafr the greatest it does,Non_hope_speech,images_DE/DE_NHS_0639.jpg
dont know why cried after watching this Maybe because feel what she felt during the times she almost give up because of the peer pressure and perspective of other people But kept saying to myself that am worthy of being successful engineer Truly this makes me more appreciate what girls can do,Hope_speech,images/IHS_0258.jpg
Starting Haha they are my best guy friend is black and he brought home half white half asian gf and his mom did not approve,Non_hope_speech,images_DE/DE_NHS_0150.jpg
Jones heres the link to the video,Non_hope_speech,images_DE/DE_NHS_0088.jpg
The word survivor is kinda being over usedmiss used When think someone survived something assume they almost died know conversion therapy is terrible,Hope_speech,Images_SD/SD_HS_0279.jpg
came out to my father on October 11,Hope_speech,images/IHS_0070.jpg
kind gentle man has to endure torture because he just prefers his own gender Whatever sexual acts he does at least 90 of heterosexual women do for their partners also Why is it so terrible What is wrong with religious people to condemn something that is neither bad or unnatural The profess to be the religion of love yet are so hateful and intolerant,Hope_speech,images_DE/DE_HS_0158.jpg
ofaboosting 129 lies,Non_hope_speech,images_DE/DE_NHS_0215.jpg
Omg he came out to himself when he was 13 same as me omg awesome,Hope_speech,images_DE/DE_HS_0324.jpg
Shiroyuki oh really so the officer who put his knee of Flyods neck wouldve done it to white guy when this officer has record of being racist and killing minorities,Non_hope_speech,images_DE/DE_NHS_0272.jpg
When blacks come into say the uk we dont force them to worship christian religion or any for that matter but if the white man goes to muslim country we have to ABIDE by there rules black lives matter phshhht,Non_hope_speech,Images_SD/SD_NHS_0537.jpg
He actually supported and endowed schools,Non_hope_speech,images/INHS0359.jpg
Im white to start off and dont think saying black lives matter is racist black people never said white lives dont matter there sticking up for there self like if your kid dies and someone comes in and says all kids lives matter calmed down people and help your fellow humans to have same rights as everyone its not right to hate someone because of color mean come on color wow,Hope_speech,images_DE/DE_HS_0073.jpg
Sunshine littlephilly ok so you have an opinion but oh my god this was comment that cant leave alone as member of LGBT feel like this is very nOffensive we should not need to change who we are to make others happy and we will not change our sexuality or identity for anything thank you Im just sayin,Hope_speech,images_DE/DE_HS_0460.jpg
Its really hard to relish this slogan because it has been politicized in way that condemns blm and its motives as whole,Non_hope_speech,Images_SD/SD_NHS_0474.jpg
Nersai Jeden How about the suffering of Asian people during WW2 How about the suffering of the Palestinian Do you know who sold the slavery to the white people,Non_hope_speech,images/INHS0283.jpg
AND SHE HAS SHORT HAIR IM,Non_hope_speech,images/INHS0581.jpg
Hiho Kids you guys are doing amazing work Once again Im so happy and grateful that you guys are expressing what goes around and coming into this world Kids need to know what goes around and understand what LGBTQ COMMUNITY and people who comes out and share what they went through their lives Such awesome Message that you all are showing,Hope_speech,images_DE/DE_HS_0089.jpg
Thank you to everyone taking part in the BLM movement even if its just listening nnThis movement is not for selfish cause Black people are being penalized and executed and we desperately need your help to stop the bleeding nNo one is asking for handout We simply want justice and fairness for all race nnThank you,Non_hope_speech,images/INHS0612.jpg
am so glad that you made your toy wouldnt have extended my love for science feel like dont fit in at school sometimes,Hope_speech,images/IHS_0534.jpg
Ummm read her brothers book,Non_hope_speech,Images_SD/SD_NHS_0538.jpg
Most female engineers work with are not native USA Austrian,Hope_speech,images_DE/DE_HS_0334.jpg
She could be queer and believe homosexuality is choice Those dont relate,Hope_speech,images/IHS_0238.jpg
does not give those clowns the right to criminal acts,Non_hope_speech,images/INHS0048.jpg
saw this video years ago And now Its my last year of civil engineering Thank you,Hope_speech,images/IHS_0162.jpg
Tank Its not about whats wrong with playing with Barbie dolls Shes trying to emphasize on how girls are trained expected to not go into the STEM field How people think that girls arent smart enough for it although facts say the opposite,Hope_speech,images_DE/DE_HS_0645.jpg
Yip the British stopped the slave trade in muslim countries toonAt great personal costnMuslims had slaves and still do in Africa,Non_hope_speech,images/INHS0449.jpg
use your brain Great Big Story,Non_hope_speech,Images_SD/SD_NHS_0340.jpg
Mandonna is my favorite artist,Non_hope_speech,images/INHS0205.jpg
Every life is equal,Hope_speech,Images_SD/SD_HS_0130.jpg
TheNatureLover oh okay Thanks for clearing that up,Non_hope_speech,Images_SD/SD_NHS_0173.jpg
Staged and facilitated,Non_hope_speech,Images_SD/SD_NHS_0246.jpg
and for david dorn its exactly what said they want violence,Non_hope_speech,images_DE/DE_NHS_0481.jpg
cant we just be excellent to each other and party on,Non_hope_speech,Images_SD/SD_NHS_0254.jpg
Stranger Here who isnt,Non_hope_speech,Images_SD/SD_NHS_0430.jpg
BLM has always had the same agenda,Non_hope_speech,images/INHS0124.jpg
queen to the LGBTQ Community,Hope_speech,images_DE/DE_HS_0054.jpg
In my school,Non_hope_speech,images_DE/DE_NHS_0621.jpg
yes yes it is these lads needs some more masks,Non_hope_speech,images/INHS0496.jpg
Omggg these kids give me hope for humanity,Hope_speech,Images_SD/SD_HS_0237.jpg
The word racist is so overused its lost its meaning its actually funny when someone calls another racist for just walking down the street if the word racist didnt exist you all yes said YOU ALL would HAVE NOTHING and al Sharpton would be broke,Non_hope_speech,images/INHS0321.jpg
Whatever happened to Clarke,Non_hope_speech,images/INHS0051.jpg
His voice makes my throat hurt,Hope_speech,Images_SD/SD_HS_0215.jpg
Its good that YOU think ALL lives matter,Hope_speech,images/IHS_0020.jpg
totally agree all lives matter,Hope_speech,Images_SD/SD_HS_0599.jpg
Im middle aged working class white with no savings To me it seems that no lives matter because only money matters This is distraction,Non_hope_speech,Images_SD/SD_NHS_0592.jpg
God bless So happy that got out of all that stronger person God is love And love is love,Hope_speech,Images_SD/SD_HS_0106.jpg
have always loved her and her soul Madonna you are amazingly inspirational,Hope_speech,Images_SD/SD_HS_0413.jpg
my choice is to love nnmy heart3,Hope_speech,images_DE/DE_HS_0104.jpg
Gods Word Matters until people get serious about God work live according to His Word,Hope_speech,images_DE/DE_HS_0461.jpg
Somewhere along the line Dems are funding these goalless protests,Non_hope_speech,Images_SD/SD_NHS_0121.jpg
my choice is to love GIVE THIS KID SOME PRICE FOR THE BEST SENTENCE EVER,Hope_speech,Images_SD/SD_HS_0526.jpg
Who else watches Raphael GomesnnnnnTotally random question lol,Non_hope_speech,images_DE/DE_NHS_0601.jpg
ALL LIVES MATTERnHey,Hope_speech,images_DE/DE_HS_0435.jpg
Great Thoughts with positive outcomes and Inspiring new generation,Hope_speech,Images_SD/SD_HS_0592.jpg
Why not they burned our history we are the creators of the world,Non_hope_speech,Images_SD/SD_NHS_0159.jpg
The problems is that one doesnt negate the other If All Lives Matter then what is the problem with saying Black Lives Matter or Blue Lives Matter They are part of the All am correct Not like when the constitution said We hold these truths to be selfevident,Hope_speech,Images_SD/SD_HS_0418.jpg
didnt know that there was stereotype that Lego toys were for boys thought everyone has them,Hope_speech,images/IHS_0618.jpg
am so inspired by you Thank you for creating an amazing product for amazing girls and thank you for sharing your story You are beautiful speaker and beautiful person,Hope_speech,images_DE/DE_HS_0109.jpg
All Lives Matter,Hope_speech,Images_SD/SD_HS_0518.jpg
Human Lives Matter Colour dus not,Hope_speech,images/IHS_0348.jpg
All lives matter Democrats do nothing for black lives matter Dont be fooled Americans,Non_hope_speech,images/INHS0219.jpg
Jim Byrne what you just said is literally so racist and offensive:woozy face:,Non_hope_speech,Images_SD/SD_NHS_0411.jpg
India has Hindu Extremist Government,Non_hope_speech,images/INHS0494.jpg
They do but,Non_hope_speech,Images_SD/SD_NHS_0492.jpg
Yeah Most of whats presented are the bad news,Non_hope_speech,images_DE/DE_NHS_0628.jpg
And thats what destroys and causes fights amongst us Lack of respect to simply let the other side share their POV,Non_hope_speech,images/INHS0384.jpg
Its actually rehabilitation just like an addict they under go rehabilitation,Non_hope_speech,images/INHS0563.jpg
God Pro life Pro Gun but both at the end of the day have unfounded beliefs,Non_hope_speech,Images_SD/SD_NHS_0207.jpg
Anti white to some people means black people dont want to be slaves Racist miss the old days when people knew their place When black people resist racism they are antiWhite LOL,Non_hope_speech,images/INHS0069.jpg
You have to check out the trailer for imperium all the easily offended are coming out of their hidey holes Its sad Just scroll through the comments and you will find cancer its disgusting to see people find way to hate movie that is purposefully being as neutral as possible while also making statement on the worlds problems Please want to see your opinion,Hope_speech,Images_SD/SD_HS_0247.jpg
At one point he explicitly told his Secretary of State for India,Non_hope_speech,images_DE/DE_NHS_0433.jpg
this inspires me so much have so much creativity would love to share love art im just not the best at math and dont want that to stop me like it didnt stop you,Hope_speech,images/IHS_0359.jpg
Galloway truth And we really dont even hear what they are learning in schools,Non_hope_speech,images/INHS0325.jpg
No not really,Non_hope_speech,images/INHS0557.jpg
Focus on the demand and not the supply,Non_hope_speech,Images_SD/SD_NHS_0481.jpg
Winter Soldier thanks,Non_hope_speech,images/INHS0617.jpg
guess the key was not giving up after the 2nd big rejection Toy Fair Theres probably lesson in this go to the internet first much bigger and wider audience,Non_hope_speech,images/INHS0086.jpg
All lives matter There said it God bless you sir dont know you from diddly squat have respect for you Because you wear the badge and the uniform You come across all kinds of people good or bad God bless you and men and women that are in law enforcement Some cops do good no matter what There is good and bad in all people Just remember folks we bleed the same color God bless the USA We need his blessings bad,Hope_speech,Images_SD/SD_HS_0472.jpg
God gave me choice and my choice is to love omg he was so pure wanna raise my kid to be like that kid Whoever his parent is,Hope_speech,Images_SD/SD_HS_0502.jpg
know right it feels horrible to have someone assume your sexuality,Non_hope_speech,Images_SD/SD_NHS_0415.jpg
All lives matter and thats it period,Hope_speech,images/IHS_0387.jpg
As we see nearly years on,Non_hope_speech,Images_SD/SD_NHS_0616.jpg
This is good officer we need more like him,Non_hope_speech,Images_SD/SD_NHS_0114.jpg
busterud You are missing my point find it impossible to understand that movement that is trying to redress inequality has main banner statement of inequality am not putting the importance of any race over any other The statement White Lives Matter is just as wrong as Black Lives Matter am sure the movement has some valid points but the cause is not helped by provocative banner All Lives Matter would be perfect for the movement because it wouldnt diminish the impact and it would show absolute unity and equal opportunity for everyone going forward believe this would garner additional support from all areas of all communities,Hope_speech,images/IHS_0499.jpg
nYoure more logical than some others,Non_hope_speech,images/INHS0356.jpg
dont understand this you have to respect their opinion Sure,Non_hope_speech,images/INHS0148.jpg
We dont want race war,Hope_speech,images_DE/DE_HS_0354.jpg
Change equals ChallengenThis woman has delivered thousands of quick and witty lines over the past four decadesnBut,Hope_speech,images/IHS_0575.jpg
Are there other statues of slave traders still up in the UK They should all be removed immediately It is shameful that they were ever even put up in the first place,Non_hope_speech,Images_SD/SD_NHS_0122.jpg
leila lalala :thinking face:maybe Ive never given it much thought,Non_hope_speech,Images_SD/SD_NHS_0184.jpg
want the Demon of homosexuality to DM me,Non_hope_speech,Images_SD/SD_NHS_0513.jpg
blm will never matter,Non_hope_speech,Images_SD/SD_NHS_0235.jpg
Well people out there in America all lives MATTERS,Hope_speech,images_DE/DE_HS_0116.jpg
Obviously all lives matter the movement is saying that their lives AlSO matter When black people are being targeted and their trying to state that theyre black lives matter,Hope_speech,Images_SD/SD_HS_0503.jpg
did you know black and white are not colors they are shades go try reading book and learn,Non_hope_speech,Images_SD/SD_NHS_0273.jpg
want to believe blm will forget and we will live in peace,Non_hope_speech,images_DE/DE_NHS_0108.jpg
Beating someone with Bible Have they ever actually read the book To say nothing of the fact that beating someone to get them to do something is liable to make them more determined not to Of course it doesnt work anyone who expects otherwise is kidding himself,Hope_speech,Images_SD/SD_HS_0330.jpg
feel sorry for him but he needs to stand up and say ALL LIVES MATTER,Hope_speech,images/IHS_0545.jpg
black lives matter is racist orginization and should be treated as domestic terrorists,Non_hope_speech,images_DE/DE_NHS_0310.jpg
thanks for encouraging me to fight with dignity once again appreciation to the tips and real life facts Respect,Hope_speech,images_DE/DE_HS_0412.jpg
So emotional watching this Im not black but felt that why should they have to walk past that filth every day and in this day and age when they are still prosecuted every day for just having differnt shade of skin colour the most beautiful and diverse of all colours it makes me sick to think they suffer systematic racism every day wee are this isnt black against white this is united wee are united its right against wrong and wee unite together wee see if for what it really is Stay safe protesters,Hope_speech,images/IHS_0165.jpg
You should be,Non_hope_speech,images_DE/DE_NHS_0557.jpg
The stupid person bring it on he wood rather protests and die with the virus when he gets sick hope he dose not expect the doctor and nurses to look after him prat,Non_hope_speech,images/INHS0100.jpg
Hello read some of the comments on this video and got inspired to share my story too love in England and am currently in my first year of college and Im studying engineering In my college there are four classes and ended up in class where there are 23 boys and Im the only girl It was really scary at first because am already very shy girl and struggle with talking to new people sometimes,Hope_speech,images_DE/DE_HS_0265.jpg
All Lives Matter,Hope_speech,images/IHS_0594.jpg
So glad she didnt end up like so many celebrities have like,Non_hope_speech,Images_SD/SD_NHS_0643.jpg
am pursuing electrical engineering and donno why this brought me in tears,Hope_speech,Images_SD/SD_HS_0050.jpg
Aguirre no where in the bible does it say single time we are not to judge it says we are not to act on that judgement part from preaching the gosple and praying for the sinners soul,Non_hope_speech,images_DE/DE_NHS_0538.jpg
Thats sad tho,Non_hope_speech,images/INHS0588.jpg
That would just be ehpure mean omg that little girl is so adorable,Non_hope_speech,images/INHS0076.jpg
God is not partial all lives matter even those that dont know Him,Non_hope_speech,Images_SD/SD_NHS_0244.jpg
Feel like modern day slave when go to work,Non_hope_speech,images_DE/DE_NHS_0060.jpg
so youre just an actual racist then,Non_hope_speech,images_DE/DE_NHS_0258.jpg
MrCosmin94 its sad youre so ignorant Im legit agnostic and anyone that can make such an assumption against all possible evidence in universe that has no reason to exist That merely exists as probably of 11trillion to the 13th powerwhich shatters the laws of probability according to Stephen hawking and to deny any sort of evidence from the philosophical world,Non_hope_speech,Images_SD/SD_NHS_0245.jpg
All lives do matter we are all human beings after all,Hope_speech,images_DE/DE_HS_0545.jpg
feel like just the thought of conversion therapy even though my parents dont believe in that at all,Hope_speech,images_DE/DE_HS_0087.jpg
Major issue still exist in our suburbs Especially Hatfield,Non_hope_speech,Images_SD/SD_NHS_0553.jpg
mensah Get Over Yourself because we all live and die Just look for PEOPLE NOT COLOR,Hope_speech,Images_SD/SD_HS_0640.jpg
thought all lives mattered,Hope_speech,Images_SD/SD_HS_0588.jpg
am female engineer and this made me cry This woman is awesome and inspiring nAlmost sorry that im going to do economics from now on,Hope_speech,images/IHS_0504.jpg
Someone coined term to bring light to an issue However others want to change the term that ends up deflecting the purpose of the term Cause we are trying to make you focus on lives that others dont think matter which is black lives,Non_hope_speech,images_DE/DE_NHS_0122.jpg
OMG shes still alive,Non_hope_speech,images/INHS0491.jpg
dont agree with homosexuality boy someone ought to teach you some manners Nah but seriously people need to realize that this is not choice have classmate who is bisexual its girl and she absolutely loves girls but she cant be in an open relationship because her parents would despise her if they ever found out Being against someone who is LGBT is basically being against peoples existence and everyone has the right to live their lives as they see fit Of course just because you are certain way right at this moment doesnt mean you are destined to be that way forever,Hope_speech,images_DE/DE_HS_0515.jpg
It should be all lives matter,Hope_speech,images_DE/DE_HS_0129.jpg
What dont like about this interview is that she doesnt own being heterosexual who supports the LGBTQ community She is straight children and all But maybe she believes love is love Either way lots of straight people liked her music as well wish all people the best All lives matter,Hope_speech,images_DE/DE_HS_0279.jpg
agree She seems to be in denial Being homosexual is not choice did not choose to be heterosexual,Hope_speech,Images_SD/SD_HS_0527.jpg
Racism is just shit thing that came from everywhere that had or more races,Hope_speech,images/IHS_0406.jpg
Being Racist to Fight Racism Isnt that Promoting Supporting Racism It Should Be All Lives Matter,Non_hope_speech,images/INHS0528.jpg
Skate wow taking every joke in life seriously,Non_hope_speech,images/INHS0171.jpg
ALL LIVES MATTERnALL LIVES MATTERnALL LIVES MATTERnALL LIVES MATTERnALL LIVES MATTERnALL LIVES MATTERnALL LIVES MATTERnALL LIVES MATTERnALL LIVES MATTERnIts not controversial when you pay taxes,Hope_speech,Images_SD/SD_HS_0394.jpg
Engineering is for peoplennnI remember my intern days,Non_hope_speech,images_DE/DE_NHS_0223.jpg
The Constitution matters because if followed everyone is equal under the foundation of the constitution United we stand divided we fall,Hope_speech,images/IHS_0615.jpg
Sasha Dumse God accepts everyone,Hope_speech,images/IHS_0160.jpg
Please dont um just dont tell anyone what sexuality they have or like give her few years cause honestly thats just kinda wrong isnt it like its kinda when people say to bisexual people oh,Non_hope_speech,images_DE/DE_NHS_0620.jpg
Eternal lifes matter,Non_hope_speech,Images_SD/SD_NHS_0242.jpg
Birt ok straighty,Non_hope_speech,images_DE/DE_NHS_0163.jpg
They forget about the context and the reason why Black lives matter is thing when they discuss Black lives matter and all lives matter It should not be problem to say all lives matter,Hope_speech,images/IHS_0352.jpg
Walker hail Satan,Non_hope_speech,images_DE/DE_NHS_0566.jpg
Sunshine littlephilly disagreeing with someones existence and being against their ultimate happiness is never loving and kind,Hope_speech,images/IHS_0278.jpg
In my country there is no big discrimination against women pursuing degree,Hope_speech,images_DE/DE_HS_0169.jpg
Im as straight as circle lmao Im 12 and havent come out to my parents yet because know they wouldnt support me and our relationship would be ruined but cant just pretend to be straight Ill probably come out in few years or so guess but know my parents wont send me to conversion therapy thank god btw Im pan anyone else or just me,Hope_speech,images/IHS_0151.jpg
are such an inspiration,Hope_speech,Images_SD/SD_HS_0325.jpg
The definition of racism is when one colour is portrayed as more superior than another,Hope_speech,Images_SD/SD_HS_0563.jpg
was an engineer and starting to be an 8th grade math teacher just this year at 53,Hope_speech,Images_SD/SD_HS_0382.jpg
Juan is Selllout getting paidnOff by George Soros,Non_hope_speech,images_DE/DE_NHS_0473.jpg
The person who didnt support it was so nice,Non_hope_speech,images_DE/DE_NHS_0611.jpg
It is now evidently clear that diversity is destroying western nations,Non_hope_speech,images/INHS0265.jpg
My mother worked as petroleum engineer in the 70s80s and finds the notion of todays women being discriminated against in engineering quite humorous,Hope_speech,images/IHS_0469.jpg
would never apologize for saying all lives matter,Non_hope_speech,Images_SD/SD_NHS_0217.jpg
burger imagine house is on fire,Non_hope_speech,Images_SD/SD_NHS_0237.jpg
All lives matter includes black lives,Hope_speech,Images_SD/SD_HS_0083.jpg
Grant define lot,Non_hope_speech,images_DE/DE_NHS_0617.jpg
Not everyone is supportive of my choice and Ive lost some friends because they dont believe can do it Its great though wish had friends like yours,Hope_speech,Images_SD/SD_HS_0495.jpg
No lives matter Seriously,Non_hope_speech,images_DE/DE_NHS_0067.jpg
Thank you cause for some reason when you say all lives matter the people who support Black lives matter attack you for saying all lives matter its so ridiculous,Non_hope_speech,images_DE/DE_NHS_0116.jpg
Its been horrible and it just got worse with BLM DESTROYING EVERYTHING,Non_hope_speech,images/INHS0522.jpg
Smith Now now freedom of speech is right in 2dats society,Hope_speech,images/IHS_0048.jpg
Badger idc if youre gonna claim something,Non_hope_speech,Images_SD/SD_NHS_0547.jpg
Luis statistics wise yes more White people are killed by Cops then black people But Also Statistics Wise more Unarmed Black people are killed by Cops theres Difference Also Anyone Who has Counter Protest like All Lives Matter are Racist or Bigot because they dont care how many Unarmed unjustly Black people are being killed so once White privilege is Taken away ND White Supremacy we will have peace,Non_hope_speech,images/INHS0274.jpg
Dunbar God has no hate in him He is pure love,Hope_speech,images_DE/DE_HS_0633.jpg
Same Im Roman Catholic and Im bisexual too,Hope_speech,Images_SD/SD_HS_0128.jpg
BLM World dictatorship They carried out Adolf Hitlers unfinished mission,Non_hope_speech,images_DE/DE_NHS_0549.jpg
Everyone needs to learn that saying black lives matter doesnt mean other lives dont Think of it as saying black lives matter too,Hope_speech,images/IHS_0539.jpg
AMR BIN AAS persecution against the early muslims Eaven though the Muslims 83 men and 18 women completely left mecca,Non_hope_speech,images_DE/DE_NHS_0006.jpg
Some One or she just has SHORT HAIR AND COOL STYLE,Non_hope_speech,images_DE/DE_NHS_0020.jpg
Its hard to trust wikipedia,Non_hope_speech,Images_SD/SD_NHS_0216.jpg
CNN analyst Juan Williams,Non_hope_speech,Images_SD/SD_NHS_0005.jpg
Lothbrok Thats interesting because didnt Jesus hang out with the people considered immoral during his time here,Non_hope_speech,images_DE/DE_NHS_0439.jpg
Sasha Dumse and God made LGBTQ people,Hope_speech,images/IHS_0302.jpg
Lyfe ofc all lives matter equally We all bleed the same But people only started saying white lives matter and all lives matter to take attention away from the BLM movement BLM is about equality for all lives,Hope_speech,images_DE/DE_HS_0281.jpg
BOTH Black lives do matter,Hope_speech,images_DE/DE_HS_0476.jpg
My mom teaches high school physics,Hope_speech,Images_SD/SD_HS_0186.jpg
thats lie,Non_hope_speech,images_DE/DE_NHS_0011.jpg
Im so sorry for what has happened to you by so called Christians Im Christian and were here to love and meet others were they are not force our beliefs onto others and hurt people Thats never what Jesus intended and apologize for them,Hope_speech,Images_SD/SD_HS_0286.jpg
Totally That video of the cop kneeling on the guys neck was totally setup Listen to yourself what are you talking about,Non_hope_speech,Images_SD/SD_NHS_0617.jpg
OMFG All lives matters All lives matter equallynnBut some lives are treated as if they dont matter That does not mean their lives do not matter nnLook,Non_hope_speech,Images_SD/SD_NHS_0255.jpg
We should topple Cromwells statue as well He oppressed and butchered thousands of Irish people,Non_hope_speech,images/INHS0040.jpg
Stupidity will never give you or anyone else break TJ,Non_hope_speech,Images_SD/SD_NHS_0100.jpg
Midoriya stand your ground hehe sorry had too,Non_hope_speech,images_DE/DE_NHS_0362.jpg
Alan Hunt says the guy who cant spell amazing,Non_hope_speech,Images_SD/SD_NHS_0518.jpg
Only black life is matter WHEN it should be EVERY LIFE IS MATTER nPlease dont start riot and looting destroy in name of others like its happen in UK and America Its discussing Protest peacefully No one should be above the law no police officers and no protester,Hope_speech,Images_SD/SD_HS_0062.jpg
dont hear anywhere in this video saying black lives matter too So you are against black lives if you dont say black lives matter So there is no other choice but agree to say black lives matter in less you want to be labeled as bad person:thinking face: You want people to support movement that agrees with organization that the person is against :thinking face: Im not white but have to say All Lives Matter even the ones that BLM doesnt support,Hope_speech,Images_SD/SD_HS_0486.jpg
Darzo Xx the slogan is response to racist actions You cant take that out of contextnIts like hey stop killing us please,Non_hope_speech,images_DE/DE_NHS_0039.jpg
Beatiful It was inspiring for me,Hope_speech,Images_SD/SD_HS_0380.jpg
Theo Colvin im spitting my drink,Non_hope_speech,images/INHS0312.jpg
Rebekah if youre as you so claim genuine Christian Youre not good person nAnd you probably arent even genuine Christian yourself,Non_hope_speech,Images_SD/SD_NHS_0075.jpg
Sad that such division is now accepted All life is important anything less is true racism by definition,Non_hope_speech,images/INHS0170.jpg
What virus Its hoax flu remember,Non_hope_speech,images/INHS0476.jpg
These young people are VERY enlightened and so very compassionate,Hope_speech,images_DE/DE_HS_0639.jpg
Thats incredible Keep it up,Hope_speech,Images_SD/SD_HS_0415.jpg
There are no words to describe her influence in so many areas As long time fan am still discovering new things every day She leads the pack,Hope_speech,Images_SD/SD_HS_0462.jpg
THAT SHERIFF IS STRAIT HARDCORE BRO:rolling on the floor laughing:nAND YOU WILL GET TICKET EVERY TIME NO WARNINGS,Non_hope_speech,Images_SD/SD_NHS_0578.jpg
Thanks to her,Non_hope_speech,images_DE/DE_NHS_0499.jpg
Not true my friend Racism is still very high today but it is lower than it was 60 years ago,Non_hope_speech,Images_SD/SD_NHS_0494.jpg
Pop Yeah get what youre saying Theres some things just cant get past honestly feel these last two albums shes made have been extremely dark Theres things that Ive picked up where my conscious tells me that doesnt sound or look right You know often ask myself when listening to one her songs,Non_hope_speech,Images_SD/SD_NHS_0555.jpg
ONE NATION UNDER GOD INVISIBLE WITH LIBERY AND JUSTICE FOR ALL What happened to this,Non_hope_speech,images_DE/DE_NHS_0540.jpg
god gave us choice,Non_hope_speech,Images_SD/SD_NHS_0334.jpg
Yes hes running the country but you have mayors running their cities along with governors running their states my guy Dont be an idiot,Non_hope_speech,images/INHS0323.jpg
Rhodesia is name only used by bitter white former colonists who can move on with their lives,Non_hope_speech,Images_SD/SD_NHS_0402.jpg
Rob TnTheres something called SCIENCE,Non_hope_speech,images_DE/DE_NHS_0084.jpg
lets undo everything the statue guy didnsend the blacks back america wants refund,Non_hope_speech,images_DE/DE_NHS_0222.jpg
This was so amazing,Hope_speech,images/IHS_0100.jpg
Well considering this is post related to the protests thats why he is saying it Any mass gatherings at this time no matter the reason are going to spread the virus which is something we all want to avoid agree with the message of the protest but its not the right time to do it,Hope_speech,images/IHS_0384.jpg
this makes me hurt so badly conversion therapy is abuse and there is no use for it you cant change who people love,Hope_speech,images_DE/DE_HS_0628.jpg
This is 100 true But your oppinion cannot change the fact that the world has race problem You can choose to ignore it but its there All lives cannot matter until black lives matter It is not possible for all lives to matter if weother races keep on blowing up innocent black people,Non_hope_speech,Images_SD/SD_NHS_0455.jpg
No one like her Thank you MADONNA You inspire me in world that is becoming so crazy Never give up hope NEVER,Hope_speech,images_DE/DE_HS_0303.jpg
Thank you so much for what you are doing and for being brave and determinednnIm female engineer and an artist and Ive experienced everything that youve described One of the hardest things for me is struggling with being real girly girl and really good engineer The line dont fit in really resonates,Hope_speech,Images_SD/SD_HS_0174.jpg
yes they did lol there are letters from African Kings asking Europeans to stick to the trade ports instead of moving in land and stealing people from towns along there rivers There was also court cases in the country of Bennin that were going to decide if the ancestors of royals should pay reperations to those who they sold into slavery They decided against itnnAfricans dont even dispute this claim the only people that do is white western liberals and those who they teach There is too much evidence to deny this,Non_hope_speech,Images_SD/SD_NHS_0501.jpg
want to be biomedical engineer This video has helped me so much Im only 14 but its been my dream for about year now hope one day will be as successful and brave as this woman,Hope_speech,images_DE/DE_HS_0566.jpg
Meaning that no more slavery respect us as respect ur selves thank,Non_hope_speech,images/INHS0593.jpg
came out at 14 Im still not completely comfortable with telling everyone because they arent very understanding and mean You can come out at any age,Hope_speech,images/IHS_0155.jpg
Only people can understand Madonna who has gone through so much pain as she did the battle losing her son and other emotional things,Hope_speech,images/IHS_0478.jpg
how is it not,Non_hope_speech,images_DE/DE_NHS_0342.jpg
In Gods eyes we all matter,Hope_speech,images_DE/DE_HS_0345.jpg
am girlwoman and an electrical engineer nWhen was little girl always wanted to have the lego stuff of my big brother and loved to fight with selfe made weapons but my mother always wanted cute little girl which will get an artist or sth like this,Hope_speech,images/IHS_0630.jpg
Only agree for the votes,Non_hope_speech,images_DE/DE_NHS_0061.jpg
love the honestly with all these kids even the girl who said she didnt agree with lgbtq,Non_hope_speech,images_DE/DE_NHS_0210.jpg
All lives matter no matter what colour simple,Hope_speech,images_DE/DE_HS_0591.jpg
But can you name all the police officers that died in the line of duty by getting killed by shines like George,Non_hope_speech,images_DE/DE_NHS_0478.jpg
She represents humanity compassion,Hope_speech,images_DE/DE_HS_0172.jpg
Cowards All lives matter,Hope_speech,images/IHS_0311.jpg
Cuz many people had deleted comments,Non_hope_speech,images_DE/DE_NHS_0017.jpg
Poor guy was straight up abused as kid but he pushed through it because he loves himself that much,Hope_speech,images_DE/DE_HS_0621.jpg
It seems some people need dictionary definition of the word ALL which includes everything of group All Lives Matter,Hope_speech,images/IHS_0336.jpg
If people dont agree that all lives matter then we have no chance of ever uniting and Juan Williams attitude is perfect example,Non_hope_speech,images/INHS0319.jpg
dont think homosexuality is something you can or cannot agree with Its like saying dont agree with oxygen Its just thing that exists in the world You cant deny it or get rid of it Its not good or bad,Hope_speech,images_DE/DE_HS_0170.jpg
willholt11 You tell me What honest statements about Black people have you made why are you making them Do you know any Black people What are you afraid of Does Black Lives Matter,Non_hope_speech,Images_SD/SD_NHS_0277.jpg
Everyone hating on the girl who disagrees with homosexuality needs to think of this from younger persons perspective Shes still child She hasnt matured and hasnt been able to experience enough to formulate her own opinions yet She may have beliefs based on how her parents raised her Doesnt mean shes homophobic,Hope_speech,Images_SD/SD_HS_0555.jpg
does she need to repeat it What didnt you understand,Non_hope_speech,images/INHS0479.jpg
Its really stupid my friends parents threatened her with conversion therapy her dad is pastor and found out weeks ago,Hope_speech,images_DE/DE_HS_0631.jpg
indeed they are Such is the conclusion of judging them by the content of their character,Non_hope_speech,Images_SD/SD_NHS_0598.jpg
The fact lot of people become famous and forget who helped them become famous and Madonna did not She basically saying the lgbtq helped me become me and in return Im forever in there debt In good way and will never forget that and will All ways help out Its not just saying okay support the lgbtq its acutely doing something on daily and not just during pride and Madonna shows that and she helped us as we helped her and thats amazing,Hope_speech,images/IHS_0177.jpg
Someone says all lives matter and people say you dont get it But think THEY are the ones who dont get it People who say All lives matter are trying to discourage the mindset that race matters at all Instead of focusing on the race of people,Non_hope_speech,images/INHS0427.jpg
Rose yeah exactly,Non_hope_speech,images_DE/DE_NHS_0106.jpg
Tagerius well thats something at least,Non_hope_speech,Images_SD/SD_NHS_0424.jpg
Racism is everywhereThough Many of the BLM people are doing some retarded shit You wouldnt understand how they felt unless you were black,Hope_speech,images/IHS_0191.jpg
In the eyes of God there is no color,Hope_speech,images/IHS_0031.jpg
to boo when guy says white lives matter,Non_hope_speech,images_DE/DE_NHS_0012.jpg
white lives dont matter we are all racist right,Non_hope_speech,images/INHS0302.jpg
Well riot 1992 in gta was based on same riot from 1992 in LA so it did happened before with Rodney King but know its global,Non_hope_speech,images/INHS0377.jpg
Im making some gayce friends this is nice,Non_hope_speech,images/INHS0353.jpg
If have learned anything from this woman it is that corporations dictate way too much by deciding how girls and boys should live Dont let corporation dictate what your child should play with as these toys influence alot You as the consumer decide what the demand is and the supply will come Imma share this video to somebody,Hope_speech,Images_SD/SD_HS_0276.jpg
TJ said something before that even though hes bi he knows most of his subscribers arent so he wouldnt do it,Non_hope_speech,images/INHS0027.jpg
To say anything for vote Shameful,Non_hope_speech,Images_SD/SD_NHS_0478.jpg
Laurencya am sorry but these tortures doesnt work for anyone,Hope_speech,images_DE/DE_HS_0314.jpg
Im studying Accountingmy last year but want engineering,Non_hope_speech,Images_SD/SD_NHS_0140.jpg
Godlessness leads to lawlessness Gods Life Matters,Non_hope_speech,images/INHS0197.jpg
Thats not the same because isis is supremacy group Taking down statue of statue is not anagolous to what isis did,Non_hope_speech,images_DE/DE_NHS_0424.jpg
DailyUpdate no but still social distancing and wearing mask should be practiced while protesting Thats all am asking know time is the essence and now is the time to stand up and protest to try and change racism But pls everyone stay safe,Hope_speech,images_DE/DE_HS_0535.jpg
Ive known liked girls since was really young so yeah,Non_hope_speech,images_DE/DE_NHS_0403.jpg
This is great who needs reality tv,Non_hope_speech,Images_SD/SD_NHS_0152.jpg
Therapy and surrounding yourself with loving and accepting people hopefully,Hope_speech,images_DE/DE_HS_0212.jpg
wanna be civil engineer too Youre not alone Go ahead You can do it,Hope_speech,Images_SD/SD_HS_0444.jpg
In actuality both the colours black and white are not colours They are lack of colour,Non_hope_speech,Images_SD/SD_NHS_0201.jpg
That cops deserve penalty death but trump is like we will shoot you,Non_hope_speech,images/INHS0240.jpg
If every life doesnt matter,Non_hope_speech,images_DE/DE_NHS_0096.jpg
The white people getting involved just trying to point score,Non_hope_speech,images_DE/DE_NHS_0441.jpg
please hug that little girl :pleading face::pleading face:,Hope_speech,images_DE/DE_HS_0136.jpg
Whatever one might say about Madonna these days,Non_hope_speech,images/INHS0202.jpg
Ashlee Johnson what is that true omg link,Non_hope_speech,images/INHS0459.jpg
Hi Marcus Mitch,Non_hope_speech,images_DE/DE_NHS_0477.jpg
think shes came out as bisexual,Hope_speech,images/IHS_0343.jpg
There are as many if not more whites killed be the police,Non_hope_speech,Images_SD/SD_NHS_0356.jpg
Pride Toronto only signed the demands to get the parade moving They have no intention of actually excluding police floats or any of the other demands,Non_hope_speech,images/INHS0542.jpg
It irritates me when people say they dont agree with another persons sexual orientation or that its choice She is obviously ignorant and needs to educate herself and learn that its not her place to decide anything about another persons sexual orientation Her job is simply to love,Hope_speech,images/IHS_0086.jpg
And Sounds like marketing adnnBe what you want No one cares If you lose girls STEM interest by 10,Hope_speech,images_DE/DE_HS_0594.jpg
He sounds like sid the sloth but he is such good guy,Non_hope_speech,images_DE/DE_NHS_0089.jpg
Is this today or four years ago,Non_hope_speech,Images_SD/SD_NHS_0609.jpg
Just TRY to identify with LGBT person and read your comment again,Non_hope_speech,images_DE/DE_NHS_0072.jpg
It is very sad that the world has really become this,Non_hope_speech,images_DE/DE_NHS_0465.jpg
Chiware uhthats what said did you not read the comment,Non_hope_speech,Images_SD/SD_NHS_0491.jpg
think she is an indigo spirit they are like angels but more aggressive like warriors because they are here to change the old outdated paradigms,Non_hope_speech,Images_SD/SD_NHS_0174.jpg
these videos make me love kids so much more cant wait to raise compassionate little humans,Non_hope_speech,Images_SD/SD_NHS_0144.jpg
Cuber White lives matter,Non_hope_speech,images_DE/DE_NHS_0298.jpg
love Madonna shes trailblazer and trendsetter thx Madonna for being unapologetically yourself and spreading love and empowering messages your so inspirational love my beautiful queen Madonna,Hope_speech,images_DE/DE_HS_0532.jpg
Forget what The fact that people are being senselessly killed by police hope you realize that if they do forget,Non_hope_speech,images/INHS0390.jpg
LeCoy has she ever stated that she is neutral,Non_hope_speech,images/INHS0303.jpg
you have really focused on the negatives here Yes under performers and climbers will do anything to manipulate the system to survive or get ahead nI have seen both males and females pull the harrassment,Non_hope_speech,images/INHS0151.jpg
Hes so brave and think hes great for always being honest about who he is to himself and everyone around him,Hope_speech,Images_SD/SD_HS_0046.jpg
Who remembers the african american cop that shot dead an unarmed white aussie women in her pjs with no criminal record what happend there no one was kicking off about that,Non_hope_speech,images_DE/DE_NHS_0407.jpg
Instead they are even more racist in many cases,Non_hope_speech,images_DE/DE_NHS_0553.jpg
actually agree with her when she said its cultural problem There are countries where girls have hard time being in STEM and countries where they are mostly completely fine personally grew up going to math and physics based lyceum that was super hard to get into and we had about or boys in class of 30 people We had blast and our gender was never an issue dont know if it would be the same if we werent majority but all the girls went on to become engineers,Hope_speech,images/IHS_0055.jpg
loved how the boy asked how he can support his friend on sexuality so he can be there for him like that is so darn sweet,Hope_speech,images_DE/DE_HS_0433.jpg
Lol was thinking sthg on similar lines based on the body language pose etc Its fine Love to that person Its hard to go through anything like that,Hope_speech,Images_SD/SD_HS_0258.jpg
Black lives matter is the most racist statement Ive ever heard in my LIFE can you imagine if we said White lives matter,Hope_speech,images/IHS_0636.jpg
Irrelevant story but hope you think its funnynI was like and was taking dumb buzzfeed quizzes like what kind of pizza are you and stuff and came across an article that was 10 Disney songs that are about coming out of the closet Or something along those lines so just remember going into my brothers new and empty wardrobe and pushing open the doors dramatically singing whole new world,Non_hope_speech,images/INHS0526.jpg
Roog That just goes to show that women are more interested in factors other than financial remuneration in their careersnnHeres the thing,Hope_speech,images_DE/DE_HS_0522.jpg
Madonna born man no wonder,Hope_speech,Images_SD/SD_HS_0135.jpg
If women are so strong and powerful,Non_hope_speech,images_DE/DE_NHS_0605.jpg
Racism is discriminating or treating somebody unfairly because of their skin color,Hope_speech,images/IHS_0272.jpg
ALL lives matter THAT includes ALL LIVES Whether you are doing homework in your house,Hope_speech,images/IHS_0192.jpg
Bauer Frazier Why do we need more girls in STEM fields Why not just the best talent regardless of gender,Hope_speech,images/IHS_0369.jpg
Crystal is so freaking amazing,Non_hope_speech,images_DE/DE_NHS_0270.jpg
ya boy just went out and bought goldieblox youre so inspirational,Hope_speech,images/IHS_0441.jpg
Because the hateful mob doesnt like it,Non_hope_speech,images_DE/DE_NHS_0569.jpg
will always be thankful for Madonna Shes reason Im not afraid to be me even have portrait of her,Hope_speech,images_DE/DE_HS_0404.jpg
this is so inspiring,Hope_speech,images_DE/DE_HS_0133.jpg
Love this so motivating,Hope_speech,images/IHS_0638.jpg
Think am gonna vomit,Non_hope_speech,Images_SD/SD_NHS_0304.jpg
So did he survive suicide attempt or anything You can only survive if your life is in actual danger Hes victim,Non_hope_speech,Images_SD/SD_NHS_0414.jpg
This conversiontherapy is pure nonsense and is the most ridiculous and damaging trash have ever heard of in the 21st century It is all too often religiouslyfueled poison and can never work One can simply never turn homosexual into heterosexual any more than one can attempt to turn heterosexual into homosexual Did anyone ever attempt that It is as if the ignorance,Hope_speech,images_DE/DE_HS_0437.jpg
noticed that within engineering schools,Non_hope_speech,Images_SD/SD_NHS_0151.jpg
It appears that people have forgotten that ALL LIVES MATTER,Hope_speech,images/IHS_0154.jpg
they get long prison time justice served lets have it like that all the way around,Non_hope_speech,images_DE/DE_NHS_0171.jpg
Boyd The only serious issue have is your Stupidity you are sellout Oreo BRO knew the BRO would get to you You are Black and in denial Raised by white parents or Black Parents that are Repulicans that raised on false ideas about being black is discrace Shame on them Im not black and have more sense than that were brain washed as it was However Don The Con has very few like you that will bend over to him Or any white person at that would have been good Sellout to your Bros back in the slave day Just like today The Steve Harvey way Kiss the white mans hole and he will take care of you SHAME ON YOUBy the way there is more in another comment,Non_hope_speech,images/INHS0482.jpg
The gays are so wonderful,Hope_speech,Images_SD/SD_HS_0161.jpg
All lives matter Did God tell them something more that he didnt tell the rest of us There are some parts of this country that they havent seen how impoverished these areas are,Hope_speech,Images_SD/SD_HS_0626.jpg
Every life does matter Example,Hope_speech,Images_SD/SD_HS_0230.jpg
Who would give this thumbs down,Non_hope_speech,images_DE/DE_NHS_0541.jpg
Its not like feel can not because Im woman just dont want to and there is nothing wrong with that there is nothing can not do because Im woman this is just not the path want to take,Hope_speech,Images_SD/SD_HS_0553.jpg
This is extremely inspiring as im applying for colleges now to become chemical engineer really hope this sort of attention to the lack of female engineers only increases,Hope_speech,Images_SD/SD_HS_0408.jpg
Yall really need to let go Yes we know all lives matter Thats given But the reason why people have to say black lives matter too is because black lives have it mattered since the 1800s We know like white lives matter that has been proven that white lives matter over all of her lives in America time and time and time and time and time and time and time and time and time and time again Nobody has ever questioned if all lives matter So that part of the conversation is over with and irrelevant Now lets concentrate on the lives that have not mattered in America Please concentrate and focus on what needs to be done to help Dont concentrate on what needs to be done to perpetuate the current paradigm It is time for change All lies has always mattered and white lives has mattered above all in black lives has mattered the least in America Stay focused people,Hope_speech,Images_SD/SD_HS_0199.jpg
But its not reverse racism,Non_hope_speech,images_DE/DE_NHS_0624.jpg
id yeet dictionary at them,Non_hope_speech,Images_SD/SD_NHS_0399.jpg
Melanie Schneiderman nWe are all call to love everyone and see their beauty :orange heart:,Hope_speech,images_DE/DE_HS_0464.jpg
Well if you cant be honest with your answers because of votes well what else are you going to be dishonest about nThats how corruption starts not being honest nTheyve lied for generations but now trump is completely honest hes threat coz his base and followers appreciate his honesty and not lying to get votes and completely going against their promises like the democrats have done for decades They dont care about anyone but regaining power nTrump 2020 PROMISES MADE PROMISES KEPT something none of the democrats can say,Non_hope_speech,images/INHS0420.jpg
wow holy shit are you guys actually having flame war over m8 vs matenSeriously,Non_hope_speech,images_DE/DE_NHS_0016.jpg
dont care about either side stay away from me,Non_hope_speech,images_DE/DE_NHS_0381.jpg
Ellen Thorne Thank you Unfortunately the BLM extremist want whites to believe otherwise Incredible how so many people lack common sense and fail to see the hypocracy behind the movement to spread SocialistMarxist ideologies All it takes is one glance at the BLM mission statement to see black lives is the least of the movements worries,Non_hope_speech,Images_SD/SD_NHS_0167.jpg
thought Trump was president when they were taking,Non_hope_speech,images_DE/DE_NHS_0358.jpg
Im glad to hear that youre figuring out who you are and that you have someone to talk to strongly recommend that you talk KantaDiya about how youre feeling,Hope_speech,images_DE/DE_HS_0558.jpg
what does it matter if your female or male just do your job,Hope_speech,images_DE/DE_HS_0034.jpg
This was so inspiring,Hope_speech,images_DE/DE_HS_0033.jpg
TheLegend27 Is Alive just because your Christian doesnt mean you cant be lesbian know someone who is Christian and lesbian,Hope_speech,Images_SD/SD_HS_0271.jpg
The sad thing is this is the least abusive conversion therapy Ive ever heard of My friends have scars and burns where they were shocked and burned and tortured It was so bad that you have to pretend to change to get away from it There is no shame in lying to end the torture wasnt put in that situation but was homeless for bit,Hope_speech,images/IHS_0028.jpg
The kid that is religious and is still an ally is rare one:pleading face:,Non_hope_speech,images/INHS0294.jpg
Starts at,Non_hope_speech,images_DE/DE_NHS_0550.jpg
For ages thought BLM was type of sandwich,Non_hope_speech,Images_SD/SD_NHS_0531.jpg
To HELL with George Soros and The Drug Cartels AMEN HAILLUJAH,Non_hope_speech,images/INHS0421.jpg
LovelyLPSCrew OP said internalized dont think youre understanding the point lol,Non_hope_speech,Images_SD/SD_NHS_0093.jpg
ALL LIVES MATTER:sign of the horns::sign of the horns:WE ALL SHARE THIS WORLD SO ALL LIVES MATTER,Hope_speech,images_DE/DE_HS_0601.jpg
alex nTheir beliefs are shallow and harsh,Non_hope_speech,images_DE/DE_NHS_0128.jpg
Painter youre uneducated and refuse to learn All lives matter has come to be protest against BLM That may not be how it started or how some people use that word,Non_hope_speech,Images_SD/SD_NHS_0365.jpg
goldie silver im transgender can easily find other trans people Madonnas not one of us neither is Cher,Non_hope_speech,images_DE/DE_NHS_0331.jpg
would protect all lgbt people from those religious mean people would hit those religious people like those who treat lgbt people in abusive way with Bible and yell go away religious demons,Hope_speech,images_DE/DE_HS_0593.jpg
The drawing thing is so true for me too,Non_hope_speech,images_DE/DE_NHS_0517.jpg
Brown :face with raised eyebrow:,Non_hope_speech,images_DE/DE_NHS_0393.jpg
Why do we have to keep us separate in communities,Non_hope_speech,Images_SD/SD_NHS_0374.jpg
Smokey didnt say knew what color skin you had also you said cant throw it in white peoples faces dont even know if whoever wrote the comment is white and just cause it happened in the past does not mean racism just suddenly disappears Black people are the ones that are oppressed sir but if you want to talk abt white people they arent oppressed so good for them Also Im literally half white Im not blaming white people for what happened not every white person is racist sir thats not what said,Hope_speech,Images_SD/SD_HS_0446.jpg
glad that there are efforts to encourage women to pursue STEM,Hope_speech,images/IHS_0465.jpg
Are you are starseed child If yes,Non_hope_speech,Images_SD/SD_NHS_0147.jpg
Mckenzie You will make it SisJust dont give up All the best By the way,Hope_speech,images/IHS_0383.jpg
Do you really wanna die on that hill in the name of pedantry,Non_hope_speech,images_DE/DE_NHS_0197.jpg
Sheriff and Larry Black on the outside white on the inside Sheriff and Larry Bending over for Trump,Non_hope_speech,Images_SD/SD_NHS_0622.jpg
my choice is to love :pleading face:,Hope_speech,images_DE/DE_HS_0432.jpg
Woko haram visits Bristol Attacks statue,Non_hope_speech,Images_SD/SD_NHS_0263.jpg
The true racists are Obama and the democrat politicians get this the white politicians and Obama are related look it up and then ask again why is mixed race obama who is both races hating on whites because white democrats politicians told the idiot to start race war Obamas not the brightest bulb in his democratic family thats why hes ordered to start race war hes owned you can see it,Non_hope_speech,images_DE/DE_NHS_0243.jpg
Ita about how hard you work,Hope_speech,Images_SD/SD_HS_0598.jpg
Theres always way out and Madonna is just changing the world for the better,Hope_speech,images/IHS_0481.jpg
funny how none of these idiots cared about this statue before today,Non_hope_speech,Images_SD/SD_NHS_0229.jpg
So proud of you debbieyou really are an inspirationIm girl pursuing electrical engineering in IndiaI was struggling lot You help me boost my confidence that can be great engineerThank you,Hope_speech,images/IHS_0081.jpg
If you need to add survivor then it is not therapy,Non_hope_speech,Images_SD/SD_NHS_0269.jpg
All Lives Matter Period,Hope_speech,images_DE/DE_HS_0332.jpg
Her way of saying she outlived Prince and Michael Jackson,Non_hope_speech,images/INHS0262.jpg
All lives matter we all bleed red there is really no difference between race,Hope_speech,images/IHS_0506.jpg
wish could give that guy hug because he has had such tough life and seems really nice and deserves more,Hope_speech,images/IHS_0334.jpg
Truebut this is spiritualyears of innocent blood on American soil has come back to roost The world is round for reason,Non_hope_speech,images_DE/DE_NHS_0495.jpg
This was such heartfelt Ted talk really hit home for me as an industrial engineer in my senior year Especially personally this week because have dealt my whole college life with doubters and disbelievers in my intelligence and diligence to realize Im not alone in feeling alone was very awakening and motivating Im so inspired to inspire young females to dare to challenge societal pressures and expectations and open the minds of the close minded An engineer once asked me what it was like to be in mans world and replied with Im used to it and its not mans world,Hope_speech,images_DE/DE_HS_0590.jpg
If all lives dont matter untill BLM is true and know your note saying this then your life doesnt matter so why would you be wanting to fight for black lives if your life doesnt matter,Non_hope_speech,images/INHS0119.jpg
bachelor of science in civil engineering currently on my sophomore year and tbh,Hope_speech,images_DE/DE_HS_0626.jpg
We are so lucky and fortunate to have someone so smart and so dedicated to us and the cause,Hope_speech,Images_SD/SD_HS_0615.jpg
Madonnas music took me through so many hard times Also,Hope_speech,images_DE/DE_HS_0081.jpg
yorocco1 spot on,Non_hope_speech,images/INHS0064.jpg
All lives matter dont care what color you are dont care what race you are ALL LIVE MATTER If you cannot see that and agree with that then YOU are the problem,Hope_speech,images_DE/DE_HS_0276.jpg
Her voice has changed,Non_hope_speech,images/INHS0133.jpg
can proudly say that became professional software engineer some months ago nIve never thought that was going the wrong way do have hardships now and then,Hope_speech,images/IHS_0453.jpg
Why is Micheal Browns name on here He wasnt Murdered either,Non_hope_speech,images_DE/DE_NHS_0228.jpg
So inspiring swear The same problem is faced in India toonGuys always look down upon girls,Hope_speech,images_DE/DE_HS_0253.jpg
ALL LIVES MATTER To say otherwise is just racist,Hope_speech,images_DE/DE_HS_0067.jpg
Qwerty it IS truenEvil main stream media will be judged by God and so will the Hatred of BLM and antifa,Non_hope_speech,images/INHS0636.jpg
British hate WHITE PEOPLE too,Non_hope_speech,images/INHS0521.jpg
Someone fire these people and put them in the street then lets see who lives matter then yall live with no money no job for just two months then see who helps you on the street bet there be yellow black and white that help you help from all lives thats all lives matter black lives cant do it allneither can white neither can yellow it takes all lives to over come the hate and thats why all lives mattercause we cant do it all by ourselvesGodwins 99God 1er You and thats 100 the truth so help me God,Hope_speech,images/IHS_0314.jpg
Tony Gokk our world is over populated by lot You can still adopt child poor loving child who needs attention and longs home If this is religious thing,Hope_speech,images_DE/DE_HS_0223.jpg
Madonna educates people on many thingsShes there because shes destined for itShe does lot of good admirable things,Hope_speech,Images_SD/SD_HS_0248.jpg
Stay there and dont come in The USA,Non_hope_speech,images/INHS0025.jpg
think sexuality is choicennGirl if could choose to be straight would but,Hope_speech,images_DE/DE_HS_0486.jpg
That would just be uhpure mean XD,Non_hope_speech,images_DE/DE_NHS_0348.jpg
owo im homophobicok bye,Non_hope_speech,images_DE/DE_NHS_0560.jpg
Its really amazing how reality changed recently study civil engeenering and the bilans between female and male is around 5050 and its normal,Hope_speech,Images_SD/SD_HS_0645.jpg
Conversion therapy should be illegal Doesnt it go against the protection of natural rights,Hope_speech,Images_SD/SD_HS_0437.jpg
Theo Colvin this kids going places,Non_hope_speech,images_DE/DE_NHS_0286.jpg
noticed that too its not right All Lives Matter,Hope_speech,images_DE/DE_HS_0190.jpg
You cannot agree or disagree with someones sexuality Whoever truly believes you can is an idiot and thats on period,Hope_speech,images/IHS_0643.jpg
My parents were absolutely against me majoring in the humanities They encouraged me to go into engineering Im glad did Gender wasnt even in the question,Hope_speech,images_DE/DE_HS_0117.jpg
All lives do matter though,Hope_speech,Images_SD/SD_HS_0542.jpg
ALL lives MATTER WHITE AND PROUD,Non_hope_speech,images_DE/DE_NHS_0398.jpg
The 562 native American tribes mattered,Non_hope_speech,images/INHS0453.jpg
ExtraBitch Im so glad we as Muslims dont do that,Non_hope_speech,images/INHS0280.jpg
Aelor omfg All lives DO matter But atm blm because lot of blacks are dying as result of police brutality and racism If kid gets hurt and is in need kf bandage,Non_hope_speech,Images_SD/SD_NHS_0264.jpg
Nobody ever said one life matters Its just bringing awareness that black lives matter Did they say ONLY black lives matter,Hope_speech,Images_SD/SD_HS_0298.jpg
Racism is the biggest pandemic,Hope_speech,images/IHS_0268.jpg
Ive seen hundreds of Madonna interviews and this is completely genuine She is honestly emotional in this Will always love her for fighting for my community and others who have been marginalised,Hope_speech,images_DE/DE_HS_0039.jpg
ALL LIVES MATTER and that includes black lives enough said anyone that believes otherwise is ignorant and wrong,Hope_speech,Images_SD/SD_HS_0533.jpg
Sheriff Clark doors not answer that first question Hes modeled example of brother who is just out of touch with reality Who is this guy,Non_hope_speech,images_DE/DE_NHS_0275.jpg
As woman studying engineering,Hope_speech,Images_SD/SD_HS_0609.jpg
Sheriff Clark seems to know the real problems on this matter and the things needed to fix it everyone else just talks politics,Non_hope_speech,images/INHS0364.jpg
sMe TheHerpes poor answeranything more convincing than that,Non_hope_speech,images_DE/DE_NHS_0519.jpg
Brilliant isnt it,Non_hope_speech,images_DE/DE_NHS_0547.jpg
live in the north of England and can tell you we are all piss poor It annoys me when Im told my white privilege is helping me because honestly work hard and have nothing to show for itn So When Im told not to judge all people of colour the same,Non_hope_speech,Images_SD/SD_NHS_0181.jpg
God gave us choice,Hope_speech,images/IHS_0226.jpg
Way to go Debbie Your courage and determination are appreciated and so timely,Hope_speech,images/IHS_0092.jpg
My choice is to love Could you give me some tips or something to be good friend to my friend Such sweet,Non_hope_speech,Images_SD/SD_NHS_0006.jpg
Im laughing too at your precious White Racist symbols being torn down and defaced,Non_hope_speech,images/INHS0335.jpg
whites genocided black South Africans during apartheid and stole 70 of the land,Non_hope_speech,images_DE/DE_NHS_0592.jpg
think the best way to fit in is to be yourself work hard and dont accept immature behavior by men or womenThe truth is you do want to be pretty it is natural want to be handsome but dont let this thought drive my beingStop blaming your surroundings,Hope_speech,images/IHS_0019.jpg
God gave us choice And my choice is to lovennnWow,Hope_speech,images_DE/DE_HS_0060.jpg
Im Christian our religion doesnt accept homosexuality but God still tells us to love our neighbours even our enemiesnnbut Ill never be batty man,Non_hope_speech,images_DE/DE_NHS_0591.jpg
My AP Computer science class in high school has pretty balanced maletofemale ratio,Hope_speech,Images_SD/SD_HS_0017.jpg
Im the only girl in my family and im milddle child of two boys so as young girl my brothers didt want to play with barbies so we would make lego houses and make little towns Im noticing now as teen that it really has affected the way think and solve problem This is dank ted talk,Hope_speech,images/IHS_0178.jpg
He was abusive as well His wife said that before she divorced him,Non_hope_speech,Images_SD/SD_NHS_0392.jpg
Your life does not matter Sorry,Non_hope_speech,images_DE/DE_NHS_0232.jpg
Up until read the comments section,Non_hope_speech,images/INHS0401.jpg
just do not understand why people dont realize that shes top witch Satanist and all of her videos and everything and so much of what she does totally is obvious and prove that and shes just part of the new world order to brainwash people for the agenda for the transgender agenda for all that stuff cuz she actually is transgender and people need to do their research cuz her recent show she just did was completely Satanist New World Order shows the end time stuff and people really need to watch who they worship and look up to because people worship this woman and shes Satan worshipper,Non_hope_speech,images/INHS0317.jpg
Rebekah You are just as bad as everyone else yeah not everyone believes in God dont either and you may think you are doing good but you are actually causing harm do you think LGBT people choose to be LGBT no bc if it was choice no one person would choose to be discriminated against and beaten up and killed for who they love conversion therapy is awful and shouldnt even be thing and get it you are religious but the Bible never really mentioned homosexuality you just took that one part and said oh this must mean homosexuality when it could mean many things and lets not forget to Bible has been translated so many times from the original version we dont really know what it says and dont wanna hear anything about the your religion,Hope_speech,images_DE/DE_HS_0600.jpg
If you strip your skin covering you all look the sameAll lives matter,Hope_speech,images_DE/DE_HS_0322.jpg
Hey Im bisexual too,Hope_speech,images_DE/DE_HS_0148.jpg
Therapy more like literal abuse,Hope_speech,images/IHS_0184.jpg
your nuts What planet do you live on Clearly you are clueless about her,Non_hope_speech,Images_SD/SD_NHS_0086.jpg
Andrea Mendenhall white people can never win good god,Non_hope_speech,Images_SD/SD_NHS_0611.jpg
Its the clintons,Non_hope_speech,images/INHS0546.jpg
This is awesome Very inspiring,Hope_speech,images_DE/DE_HS_0240.jpg
Im bisexual and still in the closet dont know how long will be staying in there for,Hope_speech,images_DE/DE_HS_0536.jpg
lot of our children are addicted Meth floods the streets the dealers give it out for free like candy too get addiction started plus they dust fentanyl on pot sales to get them addicted this is driving crime We need help all of us We have to get drugs off the street and get help to addicts Please lets work together,Hope_speech,images/IHS_0414.jpg
ALL LIVES MATTER get what they went through but thats in the past you cant bring that up in defense,Hope_speech,images_DE/DE_HS_0340.jpg
Yeah Her name is crystal and shes in most of the videos,Non_hope_speech,Images_SD/SD_NHS_0604.jpg
Sonic Neverslow Clearly you are not getting what Im saying She does not agree with their sexuality not EXISTENCE Sexuality and race are two completely different things support the LGBTQ community but still have sense and understanding that not everyone supports it But as long as they respect those people and are kind,Hope_speech,images/IHS_0237.jpg
You cant just assume their sexuality Its just really wrong to assume something about someone Like everyone thinks girls with short hair are lesbians or Bisexual people cuff theirs jeans Im bi and dont cuff my jeans Dont be so stereotypical Thank you,Hope_speech,images/IHS_0287.jpg
Blm thinks that black live matter more than everyone elses,Non_hope_speech,images_DE/DE_NHS_0452.jpg
wonder how MANY people Madonna saved from suicide am not fan of Madonna but can understand the love between she and her FANS,Hope_speech,images/IHS_0292.jpg
You dont get to agree not disagree with another persons sexuality or existence No idea why socalled Christians think they are entitled to have say in other peoples livesdidnt Jesus say judge not lest he be judged,Hope_speech,images/IHS_0022.jpg
The worst thing you can do is deny who you are,Non_hope_speech,Images_SD/SD_NHS_0470.jpg
Black Lives Matter is creation of the so called Democratic Party who is financing this movement still stand by my comment ALL LIVES MATTER,Hope_speech,images/IHS_0587.jpg
molyneux everybody knows that all lives matter,Non_hope_speech,images_DE/DE_NHS_0494.jpg
Good Thats real woman empowerment keep it up,Hope_speech,images/IHS_0018.jpg
When you cant say All lives matter your racist All Lives matter,Hope_speech,Images_SD/SD_HS_0151.jpg
Youre one of those lunatics speaking in this video,Non_hope_speech,Images_SD/SD_NHS_0279.jpg
Im not your damn Google To say there isnt discrimination is simply delusional Gtfo,Hope_speech,images/IHS_0409.jpg
Another example of whites who dont heed the historical facts ofnSlavery throughout history,Non_hope_speech,images_DE/DE_NHS_0320.jpg
Hillary Clinton,Non_hope_speech,Images_SD/SD_NHS_0030.jpg
havent come out to my family yet They arent religious they think that it doesnt matter who you like You just have to be good person but Im still so scared to tell them Ive told my friends My best friends were fine with it,Hope_speech,Images_SD/SD_HS_0307.jpg
My entire family is Christian and Im afraid to come out,Non_hope_speech,images/INHS0216.jpg
Not forgetting that they also get shot and beaten over it to way more than just booing,Non_hope_speech,images_DE/DE_NHS_0593.jpg
am male engineer and dont feel like fit in in engineering If you are girl and you have the desire to become an engineer,Hope_speech,images_DE/DE_HS_0103.jpg
wait 12 of them are engineers yet 28 of directives are women woman engineer has 2x chances of becoming top worker than man,Hope_speech,images/IHS_0298.jpg
Keep hanging in there totally get you darling am doing Electrical engineering am african so get you,Hope_speech,Images_SD/SD_HS_0389.jpg
920 To never give hope to never give up She said it with conviction,Hope_speech,images_DE/DE_HS_0374.jpg
All lives are sacred all lives matter,Hope_speech,Images_SD/SD_HS_0361.jpg
Joannot Fampionona Thats changing the definition of violence completelynnAnd about those cases these women present they sound to me like exaggerations made by them What do you do everyone gets ask that not only women And being surprised that someone is an engineer is normal,Hope_speech,Images_SD/SD_HS_0405.jpg
France explain why BLM and not ALM,Non_hope_speech,images/INHS0632.jpg
All life MATTER White,Hope_speech,images_DE/DE_HS_0472.jpg
Nietzsches Moustache ass is ass man,Non_hope_speech,images/INHS0524.jpg
Im woman and dream of being an engineer,Hope_speech,images_DE/DE_HS_0598.jpg
Id like to believe hes on 8chan bringing us the freshest and dankest of Trump memes to the forefront of America,Non_hope_speech,images/INHS0232.jpg
Im man She is beautiful and sure she is just as good as any man engineer,Hope_speech,images/IHS_0032.jpg
Just the irony of it Should our next leaders be black gangsters,Non_hope_speech,images/INHS0430.jpg
mensah if black lives matter how do you take out the black from BLOOD What makes person BLACK my son is white but looks black,Hope_speech,Images_SD/SD_HS_0612.jpg
mensah way more whites die by cops than blacks The media just doesnt show it But you are right about cops never loose their jobs or pay even if it is there fault,Non_hope_speech,Images_SD/SD_NHS_0124.jpg
All Lives Matter,Hope_speech,Images_SD/SD_HS_0036.jpg
Sunshine littlephilly Hello,Non_hope_speech,images/INHS0158.jpg
The Clown dont agree with everything about Madonna but too am sinner but let me ask you somethingwho turned all the men into sinnersIt goes both ways,Non_hope_speech,Images_SD/SD_NHS_0141.jpg
ALL LIVES MATTERS AND OF COURSE,Hope_speech,images_DE/DE_HS_0300.jpg
Gays love you too Madonna Thank you,Non_hope_speech,Images_SD/SD_NHS_0215.jpg
Stop racism at its source,Hope_speech,images/IHS_0398.jpg
Wtf is up with the negativity by men here Just because shes building toys for girls and encouraging them to go for engineering majors,Hope_speech,Images_SD/SD_HS_0468.jpg
This is stupid,Non_hope_speech,images/INHS0638.jpg
Emily Larae Also saying hell never say black lives matter because he got bullied by few black kids as an year old is also silly,Non_hope_speech,Images_SD/SD_NHS_0010.jpg
Fernandes Darwins Theory still stands,Non_hope_speech,Images_SD/SD_NHS_0563.jpg
Omg ur story is same as mine thank you for you comment and thank you so much Danby for your presentation finally feel like can dedicate to engineering fully,Hope_speech,images_DE/DE_HS_0107.jpg
IT DOESNT MATTER WHATS RACE YOU ARE,Hope_speech,images_DE/DE_HS_0018.jpg
Your family sounds amazing hope your dreams come true,Hope_speech,images/IHS_0510.jpg
why is black lives matter even thing,Hope_speech,Images_SD/SD_HS_0220.jpg
And your weather why you didnt win dont have that happens to everybody,Non_hope_speech,Images_SD/SD_NHS_0221.jpg
From four years ago Saying All Lives Matter while true is dodge The former Milwaukee Sheriff is out of work for reason,Non_hope_speech,images/INHS0423.jpg
Im tired of hearing black lives matter Im not against black people but all lives matter This protesting and rioting is wrong And have my reasons to believe this is paid for by the Democrats,Hope_speech,images_DE/DE_HS_0203.jpg
All lives matters God created Man Woman,Hope_speech,images_DE/DE_HS_0514.jpg
Maddie Grace it means that it wasnt evidence of racism,Non_hope_speech,images/INHS0166.jpg
She represents humanity compassion,Hope_speech,images_DE/DE_HS_0499.jpg
was lucky to have parents that let me play with construction toys,Hope_speech,Images_SD/SD_HS_0112.jpg
All lives matter because all people are created in the image of God,Hope_speech,images/IHS_0321.jpg
really like that theyre introducing kids to these subjects Its incredibly important escpecially in this day and age,Hope_speech,images_DE/DE_HS_0445.jpg
Your thinking is right and great,Hope_speech,images_DE/DE_HS_0181.jpg
some give motivational speeches from inside their mansions,Non_hope_speech,images/INHS0260.jpg
IT But why strongly believed in God and still do,Non_hope_speech,Images_SD/SD_NHS_0545.jpg
Okay so am majoring in engineering and this video hit me so so hard Im literally on study break after hours of studying mechanics of materials,Hope_speech,images_DE/DE_HS_0285.jpg
You belong anywhere that you choose to belong You fit in Do not let internalised misogyny stop women from becoming equal in all fields,Hope_speech,images/IHS_0181.jpg
blind black Sherif who thinks hes white,Non_hope_speech,images_DE/DE_NHS_0014.jpg
It might be against my religion but choose to love and not hate,Hope_speech,images_DE/DE_HS_0215.jpg
All lives matter Crowd,Hope_speech,images/IHS_0317.jpg
All lives matter one race is not above another,Hope_speech,Images_SD/SD_HS_0614.jpg
She saved me many times at different parts of my life,Hope_speech,images/IHS_0434.jpg
This is how the Irish problem startednPoliticians must listen to the peoplenStatues firstnThen what,Non_hope_speech,Images_SD/SD_NHS_0369.jpg
What strong man to go through that abuse super happy that he stayed himself and that he can talk about iti am glad this generation we can understand that everyone is different,Hope_speech,images/IHS_0243.jpg
She saved my life and gave me new hope,Hope_speech,images/IHS_0385.jpg
We cant be racist because there is only one race which is Humans nnBLM just russ that started in 2013 they always bring up the past and slavery Were not living in the past were in the 21st century and not only black lives matter but All lives matter You just need to becareful of what you do in life Its your life that matters,Hope_speech,images/IHS_0616.jpg
If white person says white lives matter he she is racist If black person says black lives matter he she is fighter for civil rights What nonsense,Hope_speech,Images_SD/SD_HS_0487.jpg
Beaten with bible Brings whole new meaning to the term bible bashers,Non_hope_speech,images/INHS0599.jpg
Or people could just shut up so that no one wins,Non_hope_speech,images/INHS0212.jpg
am girl when told my family about me doing engineering my brother saud to me get over your self girls dont do engineering well it kind broke my heart dont know what to do now,Hope_speech,Images_SD/SD_HS_0534.jpg
Just because shes concealed some wrinkles does not change her to point of unrecognizable think youre pretty fu king stupid ok dude Go fk yourself you CREEP,Non_hope_speech,images/INHS0541.jpg
We should ban rap music with all its racism and drug trafficking,Non_hope_speech,images_DE/DE_NHS_0627.jpg
pray to get the chance to thank her for keeping me alive during very bad time in my life as young teen She is legend beyond legends Thank you Madonna,Hope_speech,Images_SD/SD_HS_0213.jpg
Lavin your exactly on point the majority is dumbed down,Non_hope_speech,images_DE/DE_NHS_0082.jpg
The phrasing of the question at the debate loads dichotomy between the importance of black lives and all lives,Non_hope_speech,images_DE/DE_NHS_0136.jpg
Beautiful Human Being Earth,Non_hope_speech,Images_SD/SD_NHS_0218.jpg
am female engineernhttp,Hope_speech,images_DE/DE_HS_0254.jpg
What about Hispanics Mexicans Indians latinas,Non_hope_speech,images/INHS0090.jpg
As straight person think Conversion therapy is lode of rubbish God made you different and you need to love yourself because of that,Hope_speech,images/IHS_0132.jpg
No its common sense,Hope_speech,images/IHS_0333.jpg
All lives matter fool,Non_hope_speech,images_DE/DE_NHS_0147.jpg
Religion has no place in the 21st Century,Hope_speech,Images_SD/SD_HS_0529.jpg
mdnayoure beacon of hope in dark unpredictable worldthank you for standing up and continuing the fight for changei love you,Hope_speech,Images_SD/SD_HS_0568.jpg
God gave us choice My choice is to love nWho cut the onions in here,Hope_speech,images/IHS_0611.jpg
chick who doesnt like homosexuals needs to figure her life out were the same as you,Non_hope_speech,images/INHS0269.jpg
What seems SATANIC here is you,Non_hope_speech,Images_SD/SD_NHS_0496.jpg
Im atheist and still support and agree with the LGBTQ community,Hope_speech,Images_SD/SD_HS_0602.jpg
