text,label,image
IT You need to stop They can choose how they want to live,Hope_speech,images_DE/DE_HS_0422.jpg
If all lives dont matter Soon No lives will matter Stop the hate Show some love,Hope_speech,images_DE/DE_HS_0474.jpg
How can someone come from different country and live here and get everything for free,Non_hope_speech,images_DE/DE_NHS_0449.jpg
RACISTS CANNOT WIN,Hope_speech,images_DE/DE_HS_0557.jpg
Sasha Dumse god made us to be ourselves,Hope_speech,images_DE/DE_HS_0209.jpg
That would just be pure mean SHEs SO CUTE,Non_hope_speech,images_DE/DE_NHS_0536.jpg
yall need to shut up ab annie every girl with short hair isnt lesbian jesus christ,Hope_speech,images_DE/DE_HS_0555.jpg
All lives do matter regardless of race Period there is good and bad people of all races We all need to come together and stop letting the media separate us this is ridiculous,Hope_speech,images_DE/DE_HS_0194.jpg
Just think in hundreds of years time someone will find this and maybe think is this what humans were like back in the 2020s,Non_hope_speech,images_DE/DE_NHS_0638.jpg
Why do so many black people often refer to slavery They never experienced slavery themselves and white people didnt invent the system of slavery,Non_hope_speech,images_DE/DE_NHS_0556.jpg
Yall are missing the point of black lives matter Black lives matter means equal rights for black ppl and it doesnt mean were dismissing other races If disagree with BLM your disagreeing with black ppl living in society and if disagree with that then idk what to say to you,Hope_speech,images_DE/DE_HS_0078.jpg
Midoriya stand your ground hehe sorry had too,Non_hope_speech,images_DE/DE_NHS_0362.jpg
You know it friend,Non_hope_speech,images_DE/DE_NHS_0206.jpg
Wanted to write comment Then read yours Like and time saved Thanks,Non_hope_speech,images_DE/DE_NHS_0542.jpg
Im Christian but choose not to judge Its not my place to judge others and so love everyone plus might be lil bi so theres that:person shrugging:,Hope_speech,images_DE/DE_HS_0046.jpg
Batista that kind of is their end goal,Non_hope_speech,images_DE/DE_NHS_0139.jpg
Its really stupid my friends parents threatened her with conversion therapy her dad is pastor and found out weeks ago,Hope_speech,images_DE/DE_HS_0631.jpg
Definitely true all lives matter duddent matter what color you were born to bennnnMartin Luther King,Non_hope_speech,images_DE/DE_NHS_0512.jpg
Take the passport of the protestors and kick them out of the country,Non_hope_speech,images_DE/DE_NHS_0120.jpg
think this is my new favourite Madonna interview thank you for holding my hand through some of the worst of it Bless you,Hope_speech,images_DE/DE_HS_0236.jpg
benjamin ramsey thats like saying you shouldnt get upset for when somebody criticizes or says your bad person because your color of skin,Non_hope_speech,images_DE/DE_NHS_0506.jpg
My family is very religious and dont know how theyll take it if ever tell them that swing both ways Im happy for the kids who have such positive view on the LGBT community,Hope_speech,images_DE/DE_HS_0216.jpg
All lives matter they just want your vote dont give crap about awke up your,Non_hope_speech,images_DE/DE_NHS_0443.jpg
Lilo Stitch had fat Polynesians,Non_hope_speech,images_DE/DE_NHS_0023.jpg
haha cant breathe,Non_hope_speech,images_DE/DE_NHS_0469.jpg
How bout we stop saying black lives matter or all lives matter lets just all agree LIVES MATTER idc if you frog human purple dude in banana costume,Non_hope_speech,images_DE/DE_NHS_0359.jpg
Pull down all Socialist statues,Non_hope_speech,images_DE/DE_NHS_0305.jpg
An angel honestly,Non_hope_speech,images_DE/DE_NHS_0196.jpg
was kinda digging that Annie girl until she said dont agree with homosexuality,Non_hope_speech,images_DE/DE_NHS_0444.jpg
We are all of the same race the human race,Hope_speech,images_DE/DE_HS_0180.jpg
think sexuality is choicennGirl if could choose to be straight would but,Hope_speech,images_DE/DE_HS_0486.jpg
Edward Colston RIP,Non_hope_speech,images_DE/DE_NHS_0001.jpg
Thats not the same because isis is supremacy group Taking down statue of statue is not anagolous to what isis did,Non_hope_speech,images_DE/DE_NHS_0424.jpg
Im here to break all kinds of stereotypes Im freshman engineer major JESUS IS GOOD,Hope_speech,images_DE/DE_HS_0561.jpg
Thats right all lives do matter period and if you think that its not then shame on you ALL LIFE MATTERS PERIOD ONE LOVE TO ALL HUMANS,Hope_speech,images_DE/DE_HS_0192.jpg
Great Slave traders and racists shouldnt be admired in this century,Hope_speech,images_DE/DE_HS_0191.jpg
AMR BIN AAS persecution against the early muslims Eaven though the Muslims 83 men and 18 women completely left mecca,Non_hope_speech,images_DE/DE_NHS_0006.jpg
Lives matter If you nominate only one race before that statement you are the racist,Hope_speech,images_DE/DE_HS_0299.jpg
All life MATTER White,Hope_speech,images_DE/DE_HS_0472.jpg
AND NOW DEMS ARE SO DESPERATE LOOK AT WHAT THEY AND BLM AND ANTIFA ARE DOING NOW,Non_hope_speech,images_DE/DE_NHS_0058.jpg
looking at it from another perspective all lives dont matter in the sense that we are here borrowed and eventually die so we dont matter at the end lol,Non_hope_speech,images_DE/DE_NHS_0255.jpg
black lives matter is racist orginization and should be treated as domestic terrorists,Non_hope_speech,images_DE/DE_NHS_0310.jpg
Im from the UKhes seems like good guy,Non_hope_speech,images_DE/DE_NHS_0181.jpg
She fight and defend,Hope_speech,images_DE/DE_HS_0480.jpg
Nobody has supported the LGBT community like MADONNA even in the darkest hours she has always been an advocate fighter for human rights,Hope_speech,images_DE/DE_HS_0007.jpg
Jens Im not offended by black lives matter The first comment in this topic was about how the slogan was racist went on to say that dont think its racist but had my concerns how it could be causing divide and doing more harm than good nA good number of the comments on here say its racist so clearly some people have an issue with it,Hope_speech,images_DE/DE_HS_0428.jpg
will never raise my son to be racist Those who embrace life know what the true answer isnShame on those who think one race is more important than another,Non_hope_speech,images_DE/DE_NHS_0351.jpg
Both candidates should avoid using triangles as well,Non_hope_speech,images_DE/DE_NHS_0101.jpg
Brandow nThankyou RitanEnjoy the day,Non_hope_speech,images_DE/DE_NHS_0242.jpg
And our prime minister sends out tweet Just as bad as Trump What happened to all the strong leaders Bunch of puppets and pussys the lot of them Get on national TV and do say something constructive Pass new laws use your power find your backbone This is no the time for demonstrations its as simple as that,Non_hope_speech,images_DE/DE_NHS_0055.jpg
this woman is pioneer and love her endlessly for all of her work towards helping the LGBTQIA community and certainly women,Hope_speech,images_DE/DE_HS_0155.jpg
she is amazing,Non_hope_speech,images_DE/DE_NHS_0467.jpg
Your life matters to me lot,Non_hope_speech,images_DE/DE_NHS_0333.jpg
Im so thankful that growing up had those construction toys to play with when was young Its amazing that youve inspired such young girls to become excited about building things and learning about engineering,Hope_speech,images_DE/DE_HS_0179.jpg
ALL LIVES MATTERnHey,Hope_speech,images_DE/DE_HS_0435.jpg
Your right about the toys If we were given these toys we would have better spatial skills and love science and engineering,Hope_speech,images_DE/DE_HS_0385.jpg
hope you are getting support,Hope_speech,images_DE/DE_HS_0100.jpg
De Los santos nah that would be to take step back We dont want to split each other up We have to unite in order to fix it,Hope_speech,images_DE/DE_HS_0093.jpg
God doesnt see color he sees whats in our hearts so therefore all lives matter its just choice of heaven or hell so you choose,Hope_speech,images_DE/DE_HS_0066.jpg
so youre just an actual racist then,Non_hope_speech,images_DE/DE_NHS_0258.jpg
Oh shut up Bernie are you still jabbering on,Non_hope_speech,images_DE/DE_NHS_0002.jpg
Ill never understand when someone says they dont agree with homosexuality It literally has NOTHING to do with you Theres nothing to agree with It just is what it is and always has been,Hope_speech,images_DE/DE_HS_0510.jpg
This was so inspiring,Hope_speech,images_DE/DE_HS_0296.jpg
okay uh next video interview men see how that turns out,Non_hope_speech,images_DE/DE_NHS_0357.jpg
anime preductions im also trans guy and know how hard it can be to tell someone Its amazing that you already have told some friends,Hope_speech,images_DE/DE_HS_0418.jpg
All lives matter fool,Non_hope_speech,images_DE/DE_NHS_0147.jpg
year later and hope you are fulfilling your dream 3nI reported comment and truly hope you had not seen the remark,Hope_speech,images_DE/DE_HS_0516.jpg
agree but thats only some and think most mean to use in the the meaning and text explained its not always the one you explained and that can be misunderstanding when people assume that that was their intentions,Non_hope_speech,images_DE/DE_NHS_0059.jpg
This is the beginning of ww3 its gonna be white people against everyone else in their own lands,Non_hope_speech,images_DE/DE_NHS_0025.jpg
am male engineer and dont feel like fit in in engineering If you are girl and you have the desire to become an engineer,Hope_speech,images_DE/DE_HS_0103.jpg
ALL LIVES MATTERS WETHER YOU ARE BLACK WHITE BROWN BLUE YELLOW ALL HUMANS LIVES MATTER IN THE SIGHT OF GOD CHRIST SHALOM,Hope_speech,images_DE/DE_HS_0517.jpg
All lifes matters,Hope_speech,images_DE/DE_HS_0604.jpg
what privilege when millions of whites live in poverty,Non_hope_speech,images_DE/DE_NHS_0544.jpg
cried while watching this video Clearly pain is being reflected in every word when the guy was talking about abuse There are so many evil people in this world hope no one ever goes through such pain at early age in their lifenThank you HiHo for creating this video Im learning lot also showed this video to my little sisters and now they have also subscribed to your channel,Hope_speech,images_DE/DE_HS_0174.jpg
Its actually none of your business,Non_hope_speech,images_DE/DE_NHS_0121.jpg
All of us matter All human life matters,Hope_speech,images_DE/DE_HS_0270.jpg
THIS IS racest There saying that black lives matter but what about ALL lives What about the white people ALL LIVES MATTER no matter what color,Hope_speech,images_DE/DE_HS_0125.jpg
jo ma if they are miserable,Non_hope_speech,images_DE/DE_NHS_0062.jpg
im guessing the people who do that want people to know that they are friends with the just for validation,Hope_speech,images_DE/DE_HS_0624.jpg
would be able to support BLM if they also focused on the thousands of people killed in Dem run cities like Chicago,Non_hope_speech,images_DE/DE_NHS_0382.jpg
Walker hail Satan,Non_hope_speech,images_DE/DE_NHS_0566.jpg
Im currently in college pursuing an electrical engineering degree have the same feelings am constantly doubting my self It always seems like everyone else in class is understanding except me try so hard and barely make it wonder if Im just setting my self up for failure Like what am doing to myself Is this worth it in the end Will make it to the end This video really touched me and made me understand that we can do this So what if we are the only girls So what if we dont do it right the first time Lets keep going and not give up,Hope_speech,images_DE/DE_HS_0606.jpg
Gregory not everyone thought that at all lol,Non_hope_speech,images_DE/DE_NHS_0432.jpg
lewis Hi Eve Its never to early to start learning engineering Especially these days,Hope_speech,images_DE/DE_HS_0032.jpg
Some1 seriously,Non_hope_speech,images_DE/DE_NHS_0154.jpg
Chloe Winchester shes allowed to have different opinion,Non_hope_speech,images_DE/DE_NHS_0369.jpg
THIS WAS VERY INSPIRATIONAL TO ME,Hope_speech,images_DE/DE_HS_0587.jpg
That would just be pure mean,Non_hope_speech,images_DE/DE_NHS_0597.jpg
bless you wish you all the very best xxx,Hope_speech,images_DE/DE_HS_0237.jpg
Bernie sanders using black people for political points,Non_hope_speech,images_DE/DE_NHS_0281.jpg
In my country there is no big discrimination against women pursuing degree,Hope_speech,images_DE/DE_HS_0169.jpg
used to chant ALL Lives Matter until black edumuhcated me,Non_hope_speech,images_DE/DE_NHS_0563.jpg
lost most all except one of my friends after coming out as bisexual Im lucky my family is so accepting My sister is bisexual as well The only hard part is my grandparents on my fathers side We meet up every year for few days My older cousins bring their girlfriends and every year at the end of the visit my grandparents say to me Someday you will bring your boyfriend to be with us We cant wait to meet him when you get one Its so awful,Hope_speech,images_DE/DE_HS_0466.jpg
Parsons Self pity based on exactly what Go ahead and tell me about the criminal record dont have,Non_hope_speech,images_DE/DE_NHS_0397.jpg
females dont do engineering as much cause they start to lack the social support when the study gets too hard or when the job demands are high and no one is there for them emotionally so they drop out,Hope_speech,images_DE/DE_HS_0298.jpg
Its not about black lives Its all about the tactics of intimidation by the police that sometimes escalates situation and will lead to excessive force and generally due to the lack of cooperation by the suspect When ones freedom is at stake ones instincts will lead to defending that Liberty and often times this is precipitated by the police officer allowing his emotions to get the best of him It doesnt matter what race you are what matters is,Hope_speech,images_DE/DE_HS_0316.jpg
barwick bloke driving his family away from the city or thousands of protesters crammed in city protesting about an incident across the Atlantic yeah nice one,Non_hope_speech,images_DE/DE_NHS_0003.jpg
Another this week in stupid outlet,Non_hope_speech,images_DE/DE_NHS_0316.jpg
As she says women have different perspective In field such as engineering where innovative ideas and thinking outside the norm is so rewarded there should be definite demand for girls to have an equal chance for an engineering career,Hope_speech,images_DE/DE_HS_0225.jpg
This was such heartfelt Ted talk really hit home for me as an industrial engineer in my senior year Especially personally this week because have dealt my whole college life with doubters and disbelievers in my intelligence and diligence to realize Im not alone in feeling alone was very awakening and motivating Im so inspired to inspire young females to dare to challenge societal pressures and expectations and open the minds of the close minded An engineer once asked me what it was like to be in mans world and replied with Im used to it and its not mans world,Hope_speech,images_DE/DE_HS_0590.jpg
ok Putin Cant wait for Kokichi to be president,Non_hope_speech,images_DE/DE_NHS_0048.jpg
never knew conversion therapy was thing until today Therapy is supposed to help you,Non_hope_speech,images_DE/DE_NHS_0172.jpg
bachelor of science in civil engineering currently on my sophomore year and tbh,Hope_speech,images_DE/DE_HS_0626.jpg
dont agree in hire people just because they are men,Hope_speech,images_DE/DE_HS_0058.jpg
joslyn richardson barely any cop kills black man just because hes black,Non_hope_speech,images_DE/DE_NHS_0490.jpg
Id vote for that sherriff for almost any office,Non_hope_speech,images_DE/DE_NHS_0236.jpg
Very inspiring Thankyou,Hope_speech,images_DE/DE_HS_0111.jpg
balance of truth Listen and learn its called panderingdivide and conquerits democrat way,Non_hope_speech,images_DE/DE_NHS_0049.jpg
Its important to note the date of this video conversation is October 15,Non_hope_speech,images_DE/DE_NHS_0265.jpg
You have to surround with the right people,Non_hope_speech,images_DE/DE_NHS_0004.jpg
know right,Non_hope_speech,images_DE/DE_NHS_0647.jpg
Why is Micheal Browns name on here He wasnt Murdered either,Non_hope_speech,images_DE/DE_NHS_0228.jpg
IM canadian here whe hate racist nBLM is racist movement who support fascisme,Non_hope_speech,images_DE/DE_NHS_0602.jpg
Only logic truth matters,Non_hope_speech,images_DE/DE_NHS_0111.jpg
Where does this impression come from that LEGO is boys toy It is completely gender neutral,Hope_speech,images_DE/DE_HS_0409.jpg
Not trying to steal your thunder,Non_hope_speech,images_DE/DE_NHS_0292.jpg
All lives matter isnt movement nAll lives matter is statement EVERY LIVE MATTERS Why is that so hard,Hope_speech,images_DE/DE_HS_0269.jpg
some people differnt and thats ok and love is love and my church has pastor and allmost every body is part of LGBTQ and think and am bisexul and thats ok sooo what am saying is that love is love and deal with it and god would not make us if he knew we where going to change btw am olny 10 so this is very hard to wright so thx,Hope_speech,images_DE/DE_HS_0402.jpg
The white people getting involved just trying to point score,Non_hope_speech,images_DE/DE_NHS_0441.jpg
Girls can do much better than boys,Hope_speech,images_DE/DE_HS_0623.jpg
wish people would love lot of Christian denominations are loving to LGBT,Hope_speech,images_DE/DE_HS_0006.jpg
Never even occurred to me that it was boys thing Seriously had no idea might be studying chemical engineering next year and Im very excited Every person that have told just wishes me luck or congratulated me and is not weirded out by it This is the first time that Im hearing that its more of boys thing,Hope_speech,images_DE/DE_HS_0361.jpg
what does it matter if your female or male just do your job,Hope_speech,images_DE/DE_HS_0034.jpg
God gave us choice and my choice is to love im crying,Hope_speech,images_DE/DE_HS_0483.jpg
The main cause of racism is the mentality of people,Hope_speech,images_DE/DE_HS_0157.jpg
For those saying,Non_hope_speech,images_DE/DE_NHS_0447.jpg
dont even care if he was trader,Non_hope_speech,images_DE/DE_NHS_0244.jpg
Great talk We also need more women in science,Hope_speech,images_DE/DE_HS_0023.jpg
Some of these little kids are so bright its crazy also love how kind and open Marcus was He had wonderful message about being yourself in general no matter who you are and love that,Hope_speech,images_DE/DE_HS_0329.jpg
America is not Patriarchy,Hope_speech,images_DE/DE_HS_0045.jpg
God gave us choice and my choice is to love,Hope_speech,images_DE/DE_HS_0367.jpg
Hernandez No you are wrong grew up in three parent house hold Grandma was there also got great education and finished with honors How does any of that help me when am spotted by satanic cop can tell you breaking the law is not prerequisite to going to jail nnThe masses must rise up and fight this evil system of oppression By any means necessary,Non_hope_speech,images_DE/DE_NHS_0386.jpg
why is everyone so annoyed at these CHILDREN like cmon they are probably not very educated in this and yall screech if they even think about the word choice,Hope_speech,images_DE/DE_HS_0287.jpg
You are right all lives matter and Im black,Hope_speech,images_DE/DE_HS_0526.jpg
All lifes matter,Hope_speech,images_DE/DE_HS_0491.jpg
If you say All lives matter,Hope_speech,images_DE/DE_HS_0546.jpg
crystal has restored my faith in humanity,Hope_speech,images_DE/DE_HS_0232.jpg
So they were trying to change your personality That would be,Non_hope_speech,images_DE/DE_NHS_0042.jpg
Just try it sending us home ull have reall big problem caal us minority where im from try looking for the minority lolo,Non_hope_speech,images_DE/DE_NHS_0184.jpg
What the hell is this video no one says this shit to people,Non_hope_speech,images_DE/DE_NHS_0288.jpg
want to be biomedical engineer This video has helped me so much Im only 14 but its been my dream for about year now hope one day will be as successful and brave as this woman,Hope_speech,images_DE/DE_HS_0566.jpg
Do black lives mater Maybe not to black mothers when nearly 30 of all black pregnancy end in abortion,Non_hope_speech,images_DE/DE_NHS_0211.jpg
my choice is to love nnmy heart3,Hope_speech,images_DE/DE_HS_0104.jpg
Free The Nipple operated under the assumption that men would try to oppress them,Non_hope_speech,images_DE/DE_NHS_0346.jpg
Both Madonna and Elizabeth Taylor never turned their backs on the gaysnThey were both very involved with support for research from the very beginning of the AIDS crisis,Hope_speech,images_DE/DE_HS_0366.jpg
god gave us choice my choice is to lovenwhat an amazing kid,Hope_speech,images_DE/DE_HS_0467.jpg
The Amazing Atheist Ranting about Trump There may be some Racist groups that support Trump but that and all the hearsay speculation does not make Trump Racist as The Amazing atheist would have you believe Trump is not Racist,Hope_speech,images_DE/DE_HS_0636.jpg
thought that that one dude was girl,Non_hope_speech,images_DE/DE_NHS_0450.jpg
why dont you want other minorities to also be treated equally,Non_hope_speech,images_DE/DE_NHS_0175.jpg
Im 14 and in our school we have STEM program the fact that Im girl never discouraged me from applying But know that it discourages other girls as there are 22 kids in the program and only of us are girls,Hope_speech,images_DE/DE_HS_0070.jpg
Who is dying to go out and interact or employ black person after all of this with the risk of being branded racist if one day they decide to call you one the minute they dont agree with you Black community just does not understand that you cannot just simply demand respect from people,Non_hope_speech,images_DE/DE_NHS_0056.jpg
Huynh Daniel Shaver Shot brutally due to being unable to follow conflicting and confusing orders,Non_hope_speech,images_DE/DE_NHS_0135.jpg
We cant change the past we can only change the future,Non_hope_speech,images_DE/DE_NHS_0289.jpg
actually she came out as bi acording to the ppl in the comments,Non_hope_speech,images_DE/DE_NHS_0007.jpg
This is all stupid,Non_hope_speech,images_DE/DE_NHS_0118.jpg
Your name is literally my bio on everything XD,Hope_speech,images_DE/DE_HS_0106.jpg
As Hispanic woman this makes me both weary about pursuing my degree and even more driven at the same time,Hope_speech,images_DE/DE_HS_0088.jpg
Im glad to hear that youre figuring out who you are and that you have someone to talk to strongly recommend that you talk KantaDiya about how youre feeling,Hope_speech,images_DE/DE_HS_0558.jpg
All Lives Matter especially now,Hope_speech,images_DE/DE_HS_0241.jpg
Feel like modern day slave when go to work,Non_hope_speech,images_DE/DE_NHS_0060.jpg
Now stop this protesting because we are all equal My best friend is black and even she says all of this is blown out of proportion Yesterday in the UK seen black police officers dragging white man across the pavement You dont see me recording it shouting at them saying there racist There doing there job,Hope_speech,images_DE/DE_HS_0379.jpg
wouldnt say Im AGAINST homophobia and people who are homosexual also part of the LGBTQ community as AGAINST is too much of strong word dont agree with it,Hope_speech,images_DE/DE_HS_0359.jpg
spent years in highschool with majors science,Hope_speech,images_DE/DE_HS_0543.jpg
sMe TheHerpes poor answeranything more convincing than that,Non_hope_speech,images_DE/DE_NHS_0519.jpg
say all lives matter dont care who likes it and who dont point blank ALL LIVES MATTER,Hope_speech,images_DE/DE_HS_0414.jpg
BLM WE FIGHT AGAINST RACISM Ok when you gonna talk about racism towards AsiansWhitesLatinos,Non_hope_speech,images_DE/DE_NHS_0546.jpg
Hates not gonna get you anywhere in the world PREACH,Hope_speech,images_DE/DE_HS_0408.jpg
Sunshine littlephilly hmm wasnt aware that loving my soulmate who is girl would send me to hellkinda makes me the happiest ive ever been love is beautiful no matter what form,Hope_speech,images_DE/DE_HS_0014.jpg
Do you know why there are no protests in Russia Because putin is not black,Non_hope_speech,images_DE/DE_NHS_0322.jpg
ALL LIVES MATTER To say otherwise is just racist,Hope_speech,images_DE/DE_HS_0067.jpg
All lives matter includes black lives,Hope_speech,images_DE/DE_HS_0620.jpg
god gave us choice my choice is to love wait im literally crying love him so much,Hope_speech,images_DE/DE_HS_0146.jpg
All lives matter for SURE Everyone is equal,Hope_speech,images_DE/DE_HS_0086.jpg
think all lives matter instead of saying black lives matter we should all come together and be saying all lives matter Skin colors shouldnt change our feelings for each other but my opinion on George Floyd is that he didnt deserve to die but do not think hes hero because he was criminal and cant forgive him for when he held gun up to pregnant ladys baby hump and said he would shoot her baby hump and the lady herself,Hope_speech,images_DE/DE_HS_0150.jpg
am girl in 6th Grade who is interested in STEM Whenever tell people that,Hope_speech,images_DE/DE_HS_0627.jpg
homosexuality isnt something you can disagree with Just like having red hair The sentence dont agree with red hairness doesnt make sense Same for dont agree with homosexuality,Hope_speech,images_DE/DE_HS_0518.jpg
Because the hateful mob doesnt like it,Non_hope_speech,images_DE/DE_NHS_0569.jpg
cant believe some people dont accept people because of who they like Religion or not The God know loves everyone,Hope_speech,images_DE/DE_HS_0328.jpg
Her face,Non_hope_speech,images_DE/DE_NHS_0498.jpg
Hey Im bisexual too,Hope_speech,images_DE/DE_HS_0148.jpg
Black lives matters trying to separate themself by race which in itself is racist,Non_hope_speech,images_DE/DE_NHS_0395.jpg
But its not reverse racism,Non_hope_speech,images_DE/DE_NHS_0624.jpg
Lee Claus publish what,Non_hope_speech,images_DE/DE_NHS_0394.jpg
The only lives that matter are people of righteousness,Non_hope_speech,images_DE/DE_NHS_0034.jpg
Who would give this thumbs down,Non_hope_speech,images_DE/DE_NHS_0541.jpg
All got from that waffle was that youre ok with begin sexist as long as its towards men Theres nothing wrong with having predominantly male oriented field you know,Non_hope_speech,images_DE/DE_NHS_0050.jpg
if everyone is too be equal the make it so everyone is equal,Hope_speech,images_DE/DE_HS_0218.jpg
Good Keep that mentality and dont be victim,Hope_speech,images_DE/DE_HS_0527.jpg
Saying Black Lives Matter doesnt mean Screw everyone else who isnt black Why dont White Americans get thatnThe fact that group of people have to stand in protest and practically scream Hey We deserve the right to life because of the recent publicly exposed police brutality should be the concern here Saying All lives matter is unnecessary and is doing an injustice to Black Americans If all lives truly mattered then Black Lives Matter wouldnt be movement so necessary today,Hope_speech,images_DE/DE_HS_0351.jpg
im glad they got male perspective to balance the discussion dafuq you know how much easier it is to get job as woman they want to hire 50 women when theyre 20 of grads how is that equal for generation thats been taught woman can do anything as good as men it should be about ability not genitals totally agree on that point,Hope_speech,images_DE/DE_HS_0469.jpg
that Christian girl has warped my brain,Non_hope_speech,images_DE/DE_NHS_0287.jpg
Instead they are even more racist in many cases,Non_hope_speech,images_DE/DE_NHS_0553.jpg
lets undo everything the statue guy didnsend the blacks back america wants refund,Non_hope_speech,images_DE/DE_NHS_0222.jpg
There is God and He is good Beauty plus brains trumps everything else She is likely one of the most intelligent CEOs around and the hottest ever speaker on TED Talks,Hope_speech,images_DE/DE_HS_0074.jpg
Women have equal opportunity to succeed at STEM related fields in fact with graduation rate much higher than men,Hope_speech,images_DE/DE_HS_0552.jpg
WHEN SEE PEOPLE WITH SHIRT ON THAT SAYS BLACK LIVES MATTERI THINK WHO TOLD THEM THEY DONT MATTER MATTER,Non_hope_speech,images_DE/DE_NHS_0282.jpg
this comment makes no sense because noone was saying other lives dont matter,Non_hope_speech,images_DE/DE_NHS_0044.jpg
It has nothing to do with race,Non_hope_speech,images_DE/DE_NHS_0075.jpg
Every life matters,Hope_speech,images_DE/DE_HS_0227.jpg
Now we waitnnwhen the dust clears the good will inherit the world,Hope_speech,images_DE/DE_HS_0123.jpg
And 14 and like cars,Non_hope_speech,images_DE/DE_NHS_0129.jpg
in Gods eyes all lifes matter,Hope_speech,images_DE/DE_HS_0310.jpg
Im stunned by the number of sexist comments by males here Whats more interesting to me is why so many males are insecure about the fact that women are entering the field of engineering This isnt war what are you so afraid of That your masculinityintelligence is under attack Well,Hope_speech,images_DE/DE_HS_0560.jpg
am truly Greg what do you mean,Non_hope_speech,images_DE/DE_NHS_0427.jpg
Sunshine littlephilly reading your comment was rollercoaster of oh dont agree with that but also oh thats sweet and then back again,Non_hope_speech,images_DE/DE_NHS_0277.jpg
All lives matter Stop dividing people by skin color,Hope_speech,images_DE/DE_HS_0126.jpg
Honesty wow youre so unique with that mindset,Non_hope_speech,images_DE/DE_NHS_0384.jpg
This is the most idiotic,Non_hope_speech,images_DE/DE_NHS_0177.jpg
Haskins the left BLM What rock did you climb out from under Lol Welcome back,Non_hope_speech,images_DE/DE_NHS_0482.jpg
feel will cry it happen to me everyday at the university but am so grateful to be there thanks for inspiring us,Hope_speech,images_DE/DE_HS_0182.jpg
my asian wife gets harassed almost every single day for being asian nobody talk bout race when white people get killed on the street because they white,Non_hope_speech,images_DE/DE_NHS_0421.jpg
such an inspiration,Hope_speech,images_DE/DE_HS_0363.jpg
Omg conversion therapy should be illegal,Hope_speech,images_DE/DE_HS_0509.jpg
HiveMind Bandwagon Emotional Contagion Mass Hysteria Victim Mentality WoeisMe Covid19 Boredom Pentup AngerAggression Lost sheep looking for any cause baaah Misled Astray Deflection Diversion Distraction from all the real issues on our planet nnWhat ever happened to creatingcontributingcommunityunity And making oneself useful rather than spreading viruses,Non_hope_speech,images_DE/DE_NHS_0216.jpg
Shepard If hear any,Non_hope_speech,images_DE/DE_NHS_0229.jpg
WTF let them love anyone ITS NONE OF YOUR BUSINESS,Hope_speech,images_DE/DE_HS_0092.jpg
fapnawb So All Lives Matter because all race that gets affected is applied,Hope_speech,images_DE/DE_HS_0115.jpg
Pelosi is stupid idiot because police are being trained in Israel and thats how they treat the Palestinian people and they learned that type of apartheid terror training to do it on American citizens dont send police to Israel to train,Non_hope_speech,images_DE/DE_NHS_0645.jpg
god gave us choice and my choice is to love,Hope_speech,images_DE/DE_HS_0282.jpg
The kid who said he chose to love is very smart and mature for his age to say something like that Its nice to see that there are still kids like that who believe in being kind to one another and not trying to fit in if it means being mean,Hope_speech,images_DE/DE_HS_0643.jpg
Ofc all lives matteralwaysbut right now black lives are in dangerits likeif house is on fireare the firefighters gonna spray every house because all houses matter or are they gonna spray the house on fireobviously the house thats on firesame applies for thisblack people are getting killed and not being treated with justice right now so they must get the attentionto say all lives matter is just trying to take away the spotlight from the problem black people are facing,Hope_speech,images_DE/DE_HS_0609.jpg
Ricky Norton blm,Non_hope_speech,images_DE/DE_NHS_0372.jpg
The video says kids meetbut it always feels like Im meeting new and unique person,Hope_speech,images_DE/DE_HS_0447.jpg
Westlake Lol no,Non_hope_speech,images_DE/DE_NHS_0366.jpg
No one says it to be racist they say it because its true its not the color its the character,Hope_speech,images_DE/DE_HS_0290.jpg
wish that people werent so heartless She truly is an advocate for bettering the lives of others just wish that the so many lives were never taken away,Hope_speech,images_DE/DE_HS_0342.jpg
People really start to suck as they grow up The younger kids were so sweet and accepting as opposed to the older girl whos clearly in denial mode About herself,Hope_speech,images_DE/DE_HS_0441.jpg
This was honestly exactly what needed at this moment Im currently in my first year of mechatronic engineering,Hope_speech,images_DE/DE_HS_0128.jpg
Thank you so much for inspiring me Ive always been feeling like Ive made the wrong decision by choosing to do engineeringI always feel like cant do it Im just surviving just wanted to finish and get out And do something better with my life But now get Im back thank you so much Im 400l mechanical engineering student from the university of Lagos,Hope_speech,images_DE/DE_HS_0255.jpg
dont care about either side stay away from me,Non_hope_speech,images_DE/DE_NHS_0381.jpg
All life matter is simple Any person from any race can end up in jail,Hope_speech,images_DE/DE_HS_0143.jpg
Why not band together and fight all racism at once peacefully,Hope_speech,images_DE/DE_HS_0011.jpg
Me too still think she is,Non_hope_speech,images_DE/DE_NHS_0109.jpg
My dad ALWAYS included me on all his manly things growing up He is my biggest supporter in pursuing my mechanical engineering degree started working in the industrial manufacturing industry and fell in love,Hope_speech,images_DE/DE_HS_0305.jpg
Im currently working towards my bachelors in engineering Im female and not the smartest,Hope_speech,images_DE/DE_HS_0141.jpg
Inspiring Although Im guy,Hope_speech,images_DE/DE_HS_0135.jpg
feel like just the thought of conversion therapy even though my parents dont believe in that at all,Hope_speech,images_DE/DE_HS_0087.jpg
Sunshine littlephilly Obviously you do my understand sexuality It is not choice and you cannot just change it But do appreciate that you would still treat them as human and be kind to them,Hope_speech,images_DE/DE_HS_0539.jpg
All lives are what you make of them nWe are all born and we will all die,Hope_speech,images_DE/DE_HS_0258.jpg
The Nobel Peace Price is awarded to persons who Save Many Lives think she deserves the award,Hope_speech,images_DE/DE_HS_0233.jpg
Madonna is tired yes Part of the game that she was playing over the years... She understand now that nothing really have changed trully,Non_hope_speech,images_DE/DE_NHS_0619.jpg
Dumse then why did he give us free will and thought he made us to fail and sin,Non_hope_speech,images_DE/DE_NHS_0641.jpg
cried watching this video,Non_hope_speech,images_DE/DE_NHS_0153.jpg
Say all lives matter is,Hope_speech,images_DE/DE_HS_0038.jpg
She saved and changed my life Love my Queen,Hope_speech,images_DE/DE_HS_0072.jpg
Tank Its not about whats wrong with playing with Barbie dolls Shes trying to emphasize on how girls are trained expected to not go into the STEM field How people think that girls arent smart enough for it although facts say the opposite,Hope_speech,images_DE/DE_HS_0645.jpg
Some One or she just has SHORT HAIR AND COOL STYLE,Non_hope_speech,images_DE/DE_NHS_0020.jpg
growing up extremely low income and as woman of color engineering resources were not handed to me there were no toys this warmed my heart to know that girls my nieces age have toys like this regardless of that Im honored to say Ive been accepted to some incredible universities as bioengineering major so screw anyone who tells young women especially minoritiy disadvantaged that we cant do it because we can,Hope_speech,images_DE/DE_HS_0581.jpg
was that girl who would rather play with the legos and Lincoln logs Thank you for the inspiring speech,Hope_speech,images_DE/DE_HS_0512.jpg
At one point he explicitly told his Secretary of State for India,Non_hope_speech,images_DE/DE_NHS_0433.jpg
Ive watched this video in 2017 this is very inspiring,Hope_speech,images_DE/DE_HS_0121.jpg
Girl and boys are equal engineers like that she did not give up Like when her classroom teacher humilates her and she starts to cry also think she had good idea about girl construction toy,Hope_speech,images_DE/DE_HS_0261.jpg
All lives do matter we are all human beings after all,Hope_speech,images_DE/DE_HS_0545.jpg
My parents gave my brother all the next latest and greatest electronics that were coming out during early 2000s and they use to give me all the pretty dolls and role play toys typical for girls nThey thought he was going to be programmer cuz he played lot of computer games but he decided to major in art and majored in computer science lol didnt even know liked programming until took an intro cs course during my senior year of high school nI always knew had kind of an engineering mentality growing up because liked taking scraps from the recycling bin and building random things from it even made houses for my dolls and ignored the store bought doll house my parents gave to me for my birthdaynThis really inspires and reassures me that Im making the right choices for my path might even consider after complete my computer science degree to go pursue engineering as well,Hope_speech,images_DE/DE_HS_0493.jpg
The republicans dont give crap either Looking whats happening now under trump watch and now the worst economy since the Great Depression,Non_hope_speech,images_DE/DE_NHS_0024.jpg
feel like its generational thing Because am also not seeing an obstacle TooHard to overcome Stereotypes are for television It turns out you dont need to be some outcast But also believe its also because of women and influencers such as the speaker that make this possible,Hope_speech,images_DE/DE_HS_0386.jpg
No one is better than anyone else we are equal,Hope_speech,images_DE/DE_HS_0452.jpg
Im teenage girl who wants to become an engineer was talking to friend recently about why he decided that engineering wasnt for him,Hope_speech,images_DE/DE_HS_0569.jpg
Emilee Henderson exactly she wasnt being rude in anyway she was just giving her opinion like theres no need to harass anyone,Hope_speech,images_DE/DE_HS_0395.jpg
we would have alot more food people that actually work to pay there food,Non_hope_speech,images_DE/DE_NHS_0079.jpg
Dont lie who else is FAN of News nnMrBeast commented on my recent video:baguette bread:,Non_hope_speech,images_DE/DE_NHS_0504.jpg
Better to enjoy the light before it dies than to contemplate its death until its to late,Hope_speech,images_DE/DE_HS_0608.jpg
Lol Snoop Dogg got kicked out of Long Beach cause he dont contribute but alot do like Master opened up free college in New Orleans and Eminem contributes alot to Detroit,Non_hope_speech,images_DE/DE_NHS_0335.jpg
of Nibiru why not were being forced to care about George Floyd who was just violent thug anyways,Non_hope_speech,images_DE/DE_NHS_0464.jpg
completely understand you This Mexican girl will keep working towards her goals though,Hope_speech,images_DE/DE_HS_0301.jpg
so go back to China you comisate,Non_hope_speech,images_DE/DE_NHS_0404.jpg
Jones not true Theres red talk about it actually and theres research which produced results about why it might happen,Non_hope_speech,images_DE/DE_NHS_0418.jpg
Abda Youre right though People shouldnt assume her sexuality,Hope_speech,images_DE/DE_HS_0307.jpg
umm sis you look like you just came out of mcr concert,Non_hope_speech,images_DE/DE_NHS_0103.jpg
All lives matter why is Black live matter Why is White live matter Why is Yellow live matter All lives matter But do what you think its right Never ever mistaken between Criminals and Heroes,Hope_speech,images_DE/DE_HS_0398.jpg
The two party system is nothing but wings on the same bird Republican or Democrat,Non_hope_speech,images_DE/DE_NHS_0370.jpg
wish everyone could,Non_hope_speech,images_DE/DE_NHS_0180.jpg
TheLegend27 Is Alive also you can be christian and lesbian,Hope_speech,images_DE/DE_HS_0360.jpg
Do you think that God is going to think that black lives matter If you have it right with him all lives will matter,Hope_speech,images_DE/DE_HS_0585.jpg
How can you be surprised that people are surprised that you are an engineer in the same video that unbiased shows that only 10 of engineers are femalesnnThat means that your colleges are right to ask you if you are one of those mythological unicorns There is literally 90 chance youre notnnAlso you want more female engineers Good Me too Society too Dont preach to men how theyre not reacting well to you on the off chance you are an engineer Preach to young girls how engineering is cool,Hope_speech,images_DE/DE_HS_0026.jpg
queen to the LGBTQ Community,Hope_speech,images_DE/DE_HS_0054.jpg
Paver yes without black ppl how will we maintain our food supplies manpoweror anythings manpower,Non_hope_speech,images_DE/DE_NHS_0396.jpg
Kilmonger Im offended treat all my convicts equally all those jump suites are blue all come from the same pile nYou did the crime you got the time,Non_hope_speech,images_DE/DE_NHS_0234.jpg
When he was talking about how he was beat just wanted to give him hug :hugging face:,Non_hope_speech,images_DE/DE_NHS_0415.jpg
She has never been afraid to say these are my friends and love themnThis was well before it was fashionable to embrace the gaysnShe and Elizabeth Taylor were throwing millions of dollars towards AIDS research in the beginning,Hope_speech,images_DE/DE_HS_0275.jpg
think its is Its literally form of torture,Hope_speech,images_DE/DE_HS_0634.jpg
How can trust someone like Hilary,Non_hope_speech,images_DE/DE_NHS_0336.jpg
the Sheriff is one man would love to meet we need more people like him in this world,Non_hope_speech,images_DE/DE_NHS_0461.jpg
Let them Theyre wrong about everything anyway,Non_hope_speech,images_DE/DE_NHS_0230.jpg
now find him no play around Law Officer,Non_hope_speech,images_DE/DE_NHS_0220.jpg
was ALMOST with Juan till he said something stupid AGAIN,Non_hope_speech,images_DE/DE_NHS_0635.jpg
Racist is like jealousy its here to stay cheers,Non_hope_speech,images_DE/DE_NHS_0155.jpg
That introSuch an openminded girl,Non_hope_speech,images_DE/DE_NHS_0554.jpg
The only thing that puts doubt in girls minds are videos like this to whom ever is making stuff life this nnGet bent And hope to the atheist God that my daughter grows up and understands that all this is just bullshit and that her fate is in her own hands,Hope_speech,images_DE/DE_HS_0505.jpg
Asiya you cant disagree with sexuality lmao its like saying you disagree with people being black,Hope_speech,images_DE/DE_HS_0330.jpg
Idk if Im wierd but never really played with dollsI just loved playing with cars,Hope_speech,images_DE/DE_HS_0161.jpg
think Canada has pretty good Muslim community for the most part At least if Islam reformed like Canadian Muslims it probably would be fine think But still think almost all religion is cancer,Hope_speech,images_DE/DE_HS_0220.jpg
dont think Trump was trying to be anti semetic,Hope_speech,images_DE/DE_HS_0567.jpg
ALL lives MATTER WHITE AND PROUD,Non_hope_speech,images_DE/DE_NHS_0398.jpg
dont see how its not racist to boo man that says all lives matter because all lives do matter so if were to say only white lives matter that is definitely racist but its okay to say that only black lives matter think on that for minute this country is messed up right now and if we hate it that bad then its pretty easy just go somewhere else,Non_hope_speech,images_DE/DE_NHS_0375.jpg
Will nutsnThere good people and bad people All life matter,Hope_speech,images_DE/DE_HS_0413.jpg
Mew SelazNog its joke Do you not know what joke is,Non_hope_speech,images_DE/DE_NHS_0594.jpg
my friends should take notes,Non_hope_speech,images_DE/DE_NHS_0274.jpg
huhh that happened because of this,Non_hope_speech,images_DE/DE_NHS_0203.jpg
Omg he came out to himself when he was 13 same as me omg awesome,Hope_speech,images_DE/DE_HS_0324.jpg
Juan is Selllout getting paidnOff by George Soros,Non_hope_speech,images_DE/DE_NHS_0473.jpg
thought this was going to be another need feminism because speeches What pleasant surprise to wind up being moved and uplifted by her talknInstead of griping about all the problems,Hope_speech,images_DE/DE_HS_0384.jpg
Thank you Madonna from the bottom of my heartyou truly are an admirable and inspirational human being,Hope_speech,images_DE/DE_HS_0592.jpg
Central yes,Non_hope_speech,images_DE/DE_NHS_0010.jpg
The people in the young boys life are doing such great job You can see hes already becoming his own person and being really positive force,Hope_speech,images_DE/DE_HS_0588.jpg
Well it has to get to 666 at one point,Non_hope_speech,images_DE/DE_NHS_0616.jpg
Paulu are incorrect when say backs are killed more than white by police as in 2019 police killed 1004 people in America but 250 were black that leaves around 650 were of other races and considering whites are the most common race in America that mean large amount of that 650 were white And all lives matter was just slogan but is now movement as things change though time and so do people But Im white,Non_hope_speech,images_DE/DE_NHS_0599.jpg
Ditto from Boston,Non_hope_speech,images_DE/DE_NHS_0221.jpg
Keep persevering Anyone can become great engineer,Hope_speech,images_DE/DE_HS_0443.jpg
Im going to cry went through such similar experience and just hope all people can take away from this is to really actually treat people how you would like to be treated and be kind,Hope_speech,images_DE/DE_HS_0614.jpg
was really about to give up on entering STEM and just go to art school But this helped me,Hope_speech,images_DE/DE_HS_0482.jpg
Saying all lives matter takes away from the movement All lives are supposed to matter,Hope_speech,images_DE/DE_HS_0293.jpg
Should this be removed,Non_hope_speech,images_DE/DE_NHS_0524.jpg
Dont change because they dont like younChange because you want tonnDont really know if this is an origin quote,Hope_speech,images_DE/DE_HS_0134.jpg
Was that girl or guy that said homosexuality was sin,Non_hope_speech,images_DE/DE_NHS_0202.jpg
Engineering is for peoplennnI remember my intern days,Non_hope_speech,images_DE/DE_NHS_0223.jpg
Black lives matter Is racists statement All life is gift God gave you,Non_hope_speech,images_DE/DE_NHS_0493.jpg
Dumse Clearly he also made the man and man to love each other and female and female to love each other,Hope_speech,images_DE/DE_HS_0264.jpg
BILL CLINTON Right there know whatever award that was its garbage,Non_hope_speech,images_DE/DE_NHS_0376.jpg
Cooper For one you dont know how old am and not anywhere near the age of being boomer Say whatever you want,Non_hope_speech,images_DE/DE_NHS_0603.jpg
The person who didnt support it was so nice,Non_hope_speech,images_DE/DE_NHS_0611.jpg
We know that clown But Black lives matter TOO,Non_hope_speech,images_DE/DE_NHS_0360.jpg
All these are correctand yes All Lives Matter,Hope_speech,images_DE/DE_HS_0015.jpg
Coen yeah and she is one of them She would get more if she was played on the radio though,Non_hope_speech,images_DE/DE_NHS_0188.jpg
Kenan the fact that the wave will still happen,Non_hope_speech,images_DE/DE_NHS_0219.jpg
Shes also got every right to her own opinion She is child And she may not even be sure of what shes saying Leave her alone,Hope_speech,images_DE/DE_HS_0429.jpg
ALL LIVES MATTER God created us all and loves us all,Hope_speech,images_DE/DE_HS_0383.jpg
Melly agree and instead of all just being activists they should go to school for environmental sciences or politics so they can actually do some change instead of screaming about it in the street,Non_hope_speech,images_DE/DE_NHS_0341.jpg
Please dont um just dont tell anyone what sexuality they have or like give her few years cause honestly thats just kinda wrong isnt it like its kinda when people say to bisexual people oh,Non_hope_speech,images_DE/DE_NHS_0620.jpg
Im worried about Phil Lynotts statute in Ireland NOT,Non_hope_speech,images_DE/DE_NHS_0400.jpg
Juan is political panderer,Non_hope_speech,images_DE/DE_NHS_0451.jpg
920 To never give hope to never give up She said it with conviction,Hope_speech,images_DE/DE_HS_0374.jpg
In general Im inclined to believe people when they say they are being mistreated Especially when these signals are coming constantlynIm not in their shoes and cant pass judgement on what they should,Hope_speech,images_DE/DE_HS_0498.jpg
loved that manI Ill never forget get him olny if he was alive to see this RIP BLACK LIFES MATER today is the day we blacks are going take Powe,Non_hope_speech,images_DE/DE_NHS_0575.jpg
Paul my heart is not full hatred ibam not racist person am black my self the naacp is honestly not need anymore it aint the Jim crow era black were truly oppressed black peot are not the only racial or ethnic group that experience disadvantages all live matter want to figh for that basic human right that no human being should experience racism and discrimination or should be killed for who the we come together as humans and fight for all human being who suffered from these issues not juts black people,Hope_speech,images_DE/DE_HS_0145.jpg
Kodomo All lives Matter literally means All lives including Black lives matter No wonder why people dont support BLM anymore,Hope_speech,images_DE/DE_HS_0439.jpg
God gave us choice My choice is to love That is literally the sweetest thing Ive ever heard,Hope_speech,images_DE/DE_HS_0533.jpg
They are saying because they are female engineer,Non_hope_speech,images_DE/DE_NHS_0174.jpg
Born to be star an icon She has done so much for the LGBTQ community Im so horrified by the hate she gets because of her age,Hope_speech,images_DE/DE_HS_0349.jpg
son Dowdy bolloc By saying all lives matter,Non_hope_speech,images_DE/DE_NHS_0132.jpg
owo im homophobicok bye,Non_hope_speech,images_DE/DE_NHS_0560.jpg
am Christian and God did not teach teach us to not love someone because of there sexuality he thought to love everyone and show kindness,Hope_speech,images_DE/DE_HS_0260.jpg
The phrasing of the question at the debate loads dichotomy between the importance of black lives and all lives,Non_hope_speech,images_DE/DE_NHS_0136.jpg
Laurencya sure believe it genetic thing can change it with therapy,Non_hope_speech,images_DE/DE_NHS_0643.jpg
Heh yeah coming out is really scarynWhenever feel confident enough to try and come out,Hope_speech,images_DE/DE_HS_0511.jpg
Yeah it seems like that kid learned lot from this,Non_hope_speech,images_DE/DE_NHS_0537.jpg
Hardly any body protested outside of the US the media likes to portray good turn out,Non_hope_speech,images_DE/DE_NHS_0345.jpg
We need religion where everyone is accepted One where youre free to love and be happy One where you can be yourself,Hope_speech,images_DE/DE_HS_0214.jpg
The protesters rioters seem to favor the herd immunity strategy regarding the pandemic No social distancing,Hope_speech,images_DE/DE_HS_0331.jpg
That would be uh just pure mean love that kid awesome answer,Non_hope_speech,images_DE/DE_NHS_0511.jpg
emisoccer Not everyone see it that waynn Because of the systematic racism :person facepalming:,Non_hope_speech,images_DE/DE_NHS_0378.jpg
Im teenage girl and want to become an engineer Never have thought its boys thing,Hope_speech,images_DE/DE_HS_0529.jpg
In Gods eyes we all matter,Hope_speech,images_DE/DE_HS_0345.jpg
Your thinking is right and great,Hope_speech,images_DE/DE_HS_0181.jpg
Happy using the term black lives matter degrades everyone elses struggles All lives matter argues equality for all and to bring down all discrimination and racism,Hope_speech,images_DE/DE_HS_0222.jpg
kind gentle man has to endure torture because he just prefers his own gender Whatever sexual acts he does at least 90 of heterosexual women do for their partners also Why is it so terrible What is wrong with religious people to condemn something that is neither bad or unnatural The profess to be the religion of love yet are so hateful and intolerant,Hope_speech,images_DE/DE_HS_0158.jpg
Its good that you got strict religious type to voice his opinion and he was polite about it Throwing abuse at people who think differently never works but with open discussion the more enlightened thinking often wins through,Hope_speech,images_DE/DE_HS_0206.jpg
molyneux everybody knows that all lives matter,Non_hope_speech,images_DE/DE_NHS_0494.jpg
Do you really wanna die on that hill in the name of pedantry,Non_hope_speech,images_DE/DE_NHS_0197.jpg
Halligan so Im right,Non_hope_speech,images_DE/DE_NHS_0631.jpg
Ive known liked girls since was really young so yeah,Non_hope_speech,images_DE/DE_NHS_0403.jpg
love the honestly with all these kids even the girl who said she didnt agree with lgbtq,Non_hope_speech,images_DE/DE_NHS_0210.jpg
The older get the more dislike multiculturalism BLM and EDL is the same thing and they are all thugs,Non_hope_speech,images_DE/DE_NHS_0440.jpg
black people need reflection and white people,Non_hope_speech,images_DE/DE_NHS_0339.jpg
Tyrone Marcus you are so stupid you know that the section that says that man should not lie with man was translated wrong and meant to say not lie with boy referring to pedophilia and God loves everyone you cant say he hates gays because he doesnt hate anyone it called love the sinner hate the sin you dumbass you are hypocrite,Hope_speech,images_DE/DE_HS_0393.jpg
accept that you want to be equal,Hope_speech,images_DE/DE_HS_0547.jpg
guess they gave president Trump the Ellis island award for no reason While yall fake hate crimes,Non_hope_speech,images_DE/DE_NHS_0065.jpg
Why the hell does skin color matter so much anyway had hoped that people had moved beyond this,Hope_speech,images_DE/DE_HS_0619.jpg
We will all be telling are children about it,Non_hope_speech,images_DE/DE_NHS_0167.jpg
That little boy the grey shirt spoke big fax,Non_hope_speech,images_DE/DE_NHS_0080.jpg
think shell come out one day,Hope_speech,images_DE/DE_HS_0602.jpg
Thank you Madonna youre by years an inspiration and an openminder knight,Hope_speech,images_DE/DE_HS_0579.jpg
Why is it that the hundreds of thousands of black infants whose lives were terminated thru abortion werent important Why Again,Non_hope_speech,images_DE/DE_NHS_0198.jpg
Ill be graduating with degree in CS engineering next December was always the social,Hope_speech,images_DE/DE_HS_0462.jpg
thought Trump was president when they were taking,Non_hope_speech,images_DE/DE_NHS_0358.jpg
Someone coined term to bring light to an issue However others want to change the term that ends up deflecting the purpose of the term Cause we are trying to make you focus on lives that others dont think matter which is black lives,Non_hope_speech,images_DE/DE_NHS_0122.jpg
All lives matter no matter what colour simple,Hope_speech,images_DE/DE_HS_0591.jpg
dont think homosexuality is something you can or cannot agree with Its like saying dont agree with oxygen Its just thing that exists in the world You cant deny it or get rid of it Its not good or bad,Hope_speech,images_DE/DE_HS_0170.jpg
are incorrect on all accounts Women are not overrepresented She even stated that only 11 of the engineering workforce are female How is that number overrepresented Only 20 graduate with the degree only 20 even go into the field Lets see,Hope_speech,images_DE/DE_HS_0165.jpg
Okay so am majoring in engineering and this video hit me so so hard Im literally on study break after hours of studying mechanics of materials,Hope_speech,images_DE/DE_HS_0285.jpg
My gaydar is seriously going off on AnnieAmyArnieArmyWhatever they said,Non_hope_speech,images_DE/DE_NHS_0239.jpg
There was place like that it was called Slab City the authorities shut the shit down,Non_hope_speech,images_DE/DE_NHS_0527.jpg
this is inspiring im mechanical engineering student and needed this so bad,Hope_speech,images_DE/DE_HS_0226.jpg
that sheriff needs to jump on out of uncle toms cabin,Non_hope_speech,images_DE/DE_NHS_0191.jpg
Remove all films too,Non_hope_speech,images_DE/DE_NHS_0069.jpg
dont believe you are Asian dont believe Asia is thing Afroeurasia is one compact continent Its very easy to travel within it Africa is too close to Eurasia to be deemed separate,Non_hope_speech,images_DE/DE_NHS_0227.jpg
THE FOOL im not very religious Plus listening to different point of view is nice dont want to live in an echo chamber,Hope_speech,images_DE/DE_HS_0247.jpg
Conversion therapy is one of the most fucked up things ever heard Never agreed with it You cant change how someone biologically feels,Hope_speech,images_DE/DE_HS_0049.jpg
All life matter period and thats black matter too,Hope_speech,images_DE/DE_HS_0101.jpg
All lives matter and will never kneel to anybody except God,Hope_speech,images_DE/DE_HS_0599.jpg
just want to make this clear all lives matters but black people arent treated equally,Hope_speech,images_DE/DE_HS_0494.jpg
No hes notnBut BLM is affiliate with George Soros,Non_hope_speech,images_DE/DE_NHS_0491.jpg
Can we appreciate the fact that how sensitive and adorable all these kids are,Non_hope_speech,images_DE/DE_NHS_0410.jpg
Who ever said white lives DONT MATTER cockroach,Non_hope_speech,images_DE/DE_NHS_0279.jpg
Poor blacks They have it so bad Half century of Affirmative Action and endless racial setasides carved out exclusively for them just wasnt enoughnAnyone else here SICK to DEATH of this,Non_hope_speech,images_DE/DE_NHS_0442.jpg
was inspired as women to believe in myself and be strong independent women was raised with no encouragement and to be powerless She rocks :call me hand: OMG nearly cried to her comment at the end never give up,Hope_speech,images_DE/DE_HS_0251.jpg
We are all humans with likes and dislikes diffrent looks with all the same rights,Hope_speech,images_DE/DE_HS_0315.jpg
It really sucks at least in america you have freedom of speech for now cant believe in 2020 we are still having skin colour prejudice and issues as result it is pathetic if in millennia we cant get past something so simple as to understand that diversity is benefit to our survival as species we are doomed,Hope_speech,images_DE/DE_HS_0394.jpg
This is very inspiring am studying civil engineering,Hope_speech,images_DE/DE_HS_0231.jpg
That video clip should be posted online under definition of Pandering The Irish guy is the only one who meant what he said,Non_hope_speech,images_DE/DE_NHS_0168.jpg
against sounds fair,Non_hope_speech,images_DE/DE_NHS_0485.jpg
wish that people werent so heartless She truly is an advocate for bettering the lives of others just wish that the so many lives were never taken away,Hope_speech,images_DE/DE_HS_0082.jpg
Um when did say everyone is Christian,Non_hope_speech,images_DE/DE_NHS_0577.jpg
BLM is not about black lives If it was,Non_hope_speech,images_DE/DE_NHS_0233.jpg
FINALLY something positive,Hope_speech,images_DE/DE_HS_0436.jpg
We may look different and come from everywhere,Non_hope_speech,images_DE/DE_NHS_0068.jpg
all lives matter in Gods eyes,Hope_speech,images_DE/DE_HS_0530.jpg
Everyone is adoring how that one kid said god gave us choice and my choice is to love,Hope_speech,images_DE/DE_HS_0142.jpg
want you to Google sexist and point out part of society that is not sexist,Non_hope_speech,images_DE/DE_NHS_0492.jpg
that would just be uh pure mean so cute,Hope_speech,images_DE/DE_HS_0197.jpg
bro pls explain why are the protest happening,Non_hope_speech,images_DE/DE_NHS_0637.jpg
Your life does not matter Sorry,Non_hope_speech,images_DE/DE_NHS_0232.jpg
please dont give up its worth it,Hope_speech,images_DE/DE_HS_0154.jpg
01 neither did you obviously it says not to lay with another man as you would with woman and it states that it is an abomination never says to hate anyone in the bible it literally states the opposite,Hope_speech,images_DE/DE_HS_0440.jpg
Hello read some of the comments on this video and got inspired to share my story too love in England and am currently in my first year of college and Im studying engineering In my college there are four classes and ended up in class where there are 23 boys and Im the only girl It was really scary at first because am already very shy girl and struggle with talking to new people sometimes,Hope_speech,images_DE/DE_HS_0265.jpg
Cuber White lives matter,Non_hope_speech,images_DE/DE_NHS_0298.jpg
All lifes matter,Hope_speech,images_DE/DE_HS_0365.jpg
dont understand people say dont agree its like dont agree that cats purr or dont agree that the sky is blue its weird,Hope_speech,images_DE/DE_HS_0375.jpg
All lives matter is statement not movement were not asking for anything so why is bad,Hope_speech,images_DE/DE_HS_0271.jpg
that doesnt tells you if someone is homosexual or not,Non_hope_speech,images_DE/DE_NHS_0078.jpg
Hates not going to get you anywhere in the world God gave us choice My choice is to love cried,Hope_speech,images_DE/DE_HS_0484.jpg
Laurencya am sorry but these tortures doesnt work for anyone,Hope_speech,images_DE/DE_HS_0314.jpg
Jemel Shahid if its obvious that all lives matter,Hope_speech,images_DE/DE_HS_0542.jpg
dont think theres anything wrong with personally disagreeing with homosexuality as long as you still respect the LGBTQ community and arent nasty to anyone because of their sexuality,Hope_speech,images_DE/DE_HS_0201.jpg
and for david dorn its exactly what said they want violence,Non_hope_speech,images_DE/DE_NHS_0481.jpg
always wanted to be in stem so is my brother,Hope_speech,images_DE/DE_HS_0347.jpg
2015 who coulda think of that,Non_hope_speech,images_DE/DE_NHS_0391.jpg
ALL LIVES MATTER AGREE NOT JUST CERTAIN LIVES OR RACES JUST BUNCH OF CRY BABIES GET OVER IT,Hope_speech,images_DE/DE_HS_0391.jpg
When was 12 figured out that was lesbian my mom said that Im not her daughter anymore and sent me to my auntie in Newzeeland,Hope_speech,images_DE/DE_HS_0278.jpg
Funny Typical misogynist You say feminists are stupid for thinking theres discrimination against women in stem fields just because women make up such minority but then use the same statistics to make point how women being minority in some fields means theyre biologically inferior or not capable of doing something and you just assume men are better at everythingSo hilarious and sexist,Hope_speech,images_DE/DE_HS_0273.jpg
The 18th century police is investigating the vandalism,Non_hope_speech,images_DE/DE_NHS_0315.jpg
stop forcing people to forcefully study engineeringnengineering is made for humans nif girls want to study engineering she willnif she wants to study something other than engineering she willnIts totally her choicennnnnA person should only study something in which heshe is interested in and thus can excel in that field only,Hope_speech,images_DE/DE_HS_0389.jpg
Fake newsnSo if we all went out to lunch and the black guy didnt get his food ALLLIVESMATTERnGet it,Non_hope_speech,images_DE/DE_NHS_0509.jpg
just ivette quit trying to touch my butt,Non_hope_speech,images_DE/DE_NHS_0548.jpg
The girl saying she doesnt agree with homosexuality she was taught that way of thinking dont believe she really feels that way its just what she was taught to say and think She was very kind and respectful know shell change her mind on homosexuality whenif she ever feels comfortable enough with herself Good luck to her and the guy telling his story in the video sorry dont remember his name atm edit,Hope_speech,images_DE/DE_HS_0186.jpg
This was so inspiring,Hope_speech,images_DE/DE_HS_0033.jpg
never said men and women are the same,Non_hope_speech,images_DE/DE_NHS_0513.jpg
Shrodinger Kat well thats just absurd because God created all human beings all different colours and shapes and sizes,Hope_speech,images_DE/DE_HS_0071.jpg
Who remembers the african american cop that shot dead an unarmed white aussie women in her pjs with no criminal record what happend there no one was kicking off about that,Non_hope_speech,images_DE/DE_NHS_0407.jpg
dont understand when people say they dont agree with homosexuality,Hope_speech,images_DE/DE_HS_0450.jpg
This person inspired me to be an engineer This makes me really happy really needed this,Hope_speech,images_DE/DE_HS_0453.jpg
Lyfe ofc all lives matter equally We all bleed the same But people only started saying white lives matter and all lives matter to take attention away from the BLM movement BLM is about equality for all lives,Hope_speech,images_DE/DE_HS_0281.jpg
If women are so strong and powerful,Non_hope_speech,images_DE/DE_NHS_0605.jpg
This is fantastic Cant wait to show it to my 10 year old girl,Hope_speech,images_DE/DE_HS_0603.jpg
DEFENDING the right of the LGBTQ community to live however they like and being accepted for who they are AND in the same time ATTACKING someone because they have different opinionbelief maybe similar to what those horrible people are justifying their actions with as long as they are not personally hurting anyone is highly HYPOCRITICALnIf you dont have anything good to say respectfully,Hope_speech,images_DE/DE_HS_0336.jpg
Bill gatess agenda in Africa and Israel go against the USA,Non_hope_speech,images_DE/DE_NHS_0086.jpg
subbed because of the experts explain things to different people kind of videonIam unsubbing because of this feminist nonsense nThere is no place and need for feminism in the west,Non_hope_speech,images_DE/DE_NHS_0329.jpg
That is what black lives matter protesters are trying to say All lives matter,Hope_speech,images_DE/DE_HS_0326.jpg
All lives matter dont care what color you are dont care what race you are ALL LIVE MATTER If you cannot see that and agree with that then YOU are the problem,Hope_speech,images_DE/DE_HS_0276.jpg
Victory after 100s of years Hell knocking to white empires doornOur ancestors will rest in PEACE,Non_hope_speech,images_DE/DE_NHS_0085.jpg
Russians in Ukraine were burned,Non_hope_speech,images_DE/DE_NHS_0018.jpg
Its fact but its not the case at this time We dont have oppression at such large scale by all races There are problems in the black community that needs to be fixed at this very moment Of course all lives matter but saying all lives matter against black lives matter is like math You have problem you need to solve so you solve one problem at the time,Hope_speech,images_DE/DE_HS_0583.jpg
Sheila Makena when not agreeing with someone leads to crimes against the lgbtq people such as conversion therapy It is in fact being homophobic,Hope_speech,images_DE/DE_HS_0537.jpg
My choice is to love literally started to cry,Hope_speech,images_DE/DE_HS_0205.jpg
All Lives Matter Period,Hope_speech,images_DE/DE_HS_0332.jpg
couldnt imagine going through that Hes so strong Thankful for all of the people that stood up for equality Love all of you,Hope_speech,images_DE/DE_HS_0259.jpg
want to study either software engineering or computer science and this video is really inspiring,Hope_speech,images_DE/DE_HS_0024.jpg
how is it not,Non_hope_speech,images_DE/DE_NHS_0342.jpg
There are lgbtq persons who do bad things Thats given But that shouldnt be the license to hate everybody else in the lgbtq sphere cause lot of us are nice and righteous Generalizing is what needs to go Ps,Hope_speech,images_DE/DE_HS_0048.jpg
Im Christian our religion doesnt accept homosexuality but God still tells us to love our neighbours even our enemiesnnbut Ill never be batty man,Non_hope_speech,images_DE/DE_NHS_0591.jpg
im really amazed by his perseverance probably would have broken down and pretended to be straight just to get out of it,Hope_speech,images_DE/DE_HS_0495.jpg
Didnt God created us all equal That means we are all matter Oh now its their word against Gods,Non_hope_speech,images_DE/DE_NHS_0633.jpg
this could be us in twenty years its scary,Non_hope_speech,images_DE/DE_NHS_0263.jpg
If had to pick which is more feminist would say the exposing American Feminism is more accurate than the modest Muslim Feminism think society is better overall when women are more revealing than mean or at least have full liberty to show as much or as few as they want am not for public nudity but even as Christian know lust can happen in all levels of clothing so might as well let woman show what they got,Hope_speech,images_DE/DE_HS_0479.jpg
DailyUpdate no but still social distancing and wearing mask should be practiced while protesting Thats all am asking know time is the essence and now is the time to stand up and protest to try and change racism But pls everyone stay safe,Hope_speech,images_DE/DE_HS_0535.jpg
owen eiffel Jesus said to love everyone no matter what,Hope_speech,images_DE/DE_HS_0370.jpg
Marcus Well obviously,Non_hope_speech,images_DE/DE_NHS_0100.jpg
Why does every comment have like MILLION LIKES,Non_hope_speech,images_DE/DE_NHS_0246.jpg
Also Im not toxic People usually rely on stereotypes know youre trying to be some type of hero but please dont because not all of us our toxic or we meant in that way just to be inelegant as you contemplate we are,Non_hope_speech,images_DE/DE_NHS_0390.jpg
He stood against the biggest cult of racist the world had seen He rallied an entire country against Hitler Yes he was racist but if it wasnt for him wed wouldnt be alive today,Non_hope_speech,images_DE/DE_NHS_0567.jpg
Thats Madonna how love to hear real fighter,Hope_speech,images_DE/DE_HS_0309.jpg
dont believe in lying about yourself to make other people happy,Hope_speech,images_DE/DE_HS_0407.jpg
do you say this because its like we are asking for something from another race Like begging for acceptance This is the only angle see that would make sense nI simply support the movement all the way from the UK because all lives should matter But it doesnt,Non_hope_speech,images_DE/DE_NHS_0091.jpg
Shes an icon and idol Very inspiring Thank you for the uplifting words,Hope_speech,images_DE/DE_HS_0162.jpg
When your raised from birth to hate white people thats what your going to do They can even complete whole sentence without racist slur,Non_hope_speech,images_DE/DE_NHS_0311.jpg
honestly think Im probably bi,Non_hope_speech,images_DE/DE_NHS_0600.jpg
Its all just absolute rioting heavyhanded craziness This man also in the majority of his time gave lot of money to the city including building schools and hospitals for Bristol Tearing down the statue is not going to change the fact that city is better that he was there than not at all,Non_hope_speech,images_DE/DE_NHS_0367.jpg
YOU HAVE TO MOVE UP TO DO BETTER AND DONT BLAME SOMEONE ELSE MY PARENTS CAME HERE WITH 200 IN THERE POCKETS AND LIVED IN THE HOOD BUT MOVED UP AN BOUGHT HOME AND MADE BETTER LIFE SO DID MY AUNT AND UNCLE WHO ARE OF MIX RACE ITS NOT THE COLOR OF YOUR SKIN BUT WHO YOU ARE,Non_hope_speech,images_DE/DE_NHS_0005.jpg
What about the Blond Ambition Tour dancers,Non_hope_speech,images_DE/DE_NHS_0137.jpg
believe that all lives matter,Hope_speech,images_DE/DE_HS_0611.jpg
Im tired of hearing black lives matter Im not against black people but all lives matter This protesting and rioting is wrong And have my reasons to believe this is paid for by the Democrats,Hope_speech,images_DE/DE_HS_0203.jpg
They say they but some of these people love that walnut sauce Question what is walnut sauce why so much pizza,Non_hope_speech,images_DE/DE_NHS_0431.jpg
Tad that story doesnt make any sense Grow up,Non_hope_speech,images_DE/DE_NHS_0383.jpg
Anyone care to guess how many police officers are killed by blacks every year,Non_hope_speech,images_DE/DE_NHS_0033.jpg
cried am also girl who wants to be an engineer since was in middle school Thank you so so much love it:pleading face:,Hope_speech,images_DE/DE_HS_0069.jpg
Women have much easier time getting engineering jobs as people are specifically trying to hire them,Hope_speech,images_DE/DE_HS_0618.jpg
What part confused you,Non_hope_speech,images_DE/DE_NHS_0419.jpg
feel sorry for people who still dont understand homosexuality,Non_hope_speech,images_DE/DE_NHS_0159.jpg
Dont think they are wearing masks because of the virus tho,Non_hope_speech,images_DE/DE_NHS_0297.jpg
By saying homosexual people are sins,Non_hope_speech,images_DE/DE_NHS_0259.jpg
God gave us choice and my choice is to love MY HEART,Hope_speech,images_DE/DE_HS_0001.jpg
blind black Sherif who thinks hes white,Non_hope_speech,images_DE/DE_NHS_0014.jpg
My grandma was in the military My aunt is doctor My mom is University professor My older sister is an architect want to be video game developer Im so proud to be in family of intellectual and accomplished black women,Hope_speech,images_DE/DE_HS_0348.jpg
What does that even mean Universally the atom could matter as much as the star for all you know,Non_hope_speech,images_DE/DE_NHS_0026.jpg
All lives matter and at the same time criminals should be dealt with as per the law,Hope_speech,images_DE/DE_HS_0487.jpg
am religious but its not meant to hate everybody because hates not going to get you anywhere in the world God gave us choice and my choice is to lovennAweeeeeew wow :sneezing face:,Hope_speech,images_DE/DE_HS_0548.jpg
Omg Im first year chemical engineering student too Its real tough work sometimes wonder if im making all thr right choices because college was so harsh thought was doing academically fine until my grades and performance proved me wrong lost lot of faith in me and everyday dread going to uni bc fear itll be just the same old failures of yesterdays But even if nothings making sense anymore just keep on pushing and doing my thing No matter how depressing and lonely it gets,Hope_speech,images_DE/DE_HS_0084.jpg
donated money to my charity call white man collage fund please help,Non_hope_speech,images_DE/DE_NHS_0468.jpg
Dont be too hard on the Christian kid Hes raised to think that way and probably hasnt questioned what hes been taught before,Non_hope_speech,images_DE/DE_NHS_0073.jpg
Ik thought she would get emotional because they would be able to relate but then again sometimes it takes long time to come to terms with the weird feelings you feel so she may be repressing them theres lot of discomfort on her face throughout the video and honestly think she fears someone is going to drag her out of the closet Growing up dealt with that same kind of fear not because my family wouldnt accept me because knew they would but was scared wouldnt accept me idek if that made sense but overall she could just be fighting this internal battle that her true self hasnt fully won yet,Hope_speech,images_DE/DE_HS_0323.jpg
Brilliant isnt it,Non_hope_speech,images_DE/DE_NHS_0547.jpg
Say it to his face wardak,Non_hope_speech,images_DE/DE_NHS_0572.jpg
Black Iives matter si when get old enough Im gone whoop the fi4k out polices we deserve to live he deserved to live sorry god but 2020 Id the worst year of our lives like said black lives matter they need us around white people tryna kill us black lives matter so keep yo head up and make things right cause if we dont the world mite stay like this forever or evern forgotten so black lives matter people am right,Non_hope_speech,images_DE/DE_NHS_0043.jpg
heard from Tom Sullivan last week awesome statement,Non_hope_speech,images_DE/DE_NHS_0104.jpg
All lives matter not stop being racist in this country,Hope_speech,images_DE/DE_HS_0470.jpg
you gonna make it There are so many jobs that require engineering skills but are not pure engineering,Hope_speech,images_DE/DE_HS_0622.jpg
when was young always took my brothers legos and cars and built things hated barbie dolls never have felt like the other girls am really considering engineering always threw the dolls and such away think im finally realizing this field exists Thanks to women like you,Hope_speech,images_DE/DE_HS_0311.jpg
What great idea Doing that would solve alot of Americas problems,Non_hope_speech,images_DE/DE_NHS_0613.jpg
Rebekah You are just as bad as everyone else yeah not everyone believes in God dont either and you may think you are doing good but you are actually causing harm do you think LGBT people choose to be LGBT no bc if it was choice no one person would choose to be discriminated against and beaten up and killed for who they love conversion therapy is awful and shouldnt even be thing and get it you are religious but the Bible never really mentioned homosexuality you just took that one part and said oh this must mean homosexuality when it could mean many things and lets not forget to Bible has been translated so many times from the original version we dont really know what it says and dont wanna hear anything about the your religion,Hope_speech,images_DE/DE_HS_0600.jpg
Paysour that is how things were 20 years ago Things are very different now,Non_hope_speech,images_DE/DE_NHS_0138.jpg
please someone introduce me to this man want us to be best friends,Hope_speech,images_DE/DE_HS_0102.jpg
Islam is book,Non_hope_speech,images_DE/DE_NHS_0235.jpg
the little girl the ruffle sleeves or whatever is so sweet and supportiven mah heart mh soul,Non_hope_speech,images_DE/DE_NHS_0559.jpg
April what virus is this where now the people like yourself want to see everything turned to ruins,Non_hope_speech,images_DE/DE_NHS_0319.jpg
That was funny at the end when Larry said What are we arguing about then haha but that said,Non_hope_speech,images_DE/DE_NHS_0377.jpg
Anyone else notice this video and its topic was big years ago around election time,Non_hope_speech,images_DE/DE_NHS_0027.jpg
didnt have to mention black lives could say all lives matter,Non_hope_speech,images_DE/DE_NHS_0312.jpg
Yes The dining chairs were made in 1812 shortly before the abolishment of the slave trade thank god Otherwise it would have been disaster,Non_hope_speech,images_DE/DE_NHS_0618.jpg
All lives matter agreenThough Im sure some people would say that the statement also persists to the unborn with abortion just throwing that out there,Hope_speech,images_DE/DE_HS_0118.jpg
All lives matter Stop the hate people Hate breeds Hate Marching around shouting is all fine and dandy when its peaceful and such but there are too many folks that are racist as shit going along with the black lives matter marches We need to be kind,Hope_speech,images_DE/DE_HS_0318.jpg
For all the people in the comments being disrespectful,Non_hope_speech,images_DE/DE_NHS_0164.jpg
king zafr the greatest it does,Non_hope_speech,images_DE/DE_NHS_0639.jpg
dont agree with homosexuality Thats like saying dont agree with French Theres nothing to agree with agree or disagree with,Hope_speech,images_DE/DE_HS_0188.jpg
Some kids at my school have already come out,Hope_speech,images_DE/DE_HS_0095.jpg
agree,Non_hope_speech,images_DE/DE_NHS_0409.jpg
Jesse Pollack Im not against lgbt,Hope_speech,images_DE/DE_HS_0444.jpg
Paysour know where all the Democrats live,Non_hope_speech,images_DE/DE_NHS_0354.jpg
Good thing that they factor in age,Non_hope_speech,images_DE/DE_NHS_0182.jpg
burger Asians are perfectly fine Im Asian and stab the people who insult me for that reason its totally fine since no one insults an Asian in the city because of me,Non_hope_speech,images_DE/DE_NHS_0037.jpg
Its so beautiful that those children will have understanding for everything and everyone and wont be judgemental as the rest of the society Love this channel,Hope_speech,images_DE/DE_HS_0025.jpg
BLM World dictatorship They carried out Adolf Hitlers unfinished mission,Non_hope_speech,images_DE/DE_NHS_0549.jpg
In india women engineer is very common like 35 nFunny thing is in my class Computer Engineering teachers use to give more marks to girls and top students are girls But during placement phase only guys could make into top companies,Hope_speech,images_DE/DE_HS_0528.jpg
OMFG love her,Non_hope_speech,images_DE/DE_NHS_0070.jpg
am 17 guy and from Edinburgh am studying engineering drawing there is of us studying year uni level guys girl we are the first at that level in our school for 10 years next year there will be another people doing this level guys girls,Hope_speech,images_DE/DE_HS_0531.jpg
It SHOULD NOT Be controversial to say or believe that ALL LIVES MATTERn Or that HUMAN lives matterFor that matter,Non_hope_speech,images_DE/DE_NHS_0412.jpg
can disagree yet still support someone that is homosexual Its her own opinion and choice,Hope_speech,images_DE/DE_HS_0064.jpg
Brave compassionate man and role model right here Much respect,Hope_speech,images_DE/DE_HS_0397.jpg
Then dont represent it as justification for sexism if you cant prove your claims have faced sexism as well but dont go around bitching about itnnSexism towards Mennn1 Only we have to sign for the draftnn2 Only Men can be charged for domestic violence even if the aggressor is womennn3 Men receive 70 longer sentence then women for the same crimenn4 Women get special fundings,Hope_speech,images_DE/DE_HS_0277.jpg
Dont listen to the people who are trying to bring you down If gaming scientist doesnt exist,Hope_speech,images_DE/DE_HS_0405.jpg
omg that defines how im feeling right now they also said the word microaggresion,Non_hope_speech,images_DE/DE_NHS_0588.jpg
Please for god sake just let people live their lives how they want,Hope_speech,images_DE/DE_HS_0119.jpg
find it funny at the amount of attention the lack of female engineers gets while ignoring that females are outperforming males in every aspect of school BESIDES engineering Females have such options to their career fields but men have not had the same options opening up for them outside of traditional job roles,Hope_speech,images_DE/DE_HS_0380.jpg
My sister is lesbian nIts not that easy for everyone nMaybe im just stuck up and still think she is to young to decide who she is she is 18nIt was still hard thing for me to hear,Hope_speech,images_DE/DE_HS_0357.jpg
Val where are you from Lots of countrys still make it legal,Hope_speech,images_DE/DE_HS_0177.jpg
Keep working hard in what you want to do You know you want to work with games Look into it Read books,Hope_speech,images_DE/DE_HS_0431.jpg
Sasha Dumse God made us to be kind to eachother,Hope_speech,images_DE/DE_HS_0457.jpg
Therapy and surrounding yourself with loving and accepting people hopefully,Hope_speech,images_DE/DE_HS_0212.jpg
Her speech is the reason why have decided to give my passion try And yeah Its engineering,Hope_speech,images_DE/DE_HS_0075.jpg
We were all created equal USA is the land of the free home of the Brave,Hope_speech,images_DE/DE_HS_0485.jpg
1st would be Larry elder n2nd sheriff clarke,Non_hope_speech,images_DE/DE_NHS_0522.jpg
Max OBrian cant seem to find where anyone asked for your opinion,Non_hope_speech,images_DE/DE_NHS_0300.jpg
Love it Thank You,Non_hope_speech,images_DE/DE_NHS_0350.jpg
All lives matter to God,Hope_speech,images_DE/DE_HS_0595.jpg
School is no longer about knowledgenEnglish class might not be so much about knowledge as it is about skill,Hope_speech,images_DE/DE_HS_0317.jpg
ELM Every Life Matters All else is lies,Hope_speech,images_DE/DE_HS_0168.jpg
went to Turkey years ago and it was very secular and family friendly,Non_hope_speech,images_DE/DE_NHS_0507.jpg
brandonshmandon sorry can you give us name,Non_hope_speech,images_DE/DE_NHS_0201.jpg
Nowhat theyre saying is black lives matter as much as everyone elses lives,Non_hope_speech,images_DE/DE_NHS_0595.jpg
Most female engineers work with are not native USA Austrian,Hope_speech,images_DE/DE_HS_0334.jpg
This kids are amazing Im proud to think that Im part of this generation that will help to fix the mistakes the previous generations had,Hope_speech,images_DE/DE_HS_0642.jpg
Your actually,Non_hope_speech,images_DE/DE_NHS_0347.jpg
2020 will be unforgettable,Non_hope_speech,images_DE/DE_NHS_0324.jpg
Statistics and data dont back that up,Non_hope_speech,images_DE/DE_NHS_0340.jpg
As Christian absolutely cannot stand conversion therapy God teaches us to love everyone,Hope_speech,images_DE/DE_HS_0551.jpg
Only agree for the votes,Non_hope_speech,images_DE/DE_NHS_0061.jpg
The STEM field is very diversethe problem is the vast number of Indian and Asian women and men in STEM strangely dont seem to count Notice,Hope_speech,images_DE/DE_HS_0419.jpg
No lives matter Seriously,Non_hope_speech,images_DE/DE_NHS_0067.jpg
openworld poland never said only black people and clearly state that all forms of racism should be stamped out,Non_hope_speech,images_DE/DE_NHS_0309.jpg
Someone beats my kid with book,Non_hope_speech,images_DE/DE_NHS_0453.jpg
The Real Question is why is the statue of human Trafficker still there in modern day Briton,Non_hope_speech,images_DE/DE_NHS_0190.jpg
Jones heres the link to the video,Non_hope_speech,images_DE/DE_NHS_0088.jpg
And your conclusion is,Non_hope_speech,images_DE/DE_NHS_0266.jpg
karolis savickis dont need money Im not protesting because Im kid and cant,Non_hope_speech,images_DE/DE_NHS_0399.jpg
Noice Im bi too,Hope_speech,images_DE/DE_HS_0176.jpg
Yall lives matter There,Hope_speech,images_DE/DE_HS_0372.jpg
Hiho Kids you guys are doing amazing work Once again Im so happy and grateful that you guys are expressing what goes around and coming into this world Kids need to know what goes around and understand what LGBTQ COMMUNITY and people who comes out and share what they went through their lives Such awesome Message that you all are showing,Hope_speech,images_DE/DE_HS_0089.jpg
Im lesbian and one thing that bothers me is when supporters of LGBTQ get all mad when some people dont agree with us and call that homophobic Being homophobic is way different then not agreeing with LGBTQ Like the majority of these kids arent necessarily supporters and dont necessarily agree with it,Hope_speech,images_DE/DE_HS_0183.jpg
Stupid PEople sitting in positions setting foolish Examples WHAT ABOUT ALL CONTINENTS OF PEOPLE LIVES MATTER THIS IS PROOF THAT MAN IS AGAINST HIMSELF AND NOTHING MATTERS OTHER THAN AMERICAN MONEY WITH DEAD FACES PRINTED ON IT,Non_hope_speech,images_DE/DE_NHS_0502.jpg
You cant rationalize with someone who is irrationaland you cant fix stupid,Non_hope_speech,images_DE/DE_NHS_0411.jpg
Im female first year engineering student in South Africa and struggled great deal with engineering drawings in my first semester Debbies talk was just so relatable to me and extremely inspiring,Hope_speech,images_DE/DE_HS_0488.jpg
respect and love your nation very much Very chill and open minded towards the stupid western media,Hope_speech,images_DE/DE_HS_0079.jpg
Alll on the movement lives matter are criminals,Hope_speech,images_DE/DE_HS_0189.jpg
Im bisexual and still in the closet dont know how long will be staying in there for,Hope_speech,images_DE/DE_HS_0536.jpg
This made me cry So many things in contemporary Christian culture are such horrid distortion of what Christianity is meant to be What that boy said about choosing to love Thats what Christianity is about,Hope_speech,images_DE/DE_HS_0127.jpg
Titus ONeil gets fired up calling for peace,Non_hope_speech,images_DE/DE_NHS_0454.jpg
All lives matters God created Man Woman,Hope_speech,images_DE/DE_HS_0514.jpg
Dumse and god made other humans to love each other,Hope_speech,images_DE/DE_HS_0229.jpg
statue does not takeaway from him being books and scriptures,Hope_speech,images_DE/DE_HS_0502.jpg
Starts at,Non_hope_speech,images_DE/DE_NHS_0550.jpg
Im catholic and Im subscribed to your channel,Non_hope_speech,images_DE/DE_NHS_0212.jpg
am black too and completely agree we are all humans and every single life is important not one is more more important than the other otherwise that is just racist and making the issue worse not better,Hope_speech,images_DE/DE_HS_0198.jpg
All lives do matter and im black person,Hope_speech,images_DE/DE_HS_0163.jpg
Lil Laughie SapphienBecause she has short hair or what You cant just come to that conclusion,Non_hope_speech,images_DE/DE_NHS_0254.jpg
Crystal never ceases to amaze me Its good to see her again,Non_hope_speech,images_DE/DE_NHS_0401.jpg
Tagerius was really impressed with your ability to communicate the horrific implications of conversion therapy and support of the LGBT community but completely shocked and disappointed that you are advocating that abortion is killing baby Why is it that you think LGBT individuals are worthy of bodily autonomy but women arent worthy of having autonomy over their bodies,Hope_speech,images_DE/DE_HS_0147.jpg
Madonna didnt even write her own music nor did she save any of you She does whatever gives her publicity,Non_hope_speech,images_DE/DE_NHS_0317.jpg
studying nuclear engineering really inspiring,Hope_speech,images_DE/DE_HS_0646.jpg
All lives matter Period end of sentence,Hope_speech,images_DE/DE_HS_0504.jpg
littlephilly have question Im not lesbian but have so many friends who are apart of LGBTQ community and support and honestly would do anything for them,Hope_speech,images_DE/DE_HS_0563.jpg
The whole Hands Up,Non_hope_speech,images_DE/DE_NHS_0269.jpg
mean its male dominated field of course people surprised to learn your an engineer Also its probably only male dominated field because most women dont study engineering and pick something like liberal arts Im just saying,Hope_speech,images_DE/DE_HS_0124.jpg
BLM protesters worldwide should also comment on modern day slavery refer to the links provided nnRather than focusing on tearing down statues maybe focus and give voice to black and Asian people forced into the abhorrent modern day slavery nn,Non_hope_speech,images_DE/DE_NHS_0582.jpg
Srbin :rolling on the floor laughing: Why dont you stick to European Afairs and dont worry about what like and dislike :thinking face: Last time checked in was Caucasians from Europe that brought many people from Africa We did not ask to come here Why dont you go to Mexico,Non_hope_speech,images_DE/DE_NHS_0013.jpg
He was turning his life around after he did his time,Non_hope_speech,images_DE/DE_NHS_0363.jpg
please hug that little girl :pleading face::pleading face:,Hope_speech,images_DE/DE_HS_0136.jpg
to these politicians and the the big banks and corporations that back them NO LIVES MATTER It is twisted the black race in stating that only black lives matter are making racism worse In the eyes of God the Father all lives matter,Non_hope_speech,images_DE/DE_NHS_0045.jpg
Its very special to understand the real meaning of life This flower is for madonna,Hope_speech,images_DE/DE_HS_0580.jpg
Your life doesnt matter just because youre any one race Your life matters if youre not racebaiting piece of human garbage If you dont think my life matters,Non_hope_speech,images_DE/DE_NHS_0402.jpg
Honesty She wrote SO MANY of her songs,Non_hope_speech,images_DE/DE_NHS_0523.jpg
So the Lord said to Cain,Non_hope_speech,images_DE/DE_NHS_0077.jpg
The problem is countries like India and China are bursting with people and Japan,Non_hope_speech,images_DE/DE_NHS_0178.jpg
love Madonna shes trailblazer and trendsetter thx Madonna for being unapologetically yourself and spreading love and empowering messages your so inspirational love my beautiful queen Madonna,Hope_speech,images_DE/DE_HS_0532.jpg
love the sherif Just stop Juan,Non_hope_speech,images_DE/DE_NHS_0475.jpg
Zara Hassan not the same The girl has respect for LGBTQ people She doesnt agree with being that,Hope_speech,images_DE/DE_HS_0105.jpg
Both me Im girl and my sister are currently Chemical engineers Im about to graduate and shes doing her senior year Growing up love playing with lego and making my own portable fans with simple circuits She loves barbies and stuff animals She is doing great in UCLA Doesnt seem like the toys we play matters that much,Hope_speech,images_DE/DE_HS_0576.jpg
teared up watching this think Debbies story is just so incredibly inspirational She is an incredible role model not only to the little girls she reaches through GoldieBlox,Hope_speech,images_DE/DE_HS_0399.jpg
All lives matter is good Saying black lives matter alone is racist,Hope_speech,images_DE/DE_HS_0238.jpg
love sheriff Clarkesays the truth,Non_hope_speech,images_DE/DE_NHS_0525.jpg
Guess what yall Majority certainly are NOT African Americans Only Black Americans Your NOT from africa And this is logic being displayed NOT racism Any person of any color is subject to being ignorant,Non_hope_speech,images_DE/DE_NHS_0145.jpg
will always be amazed for this beautiful soulThank you for be there for us,Hope_speech,images_DE/DE_HS_0521.jpg
Ovi But they certainly have more female engineers than you do,Hope_speech,images_DE/DE_HS_0400.jpg
Walker saying you dont agree with the LGBT community is like saying you dont agree with black people we dont have choice to choose our sexuality or skin colour,Hope_speech,images_DE/DE_HS_0411.jpg
Be armed nBe trained nBe ready n1,Non_hope_speech,images_DE/DE_NHS_0434.jpg
Mess weLL aLwAyS sAvE tHe DaY,Non_hope_speech,images_DE/DE_NHS_0107.jpg
Bisexual Unicorn here and absolutely love this video These kids were so darling feel bad for this poor man though Why cant people stop pushing their beliefs on others Religious people want to say that we as LGBTQ individuals are doing that to them but were just being who we truly are If anything,Hope_speech,images_DE/DE_HS_0573.jpg
Through all the years her music got me through some tough sht will always be grateful :orange heart:,Hope_speech,images_DE/DE_HS_0239.jpg
Dont give your imaginary friend in the sky credit for her hard work She is working to change the world,Hope_speech,images_DE/DE_HS_0534.jpg
whole lesbian,Non_hope_speech,images_DE/DE_NHS_0630.jpg
80s baby here Madonna was made by the lgbtq community She was there for them,Hope_speech,images_DE/DE_HS_0156.jpg
We all bleed the same Stop with the Radical Fascist Liberal Left Political Pandering ALL LIVES MATTER We are all created by one true God in his image We need to stop with all the hate Period,Hope_speech,images_DE/DE_HS_0028.jpg
How is it going so far Im looking to go into engineering too,Hope_speech,images_DE/DE_HS_0246.jpg
Im Christian and dont judge anyone on anything My opinion doesnt matter Gods opinion is the one that matters at the end of the day love people for being people no matter what Just bc ur christian,Hope_speech,images_DE/DE_HS_0333.jpg
All lives matter agree with,Hope_speech,images_DE/DE_HS_0090.jpg
my closet doesnt have door Im screwed,Non_hope_speech,images_DE/DE_NHS_0205.jpg
to boo when guy says white lives matter,Non_hope_speech,images_DE/DE_NHS_0012.jpg
Im still hiding my gender to my parents and they dont know Im dating someone My friends knows already about my gender and they are very supportive of it And Im very thankful to find true friends like them,Hope_speech,images_DE/DE_HS_0059.jpg
Im so glad that my brother wasnt sent to therapy ahem torture for being trans,Hope_speech,images_DE/DE_HS_0417.jpg
Shes always done what is daring or pushing boundaries Any negative publicity shes every gotten has only increased her celebrity Evidence,Hope_speech,images_DE/DE_HS_0420.jpg
If BLM rejects ALM,Non_hope_speech,images_DE/DE_NHS_0387.jpg
this is so inspiring being girl that wants to go into engineering,Hope_speech,images_DE/DE_HS_0613.jpg
Ecclesiastes answers the question,Non_hope_speech,images_DE/DE_NHS_0543.jpg
Sheriff Clark doors not answer that first question Hes modeled example of brother who is just out of touch with reality Who is this guy,Non_hope_speech,images_DE/DE_NHS_0275.jpg
shes emotional all thruout this interview what tough cookie and great role model,Non_hope_speech,images_DE/DE_NHS_0173.jpg
Joey Gallo did you even watch the video,Non_hope_speech,images_DE/DE_NHS_0134.jpg
It SHOULD be All Lives Matter No need to drag downignore other peopleraces to get ahead While were at it,Hope_speech,images_DE/DE_HS_0005.jpg
There is only ONE race,Non_hope_speech,images_DE/DE_NHS_0459.jpg
am scared because the cops but stab with the black lives matter protests,Non_hope_speech,images_DE/DE_NHS_0115.jpg
800 know mate its shocking,Non_hope_speech,images_DE/DE_NHS_0146.jpg
Starting Haha they are my best guy friend is black and he brought home half white half asian gf and his mom did not approve,Non_hope_speech,images_DE/DE_NHS_0150.jpg
ExtraBitch Im Christian and dont like conversion therapy,Hope_speech,images_DE/DE_HS_0358.jpg
am cryingso much love to Marcus and everyone LGBTQ,Hope_speech,images_DE/DE_HS_0549.jpg
Blacks are NOT oppressed Systematic racism is LIE from the Democratic party Who by the way defended slavery,Non_hope_speech,images_DE/DE_NHS_0185.jpg
Its Maya see this is why people are always including white likenif white means racist Now that may be racist,Non_hope_speech,images_DE/DE_NHS_0302.jpg
Alright so we can all agree the older tomboy girl is extremely closeted,Non_hope_speech,images_DE/DE_NHS_0194.jpg
Its child abuse to put child through this,Non_hope_speech,images_DE/DE_NHS_0565.jpg
Kaio Eller nthis,Non_hope_speech,images_DE/DE_NHS_0625.jpg
She represents humanity compassion,Hope_speech,images_DE/DE_HS_0172.jpg
Come to Venezuela and watch how the system you want prevails,Non_hope_speech,images_DE/DE_NHS_0090.jpg
All lives obviously,Hope_speech,images_DE/DE_HS_0291.jpg
This is so inspirational to female engineers like myself Almost cried out of happiness Thank you for this,Hope_speech,images_DE/DE_HS_0468.jpg
Yeah Most of whats presented are the bad news,Non_hope_speech,images_DE/DE_NHS_0628.jpg
People think that the LGBT Community isnt really hurt or pushed around in any way nThis is proof that this stuff still happens,Hope_speech,images_DE/DE_HS_0635.jpg
Its Only people who idolize destruction that care about taking them down PeriodnnThey want to destroy anything,Non_hope_speech,images_DE/DE_NHS_0081.jpg
Because we already know that White Lives Matter you fool,Non_hope_speech,images_DE/DE_NHS_0192.jpg
How can you tell Outsides dont dictate internal things,Non_hope_speech,images_DE/DE_NHS_0420.jpg
God gave us choice My choice is to love Omgosh,Hope_speech,images_DE/DE_HS_0288.jpg
Falco Sirrus no it wasnt hypocrite,Non_hope_speech,images_DE/DE_NHS_0472.jpg
Larry Elder is the man,Non_hope_speech,images_DE/DE_NHS_0117.jpg
know right,Non_hope_speech,images_DE/DE_NHS_0250.jpg
Racist BlacKKK lives matter,Non_hope_speech,images_DE/DE_NHS_0095.jpg
fuck you Timothy Kimmel you worthless sack of shit,Non_hope_speech,images_DE/DE_NHS_0612.jpg
Lavin your exactly on point the majority is dumbed down,Non_hope_speech,images_DE/DE_NHS_0082.jpg
America burn America burn America burn America No justice no peace,Non_hope_speech,images_DE/DE_NHS_0368.jpg
Dumse God also said to love everyone for who they are,Hope_speech,images_DE/DE_HS_0164.jpg
Ive seen hundreds of Madonna interviews and this is completely genuine She is honestly emotional in this Will always love her for fighting for my community and others who have been marginalised,Hope_speech,images_DE/DE_HS_0039.jpg
Megan Anderson can please dm me on insta really want to know more about that,Non_hope_speech,images_DE/DE_NHS_0531.jpg
Some girls just like short hair My god Lesbian stereotypes are horrible,Hope_speech,images_DE/DE_HS_0200.jpg
Can be honest Idga single what others think about me and am just learning that there arent many women in the engineering field It doesnt really trouble me one bit My goal is to study it,Hope_speech,images_DE/DE_HS_0475.jpg
If this conlon guy was actually slave trader then ncompletely support removing the statue only have problem with this video Which is the protestors dumping the statue at the bottom of habour Thus making bristol seem like kip full of hoodlums who dont care about their areas appearance Not to mention their environment as whole If they really wanted to make point then they shouldve just found way to bring the statue down to the city council and leave it outside,Non_hope_speech,images_DE/DE_NHS_0564.jpg
came across this vid and saw her amazing speech Im in my third year doing my degree in ME and faced the same struggle Thanks for the speech Its inspiring Thanks Debbie,Hope_speech,images_DE/DE_HS_0438.jpg
just because we say all lives doesnt mean we dont support black lives we are simply saying all lives Because if everyone is separated we cant come together as group,Non_hope_speech,images_DE/DE_NHS_0143.jpg
Crystal is so freaking amazing,Non_hope_speech,images_DE/DE_NHS_0270.jpg
But that was statue celebrating man who was slave trader from what see Its not about bloody past its about statue thats celebrating the slave trade being up in 2020,Non_hope_speech,images_DE/DE_NHS_0008.jpg
Sure Yeah,Non_hope_speech,images_DE/DE_NHS_0406.jpg
schuiling What the he do you think is going on right now We are using Americans as guinea pigs Trump is willing to risk any amount of lives to get vaccine on the market before the election Unless the CDC slows his dumbass down many Americans might die,Non_hope_speech,images_DE/DE_NHS_0446.jpg
this is so inspiring,Hope_speech,images_DE/DE_HS_0133.jpg
Im an atheistnThat kinda offends me,Non_hope_speech,images_DE/DE_NHS_0214.jpg
Priti Patel is vile If she condemns it,Non_hope_speech,images_DE/DE_NHS_0057.jpg
fear the UK is becoming more racist by the day,Non_hope_speech,images_DE/DE_NHS_0267.jpg
was just about to comment how amazing this interview was but read the other comments first and saw that most everyone saw the same thing did Love her or hate her,Non_hope_speech,images_DE/DE_NHS_0589.jpg
Even the most remote part of our places here when they see Madonna picture or hear her song you can see inspiration and it radiates from her,Hope_speech,images_DE/DE_HS_0496.jpg
Dont worry Tough time too shall pass,Hope_speech,images_DE/DE_HS_0644.jpg
Just knowing Madonna is out there still going strong puts smile on my face,Hope_speech,images_DE/DE_HS_0140.jpg
The wise men are obvious here,Non_hope_speech,images_DE/DE_NHS_0169.jpg
Trump isnt antiSemitic,Hope_speech,images_DE/DE_HS_0224.jpg
Disingenuous isnt really word for straightup mendacity Its for underrepresenting ones knowledge or capability,Non_hope_speech,images_DE/DE_NHS_0574.jpg
Tagerius thank you for using your time up to try and help some people learn about the abuse people suffer under conversion therapy and how ineffective it is,Hope_speech,images_DE/DE_HS_0122.jpg
Circular reasoning isnt an argument,Non_hope_speech,images_DE/DE_NHS_0097.jpg
All lives should matter Not just only back lives that matter us,Hope_speech,images_DE/DE_HS_0471.jpg
These young people are VERY enlightened and so very compassionate,Hope_speech,images_DE/DE_HS_0639.jpg
All loves matter Not color added all lives,Hope_speech,images_DE/DE_HS_0297.jpg
The black lives matter movement reminds me lot of the Black panther movement in the late 60s They protested pretty much the same ideals But were shut down by corrupt cops later on,Non_hope_speech,images_DE/DE_NHS_0448.jpg
Royalty OH SHIT WE HAVE AN EDGELORD HERE,Non_hope_speech,images_DE/DE_NHS_0590.jpg
Which one is annie,Non_hope_speech,images_DE/DE_NHS_0253.jpg
BOTH Black lives do matter,Hope_speech,images_DE/DE_HS_0476.jpg
get so emotional watching this Im crying right now We are all equal,Hope_speech,images_DE/DE_HS_0605.jpg
think it would be easier for people to digest as saying if it was black lives also matter no one can really complain then,Non_hope_speech,images_DE/DE_NHS_0271.jpg
Racism is dying,Hope_speech,images_DE/DE_HS_0376.jpg
dont think Hillary is stupid think shes frighteningly smart think she and the Donald are attempting to troll conservatives out of existence,Hope_speech,images_DE/DE_HS_0267.jpg
People quickly forget how hard the ones before them may have had to fight,Non_hope_speech,images_DE/DE_NHS_0414.jpg
He is gift from God,Hope_speech,images_DE/DE_HS_0263.jpg
Thank you for sharing your story Marcus,Hope_speech,images_DE/DE_HS_0013.jpg
Im computer science major and know that feel Of not belonging,Hope_speech,images_DE/DE_HS_0035.jpg
Because the most common thing Ive used to describe it is if your house is on fire but mine is fine why should you have fireman come help you because all houses matter saying all lives matter takes away from the problem,Hope_speech,images_DE/DE_HS_0577.jpg
Im about to start my career in civil engineering in few months you can do it,Hope_speech,images_DE/DE_HS_0153.jpg
just want to point out that the Bible does not say that homosexuality is sin The passage that Ive always seen sited has been proven to be translated incorrectly and is actually condemning pedophilia rather than homosexuality Men shall not lay with man was originally meant to read as man shall not lay with boy Homosexuality is never condemned Please do research and learn about the origins of the book you claim to worship Incorrect translations and interpretation of Gods words are harming real people on daily basis,Hope_speech,images_DE/DE_HS_0091.jpg
Toys should be made to build more skills like this,Hope_speech,images_DE/DE_HS_0430.jpg
WHYnBECAUSE IS NO REAL IS MANUFACTURED BY DEEP STATE TO HARM AMERICA AND POTUSnnWE ARE WINNINGnGO TRUMP nGO QnGO JFK,Non_hope_speech,images_DE/DE_NHS_0032.jpg
Bottom Jeans Where didnt care that much till you brought it up,Non_hope_speech,images_DE/DE_NHS_0098.jpg
All lives matter Including every race Whites are the minority on this planet Fact,Hope_speech,images_DE/DE_HS_0144.jpg
This Home secretary should puck side,Non_hope_speech,images_DE/DE_NHS_0457.jpg
think it goes back to Women being afraid to step into male dominated atmosphere and they are afraid they wont make any friends It goes back to the idea that women and men cant just be friends,Hope_speech,images_DE/DE_HS_0210.jpg
Exactly ALL lives matter,Hope_speech,images_DE/DE_HS_0396.jpg
littlephilly but who said lgbtq is sin believe in God 100 and think Hes really merciful so He wouldnt send us to hell just because we followed our hearts love is love,Hope_speech,images_DE/DE_HS_0199.jpg
Haha your right,Non_hope_speech,images_DE/DE_NHS_0299.jpg
am christian but cannot understand how anybody who use such techniques can call himself also christian Im actually blown away by the information found out in this video How it could be possibly legal Beating anybody with bible Come on,Non_hope_speech,images_DE/DE_NHS_0534.jpg
okana so were lot of races,Non_hope_speech,images_DE/DE_NHS_0114.jpg
Its just sad how people are treating black people horribly one time someone in game called my friend that shes Black like the wall thats so rude cant stand racist people they are literally messed up,Hope_speech,images_DE/DE_HS_0002.jpg
have always been fan,Non_hope_speech,images_DE/DE_NHS_0361.jpg
love Madonna came out and told that Ive always liked Women sumhow always wanted to be Man,Hope_speech,images_DE/DE_HS_0465.jpg
Got Quran ad in my sidebar,Non_hope_speech,images_DE/DE_NHS_0623.jpg
well apart from stopping it,Non_hope_speech,images_DE/DE_NHS_0501.jpg
Absolutely nothing wrong at all Its probably given you greater ability to empathize with your colleagues,Hope_speech,images_DE/DE_HS_0550.jpg
Shiroyuki oh really so the officer who put his knee of Flyods neck wouldve done it to white guy when this officer has record of being racist and killing minorities,Non_hope_speech,images_DE/DE_NHS_0272.jpg
black lives only matter when the democrats have an election to win notice how its years ago,Non_hope_speech,images_DE/DE_NHS_0579.jpg
darkmantlestudios not really when thats the correct term to use,Non_hope_speech,images_DE/DE_NHS_0580.jpg
actually its partially true,Non_hope_speech,images_DE/DE_NHS_0087.jpg
they are protecting and defending all our human rights,Non_hope_speech,images_DE/DE_NHS_0022.jpg
Of course all lives matter,Hope_speech,images_DE/DE_HS_0166.jpg
tahani from the good place be like,Non_hope_speech,images_DE/DE_NHS_0422.jpg
Police need to use authority and guns whenever challenged If the do not do this,Non_hope_speech,images_DE/DE_NHS_0587.jpg
Pretty sure GapeyAssy was just trolling,Non_hope_speech,images_DE/DE_NHS_0330.jpg
Ive never been fan of Madonnas music nor do like her personality but do love that she has been great friend to the LGBTQ community Also,Hope_speech,images_DE/DE_HS_0021.jpg
Saying All Lives Matter means all people in this whole world matter and thats because God made all of them Nothing to do with skin color,Hope_speech,images_DE/DE_HS_0377.jpg
And Sounds like marketing adnnBe what you want No one cares If you lose girls STEM interest by 10,Hope_speech,images_DE/DE_HS_0594.jpg
Its not something you can disagree with LGBTQ people exist Thats like saying you disagree with being Asian,Hope_speech,images_DE/DE_HS_0289.jpg
ALL LIVES MATTERS AND OF COURSE,Hope_speech,images_DE/DE_HS_0300.jpg
But can you name all the police officers that died in the line of duty by getting killed by shines like George,Non_hope_speech,images_DE/DE_NHS_0478.jpg
Only women are to blame for not giving opportunities to other women,Non_hope_speech,images_DE/DE_NHS_0486.jpg
dont agree with homosexuality boy someone ought to teach you some manners Nah but seriously people need to realize that this is not choice have classmate who is bisexual its girl and she absolutely loves girls but she cant be in an open relationship because her parents would despise her if they ever found out Being against someone who is LGBT is basically being against peoples existence and everyone has the right to live their lives as they see fit Of course just because you are certain way right at this moment doesnt mean you are destined to be that way forever,Hope_speech,images_DE/DE_HS_0515.jpg
Evidence of what said god doesnt exist,Non_hope_speech,images_DE/DE_NHS_0021.jpg
This is surprisingly inspiring,Hope_speech,images_DE/DE_HS_0325.jpg
right all lives matter but black lives matter THE MOST Right now,Non_hope_speech,images_DE/DE_NHS_0303.jpg
was inspired as women to believe in myself and be strong independent women was raised with no encouragement and to be powerless She rocks :call me hand: OMG nearly cried to her comment at the end never give up,Hope_speech,images_DE/DE_HS_0138.jpg
Juan needs to go work at cnn Theres racist channel They in prevented it,Non_hope_speech,images_DE/DE_NHS_0208.jpg
know meee visit East LA and see for yourself,Non_hope_speech,images_DE/DE_NHS_0608.jpg
Dont resist arrest Dont arguing with the police Dont run away Police are the LAW,Non_hope_speech,images_DE/DE_NHS_0296.jpg
No It is only in your country,Non_hope_speech,images_DE/DE_NHS_0521.jpg
Carbon based lives matter,Non_hope_speech,images_DE/DE_NHS_0030.jpg
Im literally wearing cuffed jeans as we speak,Non_hope_speech,images_DE/DE_NHS_0516.jpg
Is it true if youll take engineering you must be good in drawing nAnd want to take engineering and my weakness is drawing,Hope_speech,images_DE/DE_HS_0647.jpg
Why not live stream,Non_hope_speech,images_DE/DE_NHS_0187.jpg
mix of brainwashing,Non_hope_speech,images_DE/DE_NHS_0036.jpg
Hunter WilliamsFoust yea wait till you face up to an MMA boxer see what you say then,Non_hope_speech,images_DE/DE_NHS_0380.jpg
Democrat politics is toxic thats all,Non_hope_speech,images_DE/DE_NHS_0392.jpg
Berg Democrats dont elect someone just because theyre famousnnYa almost elected Crooked Hilary,Non_hope_speech,images_DE/DE_NHS_0470.jpg
This was so empowering and thoughtful Its so incredibly inspiring how enthusiastic she was and how she was never willing to give up This really shows us how good things take time It takes rejections and hard work It takes staying up til in the morning Thats when you make difference hope whatever youre working hard for is success and dont give your hopes up no matter how challenging or difficult things get,Hope_speech,images_DE/DE_HS_0245.jpg
all lives matter Regardless of your skin colour By saying blm youre dividing us Which is literally taking 10 steps backwards How do not see this,Hope_speech,images_DE/DE_HS_0338.jpg
Naked Denial is the first stage of grief You still have four more stages to get through You got this believe in you Far more than Madonna ever will,Non_hope_speech,images_DE/DE_NHS_0307.jpg
Gays kissing is exactly the same to lesbians kissing But its been exploited by the porn industry,Non_hope_speech,images_DE/DE_NHS_0123.jpg
Poor guy was straight up abused as kid but he pushed through it because he loves himself that much,Hope_speech,images_DE/DE_HS_0621.jpg
Some of the black lives matter people are doing things correctly to protect their people but there are some that are destructive against innocent people and bad people tooWhen someone says black lives matter it is rude to say all lives matter because the purpose of this movement is black protection for their people and its rude to bring other lives to erase its main purposeIts like saying My cousin died help methen person two replying who cares mine died tooRespecting personal rights means world peace,Hope_speech,images_DE/DE_HS_0272.jpg
Then people need to get out and vote or Nov 3rd 2020 will become the new worst day,Non_hope_speech,images_DE/DE_NHS_0598.jpg
shut up be respectful,Non_hope_speech,images_DE/DE_NHS_0573.jpg
they get long prison time justice served lets have it like that all the way around,Non_hope_speech,images_DE/DE_NHS_0171.jpg
Walker actually agree,Non_hope_speech,images_DE/DE_NHS_0063.jpg
Literally am mix of black and white but dont see any difference on the colour only see it on the personality,Hope_speech,images_DE/DE_HS_0243.jpg
Youre Jewish so that means you believe in the God of Israel,Non_hope_speech,images_DE/DE_NHS_0425.jpg
because it took 30 seconds to find out that this is another pointless feminist aggression video without real content,Non_hope_speech,images_DE/DE_NHS_0047.jpg
am female engineernhttp,Hope_speech,images_DE/DE_HS_0254.jpg
Network Engineer here 23 and currently working as an instructor teaching men and women looking to be in IT Next want to teach at University,Hope_speech,images_DE/DE_HS_0597.jpg
If came out to my parents they would definitely send me to therapy,Non_hope_speech,images_DE/DE_NHS_0355.jpg
maybe if it was still called Constantinople people might care more,Non_hope_speech,images_DE/DE_NHS_0389.jpg
Liberalism is thinking problem,Non_hope_speech,images_DE/DE_NHS_0238.jpg
This speech was really inspiring Thank you so much,Hope_speech,images_DE/DE_HS_0473.jpg
im lesbian am 19 right now and just got out of Conversion Therapy month ago it was pure abuse say its no fun they didnt hit me with bible but they have me in locked room with nothing in it like was insane and read the bible on loud speaker and not feed me dont see how this is allowed they throw holy water in my face and say came from the devil and here am out of Conversion Therapy still lesbian wish they new they didnt change me,Hope_speech,images_DE/DE_HS_0151.jpg
wish people understood that sexuality is spectrum and we dont all have to fit into specific box We are all human we all love,Hope_speech,images_DE/DE_HS_0063.jpg
Thats girl,Non_hope_speech,images_DE/DE_NHS_0373.jpg
dont agree with it but have friends that lgbt and respect them and love them even if dont agree god will always love them,Hope_speech,images_DE/DE_HS_0525.jpg
you really couldnt have been more racist with that comment Im African American and support the all lives matter statement You sit there and say white people make it about them Uhhh no its not just white people its every other non black race and theyre not trying to bash this protest But why cant it just be about police brutality and racism in general Black people and white people get hated on all the time and that goes the same for Asians and Hispanics The all lives matter thing is saying police brutality needs to end and so does racism And do you really think black people arent racist against white people just saw video of group of black people beating the sht out of white people and setting their cars on fire Like what kinda response is that It seems like you think only black people know struggle racially or otherwise and thats just not true,Hope_speech,images_DE/DE_HS_0565.jpg
just want to hug her here She made me cry like this Madonna Very inspirational and strong woman,Hope_speech,images_DE/DE_HS_0343.jpg
Gevenois But he was not trying to be murdered According to your logic,Non_hope_speech,images_DE/DE_NHS_0308.jpg
All lives do matter yes right now most of the hate right now is between multicolor multicultural differences right now its sad to have this hate towards one another im sorry but believe all lives matter dont matter what color what gender or religion or sexual orientation now we can not ignore this hateful racism acts and violence we are humans we all have blood flowing through our veins,Hope_speech,images_DE/DE_HS_0120.jpg
Destroying history good or bad Fascism,Non_hope_speech,images_DE/DE_NHS_0083.jpg
Thank you Madonna youre by years an inspiration and an openminder knight,Hope_speech,images_DE/DE_HS_0020.jpg
yes he loves everyone,Hope_speech,images_DE/DE_HS_0065.jpg
It smells like which lives matter MORE dispute,Non_hope_speech,images_DE/DE_NHS_0528.jpg
This is awesome Very inspiring,Hope_speech,images_DE/DE_HS_0240.jpg
True Im guy with long hair and Im straight,Non_hope_speech,images_DE/DE_NHS_0162.jpg
love you Madonna needed you so much in this life You are someone to admire Thank you so much for everything,Hope_speech,images_DE/DE_HS_0327.jpg
Brown meant to say dont care who Boos me because know at the end of day Im right its also pretty hypocritical people sit there and complain about racism but they turn around at the exact same way our lives only matter blah blah blah all lives the way see it racism is black and white either you think that you are better than that person because you are that color you are racist or you think theres no difference between that person whether theyre that color or not and you are not racist so what do you think about that the only way for racism the stop is when all lives matter but you know what think people are too proud to admit it so therefore racism will never ever ever end because people actually boo the people that make sense because it doesnt go with their beliefs you either believe that their lives matter and yours doesnt or youre racist but in reality theyre actually the ones being racist,Hope_speech,images_DE/DE_HS_0574.jpg
im catholic lesbian,Hope_speech,images_DE/DE_HS_0556.jpg
That cop is the fucking man,Non_hope_speech,images_DE/DE_NHS_0374.jpg
Discrimination in hiring is illegal under Federal law,Hope_speech,images_DE/DE_HS_0456.jpg
What about the viris crisis in the world,Non_hope_speech,images_DE/DE_NHS_0304.jpg
Imagine if after Martin Luther King jrs have dream speech white peoples went around shouting all colors have dream too nnLike seriously :person facepalming: do you guys have to make everything about you nnnBlack peoples are trying to fight for justice by saying they matter nnAnd you white people have to come out of nowhere screaming all lives matter :person facepalming: seriouslynnThis fight for their justice has nothing to do with you people and yet you sorry asses want to jump in every black protest and make it about yallnnthats just playing white privileged right there,Hope_speech,images_DE/DE_HS_0302.jpg
wont be fun with the big fines or even prison sentences the clowns are all on film,Non_hope_speech,images_DE/DE_NHS_0510.jpg
Just ignore racism Dude please educate yourself,Hope_speech,images_DE/DE_HS_0448.jpg
ALL LIVES MATTER:sign of the horns::sign of the horns:WE ALL SHARE THIS WORLD SO ALL LIVES MATTER,Hope_speech,images_DE/DE_HS_0601.jpg
Parsons When Where How Youre big dumb arent you The phrase BLM means black lives matter TOO Not ONLY black lives matter Idiot,Non_hope_speech,images_DE/DE_NHS_0019.jpg
Everything goes as they planned,Non_hope_speech,images_DE/DE_NHS_0640.jpg
For judgmental comments like this Im ashamed to be part of the LGBT community,Non_hope_speech,images_DE/DE_NHS_0094.jpg
musnt force someone to change just let them no the consequences that their choice will bring and leave it at that,Hope_speech,images_DE/DE_HS_0492.jpg
The drawing thing is so true for me too,Non_hope_speech,images_DE/DE_NHS_0517.jpg
wish Mj is alive,Non_hope_speech,images_DE/DE_NHS_0213.jpg
Can you give me some tips to be good friend to my friend Hold on Im crying thats so sweet,Hope_speech,images_DE/DE_HS_0295.jpg
like that it was in toronto live in canada the most racist province you can find yourself in is Alberta because its essentially the texas of canada Toronto and British Columbia are the most diverse and inclusive places to be while wont say racism doesnt exist here,Hope_speech,images_DE/DE_HS_0335.jpg
Boa In US women are given preference over men by,Hope_speech,images_DE/DE_HS_0506.jpg
Theo Colvin this kids going places,Non_hope_speech,images_DE/DE_NHS_0286.jpg
Do you know the truth Omg thank YOU nnIM NOT THE ONLY ONE,Non_hope_speech,images_DE/DE_NHS_0280.jpg
Only foreigner could spell the word colour wrong :person facepalming:,Non_hope_speech,images_DE/DE_NHS_0483.jpg
She listens to girl in red,Non_hope_speech,images_DE/DE_NHS_0251.jpg
think that the girl who doesnt agree with The LGBTQ community clearly doesnt know enough about the subject to have real opinion my guess was that she was raised this way cause she didnt really know who to describe why or how she disagreed Just thought,Non_hope_speech,images_DE/DE_NHS_0051.jpg
All Lives Matter,Hope_speech,images_DE/DE_HS_0589.jpg
Everybody needs to do this in their country,Non_hope_speech,images_DE/DE_NHS_0113.jpg
My entire school is the LGBTQ kid,Non_hope_speech,images_DE/DE_NHS_0131.jpg
She is rare species Both engineer and so beautiful,Hope_speech,images_DE/DE_HS_0130.jpg
Were you triggered by his logic and rational arguments,Non_hope_speech,images_DE/DE_NHS_0479.jpg
people who say that coming out is useless should watch this video,Hope_speech,images_DE/DE_HS_0040.jpg
That would just be uhpure mean XD,Non_hope_speech,images_DE/DE_NHS_0348.jpg
This conversiontherapy is pure nonsense and is the most ridiculous and damaging trash have ever heard of in the 21st century It is all too often religiouslyfueled poison and can never work One can simply never turn homosexual into heterosexual any more than one can attempt to turn heterosexual into homosexual Did anyone ever attempt that It is as if the ignorance,Hope_speech,images_DE/DE_HS_0437.jpg
Homosexuality is not choice just like your race,Hope_speech,images_DE/DE_HS_0449.jpg
Seriously people Dont be so god damned quick to believe EVERYTHING that you read ESPECIALLY when were talking about articles that are being google translated and quite often deliberately missquoted andor misinterpreted,Hope_speech,images_DE/DE_HS_0320.jpg
Covid 19 is very happy because more black lives will be taken after this mass protest around the world,Non_hope_speech,images_DE/DE_NHS_0099.jpg
Why is church so badly spoken of get that we have done bad things in the past and present But when you really say,Non_hope_speech,images_DE/DE_NHS_0240.jpg
Elizabeth Molloy never said others lives didnt matter,Non_hope_speech,images_DE/DE_NHS_0365.jpg
Jane Gerrard Thanks for the excellent comments think that explains the experience of many women working in variety of disciplines TBC,Hope_speech,images_DE/DE_HS_0252.jpg
Super Taco GAMING that is the point The police obviously shouldnt have killed him it doesnt necessarily mean that he killed him because his race,Hope_speech,images_DE/DE_HS_0615.jpg
Lothbrok Thats interesting because didnt Jesus hang out with the people considered immoral during his time here,Non_hope_speech,images_DE/DE_NHS_0439.jpg
think it will shoot up racism in western countries :person facepalming::person facepalming::person facepalming:,Non_hope_speech,images_DE/DE_NHS_0252.jpg
If thats what they want thats what theyll get amirite,Non_hope_speech,images_DE/DE_NHS_0064.jpg
goldie silver im transgender can easily find other trans people Madonnas not one of us neither is Cher,Non_hope_speech,images_DE/DE_NHS_0331.jpg
,Non_hope_speech,images_DE/DE_NHS_0046.jpg
Beat with Bible,Non_hope_speech,images_DE/DE_NHS_0264.jpg
All lives matter FCUK Antifa and BLM,Non_hope_speech,images_DE/DE_NHS_0152.jpg
If every life doesnt matter,Non_hope_speech,images_DE/DE_NHS_0096.jpg
All people equalnNo special interestnStop the panderingnFollow the constitutionnProsecute criminals including bad cops,Hope_speech,images_DE/DE_HS_0042.jpg
You are all blind They are using you as tool Youve been brainwashed all of you live by the mediaOPEN YOU EYES There are lot of people from this ETHNICITY,Non_hope_speech,images_DE/DE_NHS_0604.jpg
This is true dont mind so much people being surprised that Im in STEM mind how some men in STEM have treated me because Im female,Hope_speech,images_DE/DE_HS_0554.jpg
He is very courageous,Hope_speech,images_DE/DE_HS_0193.jpg
Ohhh would have loved that game Thank you for marketing construction toys to girls Ive always loved them as little girl,Hope_speech,images_DE/DE_HS_0080.jpg
Shes sad because it was an emotional evening taped on the same evening as the award show when she just gave her speech Besides no one will ever allow her to age,Non_hope_speech,images_DE/DE_NHS_0149.jpg
Im having doubts these past months about pursuing Civil Engineering because also feel like dont belong but then came across this and viola This kept me back in track This made me remember why pursued Civil Engineering in the first place Thank you very much,Hope_speech,images_DE/DE_HS_0113.jpg
Well that sucks People with 12 decades of experience in this tough environment not being taken serious is pretty disrespectful,Hope_speech,images_DE/DE_HS_0160.jpg
LOVE LOVE LOVE THIS nSo inspiring need this toy,Hope_speech,images_DE/DE_HS_0373.jpg
BMW is quite good car,Non_hope_speech,images_DE/DE_NHS_0610.jpg
would protect all lgbt people from those religious mean people would hit those religious people like those who treat lgbt people in abusive way with Bible and yell go away religious demons,Hope_speech,images_DE/DE_HS_0593.jpg
The best woman that supported LGBTTTQ forever shes deserve her award for looong Time she was recognized to fight for the human being,Hope_speech,images_DE/DE_HS_0364.jpg
aha someone making that point finally lotta people seem to think the only account of this dude is the actual statue,Non_hope_speech,images_DE/DE_NHS_0218.jpg
BLM Reject dole paied of whites taxes,Non_hope_speech,images_DE/DE_NHS_0217.jpg
this makes me hurt so badly conversion therapy is abuse and there is no use for it you cant change who people love,Hope_speech,images_DE/DE_HS_0628.jpg
wow holy shit are you guys actually having flame war over m8 vs matenSeriously,Non_hope_speech,images_DE/DE_NHS_0016.jpg
We all know black lives matter too This isnt revelation to America,Hope_speech,images_DE/DE_HS_0355.jpg
All Lives Matter Im not racist dont support riots and lawlessness Protest peacefully for change and let the justice system take its course Dont be sheep,Hope_speech,images_DE/DE_HS_0312.jpg
Never give up never think you are less because of choice you make you are you and that will always be the same,Hope_speech,images_DE/DE_HS_0523.jpg
All lives matter EVERY LIFE we are all here to live together with respect to each other PERIOD,Hope_speech,images_DE/DE_HS_0490.jpg
alice dees nAnd this is what democrats mean when they say republicans are ignorant,Non_hope_speech,images_DE/DE_NHS_0284.jpg
Well hope they get the message that we dont want them,Non_hope_speech,images_DE/DE_NHS_0385.jpg
have friend who chose to be lesbian because of negative experiences she has had with men Now she is happily living with her girlfriend doesnt miss being with man at allnnI have heard for others it is not choice and think that thats okay dont understand the hate against LGBTQQIAAP,Hope_speech,images_DE/DE_HS_0217.jpg
You can do anything Youre such an inspiration to continue the hard work Just like you thanked Debbie,Hope_speech,images_DE/DE_HS_0061.jpg
Hi Marcus Mitch,Non_hope_speech,images_DE/DE_NHS_0477.jpg
When walk around college and see,Non_hope_speech,images_DE/DE_NHS_0142.jpg
Feminists want equality of outcome,Hope_speech,images_DE/DE_HS_0159.jpg
Im Christian and believe in the Bible but what the heck that therapy sounds straight up cruel Im sorry he had to go through that,Hope_speech,images_DE/DE_HS_0068.jpg
When was little girl didnt like barbies but my parents kept bringing them but kept playing with my cousins legos and my teacher used to gave me legos when get full mark,Hope_speech,images_DE/DE_HS_0401.jpg
loved how the boy asked how he can support his friend on sexuality so he can be there for him like that is so darn sweet,Hope_speech,images_DE/DE_HS_0433.jpg
WANT HIM TO BE MY BEST FRIENDDDDD,Non_hope_speech,images_DE/DE_NHS_0581.jpg
She saved and changed my life Love my Queen,Hope_speech,images_DE/DE_HS_0489.jpg
Im lesbian and have been my whole life but came out to myself years ago am now 11,Hope_speech,images_DE/DE_HS_0098.jpg
Censored think you need to look at the stats,Non_hope_speech,images_DE/DE_NHS_0529.jpg
van rossum nWhat Thats not equality Putting one race over the other My god nnALL LIVES MATTER,Non_hope_speech,images_DE/DE_NHS_0487.jpg
it means we dont agree with sin,Non_hope_speech,images_DE/DE_NHS_0555.jpg
All Lives Matter love thy neighbor,Hope_speech,images_DE/DE_HS_0137.jpg
Theyre scared of the truth That confident woman is very powerful and can acomplish anything she wants just like guy By the way Im guy,Hope_speech,images_DE/DE_HS_0381.jpg
Samuel Stephens nCouldnt one take that to mean,Non_hope_speech,images_DE/DE_NHS_0028.jpg
my parents threatened to throw me into conversion therapy for being trans but were too ashamed to thankfullynIm in Canada btwdespite all our LGBT rights,Hope_speech,images_DE/DE_HS_0344.jpg
Harper The life of JFK did not matter either,Non_hope_speech,images_DE/DE_NHS_0474.jpg
Her story makes Bold claim Thanks for the jewish perspective on engineering Building from skill set Lego builds infrastructures TECH programs protecting intellectual property Creating new path KICK STARTER right on GOLDIE BLOCKS Girls lets get it Write on girl engineers,Hope_speech,images_DE/DE_HS_0249.jpg
Try making that Sheriff victim What legend,Non_hope_speech,images_DE/DE_NHS_0352.jpg
All lives matter shout it from the roof top My family died for all people,Hope_speech,images_DE/DE_HS_0575.jpg
hes such good explainer for the kids,Non_hope_speech,images_DE/DE_NHS_0558.jpg
She is not and never has been afraid to speak out against homophobia because her herself us bisexual,Hope_speech,images_DE/DE_HS_0294.jpg
Another example of whites who dont heed the historical facts ofnSlavery throughout history,Non_hope_speech,images_DE/DE_NHS_0320.jpg
Josh 1999 agree completely honestly think somebody knows and thats why they brought her in If so,Non_hope_speech,images_DE/DE_NHS_0041.jpg
Shes 60 OMG,Non_hope_speech,images_DE/DE_NHS_0133.jpg
keke xx could not have said it any better myself,Non_hope_speech,images_DE/DE_NHS_0157.jpg
She is an inspiration,Hope_speech,images_DE/DE_HS_0274.jpg
really like that theyre introducing kids to these subjects Its incredibly important escpecially in this day and age,Hope_speech,images_DE/DE_HS_0445.jpg
People need to stop telling Annie to come outnLet her live her life as human being whether she is part of the LGBTQ community or not,Hope_speech,images_DE/DE_HS_0390.jpg
there is absolutely nothing wrong with lgbtq people and will fight you if you think otherwise lmao:orange heart:,Hope_speech,images_DE/DE_HS_0202.jpg
my choice is to love :pleading face:,Hope_speech,images_DE/DE_HS_0432.jpg
Juan Williams is the most stupid person have ever seen,Non_hope_speech,images_DE/DE_NHS_0532.jpg
Reality Macky nnLook how long it took for the African continent to go down the toilet under black rule Good job there,Non_hope_speech,images_DE/DE_NHS_0518.jpg
wanna be an engineer but suck at math But like chemistry and physics,Hope_speech,images_DE/DE_HS_0553.jpg
Wtf is conversion therapy If someone just born like this,Hope_speech,images_DE/DE_HS_0266.jpg
In my school,Non_hope_speech,images_DE/DE_NHS_0621.jpg
Yh the ones that know George floyd was criminal and known just for that,Non_hope_speech,images_DE/DE_NHS_0291.jpg
And aside from how many girls major in engineering,Hope_speech,images_DE/DE_HS_0139.jpg
My choice is to lovennMe crying and sobbing because of how awesome that kid is,Hope_speech,images_DE/DE_HS_0501.jpg
What JOKE All lives matterAsk GOD,Non_hope_speech,images_DE/DE_NHS_0124.jpg
Wow if heard someone was beating my kid with booknnI would havennnbeaten them with book,Non_hope_speech,images_DE/DE_NHS_0413.jpg
Not forgetting that they also get shot and beaten over it to way more than just booing,Non_hope_speech,images_DE/DE_NHS_0593.jpg
God loves all lives conceived and born,Hope_speech,images_DE/DE_HS_0446.jpg
What about the rest of the world all lives matter we are all human Or do you you all just want attention,Hope_speech,images_DE/DE_HS_0562.jpg
RL Verify with facts please,Non_hope_speech,images_DE/DE_NHS_0332.jpg
wanted to see me of that religious girls reactions,Non_hope_speech,images_DE/DE_NHS_0170.jpg
All lives matter no matter what color Whats the problem with saying that all lives matter,Hope_speech,images_DE/DE_HS_0268.jpg
All lives matter because we all need peace,Hope_speech,images_DE/DE_HS_0196.jpg
People who say all lives matter are just playing dumb at this point,Non_hope_speech,images_DE/DE_NHS_0294.jpg
No one like her Thank you MADONNA You inspire me in world that is becoming so crazy Never give up hope NEVER,Hope_speech,images_DE/DE_HS_0303.jpg
Parsons Whites have never faked crime against them when it comes to non Whites Thats definite lie,Non_hope_speech,images_DE/DE_NHS_0076.jpg
This conversation could be happening right now no change,Non_hope_speech,images_DE/DE_NHS_0428.jpg
you can think whatever you want but in my opinion theres two sides to your thoughts on people in the lgbtq community,Non_hope_speech,images_DE/DE_NHS_0634.jpg
Its not choice to feel attracted to someone,Hope_speech,images_DE/DE_HS_0306.jpg
Colors ice,Non_hope_speech,images_DE/DE_NHS_0195.jpg
love how real they are,Non_hope_speech,images_DE/DE_NHS_0364.jpg
youre judging her based off of her looks,Non_hope_speech,images_DE/DE_NHS_0247.jpg
Why what makes you say Trumps racest,Non_hope_speech,images_DE/DE_NHS_0596.jpg
Thompson Respect is not the same as support You saying they have to support you is you not supporting their beliefs Everyone has different beliefs Suck it up,Non_hope_speech,images_DE/DE_NHS_0293.jpg
Atheism is Unstoppable,Hope_speech,images_DE/DE_HS_0077.jpg
My mom came out at the age of 39 years after she had me lmao,Hope_speech,images_DE/DE_HS_0356.jpg
It seems to me,Non_hope_speech,images_DE/DE_NHS_0568.jpg
whites genocided black South Africans during apartheid and stole 70 of the land,Non_hope_speech,images_DE/DE_NHS_0592.jpg
She is just like wine,Non_hope_speech,images_DE/DE_NHS_0074.jpg
would be killed in conversion therapy because Im proud lesbian and Im not gonna lie about being lesbain Beat me all you want,Hope_speech,images_DE/DE_HS_0003.jpg
They shouldve put that one kid from the meet drag queen video who had the rainbow hair feel like it wouldve been good experience for him,Non_hope_speech,images_DE/DE_NHS_0249.jpg
The color of are skin does not define are personality or are capability of doing and accomplishing stuff Its just color or more specific its just genetic,Hope_speech,images_DE/DE_HS_0010.jpg
Sheriff Clark for president in years,Non_hope_speech,images_DE/DE_NHS_0609.jpg
will always be thankful for Madonna Shes reason Im not afraid to be me even have portrait of her,Hope_speech,images_DE/DE_HS_0404.jpg
Truebut this is spiritualyears of innocent blood on American soil has come back to roost The world is round for reason,Non_hope_speech,images_DE/DE_NHS_0495.jpg
Ultra sadly it isnt reported by the media as much as it should be,Non_hope_speech,images_DE/DE_NHS_0500.jpg
Have the same energy when racism happens towards Asians,Non_hope_speech,images_DE/DE_NHS_0273.jpg
This is sick indoctrination,Non_hope_speech,images_DE/DE_NHS_0306.jpg
proud of you humanity THANK YOUKISSES,Non_hope_speech,images_DE/DE_NHS_0466.jpg
Johnson PEOPLE OF COLOUR WE HOPE,Non_hope_speech,images_DE/DE_NHS_0313.jpg
love the content but his voice irritates me,Non_hope_speech,images_DE/DE_NHS_0204.jpg
know so many LGBTQ members myself am pansexual and genderfluid Those kids are so nice,Hope_speech,images_DE/DE_HS_0242.jpg
Im 68 yo white male and say All Lives Matter,Hope_speech,images_DE/DE_HS_0508.jpg
Bernie The reason black lives matter is because they are giving millions of more dollars so can buy few more houses,Non_hope_speech,images_DE/DE_NHS_0334.jpg
lucky you hope can find my way to be such great woman Wish me luck,Hope_speech,images_DE/DE_HS_0112.jpg
Rose yeah exactly,Non_hope_speech,images_DE/DE_NHS_0106.jpg
Islam is just like feminism in the fact that the definition on both sounds great,Hope_speech,images_DE/DE_HS_0641.jpg
All lives DO MATTER but the question is out of CONTEXT Those who answer this question fall into the TRAP,Hope_speech,images_DE/DE_HS_0099.jpg
Madonna is amazing she really is she fights for what she believes in and that awesome Ive loved her since was really young,Hope_speech,images_DE/DE_HS_0019.jpg
Sunshine littlephilly honey but thought god loved everyone equally,Non_hope_speech,images_DE/DE_NHS_0539.jpg
He sounds like sid the sloth but he is such good guy,Non_hope_speech,images_DE/DE_NHS_0089.jpg
Thank God dont live in Bristolit looks like ghetto,Non_hope_speech,images_DE/DE_NHS_0642.jpg
MaderanI dont know the purpose of bringing up an issue thats over 10 years old and even its own citizens paid it no respect US tries to control the internet,Hope_speech,images_DE/DE_HS_0313.jpg
think we should collectively agree to not label this as therapy This is not therapeutic at all This is abuse Covering it up with medical term when its not even medical in nature hitting someone with book is physical abuserepeating verses meant to break your will for hours day is mental abuse is disrespectful to the field of medicine which serves to help and cure people Gayness does not to be cured It is not disease It is not choice There is absolutely nothing wrong with it Now lets respect one another and help stop this abuse,Hope_speech,images_DE/DE_HS_0640.jpg
The irony of chanting cant breathe during covid outbreak fear for their souls,Non_hope_speech,images_DE/DE_NHS_0514.jpg
ALL LIVES MATTER NOT JUST BLACK LIVES EVERYONE IS GODS CHILDREN NO ONE IS ABOVE ANOTHER WHAT WE HAVE SEEN CURRENTLY IS EXTREME MAOIST ATTITUDES DEMOCRATS ONLY PANDER TO THESE ANTIFA AND BLM EXTREMIST GROUPS CCFP coalition of the conservative free people,Hope_speech,images_DE/DE_HS_0519.jpg
They always have these coconuts representing for black people Especially that David guy on the left We all they all life should be matter but America doesnt act as if it is,Non_hope_speech,images_DE/DE_NHS_0321.jpg
Omg ur story is same as mine thank you for you comment and thank you so much Danby for your presentation finally feel like can dedicate to engineering fully,Hope_speech,images_DE/DE_HS_0107.jpg
Who said it was controversial to say Theres nothing wrong with saying that The only reason that Black groups went out with signs that said Black lives matter at those anti police brutality protest rallies,Non_hope_speech,images_DE/DE_NHS_0189.jpg
Awesome Not only that youve created engineered,Hope_speech,images_DE/DE_HS_0520.jpg
My choice is to love my soul just sobbed there That kid is so cute,Hope_speech,images_DE/DE_HS_0610.jpg
The true racists are Obama and the democrat politicians get this the white politicians and Obama are related look it up and then ask again why is mixed race obama who is both races hating on whites because white democrats politicians told the idiot to start race war Obamas not the brightest bulb in his democratic family thats why hes ordered to start race war hes owned you can see it,Non_hope_speech,images_DE/DE_NHS_0243.jpg
Exactly You cant bring gender equality by just focusing on one gender Its absurd,Hope_speech,images_DE/DE_HS_0632.jpg
choose to equalise Everyone has no more or less rights than anyone else You earn love and respect,Hope_speech,images_DE/DE_HS_0094.jpg
Huynh my God Lets say that black lives should matter BLSM or,Non_hope_speech,images_DE/DE_NHS_0015.jpg
That was girl,Non_hope_speech,images_DE/DE_NHS_0161.jpg
hope this changes,Hope_speech,images_DE/DE_HS_0578.jpg
EVERYONE and mean EVERYONE has to act different when they are at work It has nothing to do with race or sex,Hope_speech,images_DE/DE_HS_0235.jpg
What dont like about this interview is that she doesnt own being heterosexual who supports the LGBTQ community She is straight children and all But maybe she believes love is love Either way lots of straight people liked her music as well wish all people the best All lives matter,Hope_speech,images_DE/DE_HS_0279.jpg
dont give scrap who hate for me ALL LIVES MATTER regardless of race,Hope_speech,images_DE/DE_HS_0047.jpg
The girl with the short hair and cuffed jeans is going to come out just know it Internal homophobia,Non_hope_speech,images_DE/DE_NHS_0426.jpg
Its OK to be white Its OK to be black Its OK to be brown ALL LIVES MATTER,Hope_speech,images_DE/DE_HS_0257.jpg
Again all lives matter,Hope_speech,images_DE/DE_HS_0586.jpg
So the message is some of the black community are now the biggest racists in America,Non_hope_speech,images_DE/DE_NHS_0256.jpg
It has been about 50 years since segregation ended in the US And black people have not bounced back And its no surprise In his works,Non_hope_speech,images_DE/DE_NHS_0261.jpg
say it all the time and will again ALL LIVES MATER,Hope_speech,images_DE/DE_HS_0132.jpg
Yvonne Terran please educate yourself Your comment is extremely insensitive and racist,Non_hope_speech,images_DE/DE_NHS_0585.jpg
think ALL LIVES MATTER,Hope_speech,images_DE/DE_HS_0213.jpg
cried Im glad my parents are reasonable with my sexuality,Hope_speech,images_DE/DE_HS_0425.jpg
Not all Christians think this way dont think its disgusting how they treated him,Hope_speech,images_DE/DE_HS_0544.jpg
am male who choose to change from being an engineer to being early childhood teacher when turned 50 Everyday tell all the children care for that they are engineers,Hope_speech,images_DE/DE_HS_0572.jpg
why dont you want black people to be treated equally,Non_hope_speech,images_DE/DE_NHS_0429.jpg
Thing is its easy to say that online like shrimp coward go to harlem or london and say that Ugghhhh,Non_hope_speech,images_DE/DE_NHS_0224.jpg
It should be all lives matter,Hope_speech,images_DE/DE_HS_0129.jpg
Treat People With Kindness Treat people like you want to be treated,Hope_speech,images_DE/DE_HS_0503.jpg
Wow didnt realise her kind of music could have that impact was fan when was younger,Hope_speech,images_DE/DE_HS_0009.jpg
Thanx Britshere in the USA Philadelphiathe shameful statue of former thug mayor and police chief Frank Rizzo got taken down,Non_hope_speech,images_DE/DE_NHS_0508.jpg
It is very simple When you say black lives matter you are saying that in the past we have not done justice to the black community,Non_hope_speech,images_DE/DE_NHS_0476.jpg
know that was so sweet of the boy to to say hope he knows is good person,Hope_speech,images_DE/DE_HS_0152.jpg
Allowing the divisiveness assures we will all fail miserably and die in poverty with nobody caring about anything but themselves,Non_hope_speech,images_DE/DE_NHS_0405.jpg
Levry Bankers,Non_hope_speech,images_DE/DE_NHS_0416.jpg
that kid asking for advice for being good friend gave me hope that was so cute,Hope_speech,images_DE/DE_HS_0337.jpg
Because he helped bring in schools and hospitals for the country,Non_hope_speech,images_DE/DE_NHS_0562.jpg
Uzokwe so is that the final solution,Non_hope_speech,images_DE/DE_NHS_0176.jpg
All lives matter obviously The BLM movement was created as response to police brutality People started the phrase All lives matter as response to black lives matter in order to remove or dilute the movement,Non_hope_speech,images_DE/DE_NHS_0497.jpg
Amazing talk What terrible professor to be so discouraging and daring to make fun of studentsthis really triggered me and reminded me of one of my former chemistry professorsso rude that everyone stayed quiet out of fear of her retaliating and giving bad gradesThese people should NOT be teaching Im so glad Debbie didnt give up,Hope_speech,images_DE/DE_HS_0043.jpg
For people who were judging Annie and read that she has come out now but Im not sure if thats true was the same way when was younger because grew up in religious family But was really really confused and hated myself because couldnt understand why God would hate me if like girls Which for me made me try to prove even more that didnt like girls at all finally left the religion two years ago and came out as bisexual Its really scary if your family is homophobic and tell you that you are damned forever for that,Hope_speech,images_DE/DE_HS_0406.jpg
My choice is to love perfect answer because God is Love so thats why the gospel needs to be spread through testimonies and exposing the false churches that the devil comes in the name of Thessalonians,Hope_speech,images_DE/DE_HS_0500.jpg
am proud well done Now thats being British,Non_hope_speech,images_DE/DE_NHS_0245.jpg
Shes the BEST,Non_hope_speech,images_DE/DE_NHS_0276.jpg
Taylor What school did you go to that actually did that Every school Ive ever been to gives girls and guy equal chances,Hope_speech,images_DE/DE_HS_0513.jpg
hope that the money that goes to this video will be donated in some way to the families and people that need it right right,Hope_speech,images_DE/DE_HS_0369.jpg
All lives matter Everyone should be equal rights But the world is brokennAnd not every life is valued,Hope_speech,images_DE/DE_HS_0030.jpg
The BBC did report on it and concluded it was tin foil hat conspiracy,Non_hope_speech,images_DE/DE_NHS_0141.jpg
Why is it black vs white and not vs the people who control the institutions all whites aint the enemy To be honest looking at the climate just for saying all lives matter or WLM you get fired and dragged,Hope_speech,images_DE/DE_HS_0584.jpg
Three words spoken every four years in the hopes it will propel you to the white houseexcept if you live in Chicago,Non_hope_speech,images_DE/DE_NHS_0458.jpg
The problem with saying All Lives Matter is that its being used as retort toward the protest of Black Lives Matter Its literally saying sure black lives matter,Non_hope_speech,images_DE/DE_NHS_0343.jpg
She represents humanity compassion,Hope_speech,images_DE/DE_HS_0499.jpg
Brown :face with raised eyebrow:,Non_hope_speech,images_DE/DE_NHS_0393.jpg
Im not Christian tbh Im not apart of any religion but god accepts everyone and its not cool to be the same We were made to be different not to just protest about someones choice of sexuality or religion,Hope_speech,images_DE/DE_HS_0029.jpg
when you pronounce Arabic names,Non_hope_speech,images_DE/DE_NHS_0379.jpg
Crystal is so mature She asks good questions AND SHES WHOVIAN TOO This child is being raised right,Non_hope_speech,images_DE/DE_NHS_0207.jpg
Next month its back to brexit,Non_hope_speech,images_DE/DE_NHS_0520.jpg
Beckett You cherry pick studies,Non_hope_speech,images_DE/DE_NHS_0278.jpg
Im so glad have accepting parents My dad who was raised very very religiously actually accepted me first He had to tell my mother that it wasnt phase and it wasnt just because had bad boyfriend But now they both love me and my dad has cut his losses with religion before came out but he was especially glad he did after came out Sadly,Hope_speech,images_DE/DE_HS_0477.jpg
It is very sad that the world has really become this,Non_hope_speech,images_DE/DE_NHS_0465.jpg
No they dont,Non_hope_speech,images_DE/DE_NHS_0338.jpg
have and have always had much respect and admiration for her Despite all the controversy and judgement she continues to stay the course and will always SHINE my hero,Non_hope_speech,images_DE/DE_NHS_0436.jpg
God gave us choice My choice is to love That was amazing,Hope_speech,images_DE/DE_HS_0541.jpg
There are nuff people in Istanbul who are not religious It is quite diverse city,Hope_speech,images_DE/DE_HS_0041.jpg
Im lesbian Christian The beginning statement,Hope_speech,images_DE/DE_HS_0016.jpg
This is so inspiring MD PhD in engineering is my end goal have too many ideas and realized need engineering training to do the research My brother is petroleum engineer Im at community college starting my journey to wherever school end up My credits in Psychology have 119 but too old to transfer but working in psychiatric field and mental health has given me the vision have now,Hope_speech,images_DE/DE_HS_0403.jpg
dont understand why it is up to anyone else but yourself to make the decision to become an engineer or whatever The great thing about america or any other nation that is similar is that if you work hard you can accomplish pretty much anything you set your mind to Obviously you need to network and some luck but saying you need to get more diversity just to get more diversity is absurd dont care who the engineer that helps make my bridge,Hope_speech,images_DE/DE_HS_0175.jpg
want to believe blm will forget and we will live in peace,Non_hope_speech,images_DE/DE_NHS_0108.jpg
Would it be racist if an audience booing someone who said black lives matter All lives matter,Hope_speech,images_DE/DE_HS_0008.jpg
Revolutions eat themselves,Hope_speech,images_DE/DE_HS_0415.jpg
Since when is being expected to act in professional manner at work exclusive to women Newsflash,Non_hope_speech,images_DE/DE_NHS_0530.jpg
If you want to be accepted as software engineer,Non_hope_speech,images_DE/DE_NHS_0040.jpg
He improved himself and wanted to start better life,Non_hope_speech,images_DE/DE_NHS_0179.jpg
have nothing against gay people,Hope_speech,images_DE/DE_HS_0423.jpg
must not no what peacefully protesting means is that where you reck your own town and steal,Non_hope_speech,images_DE/DE_NHS_0445.jpg
And now Sheriff Clark has been fired by Fox,Non_hope_speech,images_DE/DE_NHS_0029.jpg
Mitch Jebbers The President is overly emotional and complains too much,Non_hope_speech,images_DE/DE_NHS_0615.jpg
Omg Were at the exactly same state hope well get through this,Hope_speech,images_DE/DE_HS_0110.jpg
Madonna is so genuine in this interview,Non_hope_speech,images_DE/DE_NHS_0144.jpg
Sunshine littlephilly ur username is sin,Non_hope_speech,images_DE/DE_NHS_0183.jpg
Within the first few seconds of the video,Non_hope_speech,images_DE/DE_NHS_0576.jpg
Its most definitely racist all life matters no matter what all men were created equal and that means they all have life and if they lose that life including black white pink orange whatever it is gone forever,Hope_speech,images_DE/DE_HS_0524.jpg
Yea think he should be the leader Holding pregnant woman at gunpoint is really brave,Non_hope_speech,images_DE/DE_NHS_0200.jpg
My parents were absolutely against me majoring in the humanities They encouraged me to go into engineering Im glad did Gender wasnt even in the question,Hope_speech,images_DE/DE_HS_0117.jpg
Thats why love her she made me feel that being different is okay her music change people lifes,Hope_speech,images_DE/DE_HS_0368.jpg
Dont embrace either side,Non_hope_speech,images_DE/DE_NHS_0629.jpg
Darzo Xx the slogan is response to racist actions You cant take that out of contextnIts like hey stop killing us please,Non_hope_speech,images_DE/DE_NHS_0039.jpg
No one cares what the demos have to say about this the far left and far right will always be bunch of narrow minded fools,Non_hope_speech,images_DE/DE_NHS_0570.jpg
Nobody has supported the LGBT community like MADONNA even in the darkest hours she has always been an advocate fighter for human rights,Hope_speech,images_DE/DE_HS_0057.jpg
Like this comment to support nBlack lives matter nWe will and should live as equals we look different but we should be treaded the same black or white boy or girl we are all humans so protest fo what is right or you can fall and be stone hearted for as long as you live and remember god made us all as equals,Hope_speech,images_DE/DE_HS_0638.jpg
Olson am black and approve of this message,Non_hope_speech,images_DE/DE_NHS_0325.jpg
Jack Parsons OMG,Non_hope_speech,images_DE/DE_NHS_0533.jpg
Thanks to her,Non_hope_speech,images_DE/DE_NHS_0499.jpg
ONE NATION UNDER GOD INVISIBLE WITH LIBERY AND JUSTICE FOR ALL What happened to this,Non_hope_speech,images_DE/DE_NHS_0540.jpg
alex nTheir beliefs are shallow and harsh,Non_hope_speech,images_DE/DE_NHS_0128.jpg
She said in the video that only 11 percent of engineers are female,Non_hope_speech,images_DE/DE_NHS_0489.jpg
Rebekah Girl Im Christian too and you are waaaaaaaaaaaaay outta line What Im taught from the bible and what see it saying is that we should love all Do you believe that God loves each and every one of us cause thats what we are taught as Christians that he loves everyone of us So the fact you think God doesnt like LGBTQ people is misinformed because God loves all of us not just some of us ALL of usnnIts people like you that give us Christians bad name because you want to make your own version of life where God only likes what you think and thats what you tell people When in fact God loves all of us and wants us to love eachother like we want to be loved So before you come here claiming to be Christian go and rethink everything you think and read up on what God teaches us nnnLike girl bye,Hope_speech,images_DE/DE_HS_0097.jpg
This is the best speech Ive ever heard So inspirational Im 14 and want to be an engineer dropped Drama for product design few months ago and it was the best decision ever made Its now my favourite subject But Im in class of about 2025 and theres only girls thats including me,Hope_speech,images_DE/DE_HS_0149.jpg
dont wanna fight was just saying,Non_hope_speech,images_DE/DE_NHS_0456.jpg
Some of those kids were so well spokennAnd hope that man has wonderful life,Hope_speech,images_DE/DE_HS_0131.jpg
Can we please talk about the serious topic at hand instead of assuming what childs sexuality is,Hope_speech,images_DE/DE_HS_0346.jpg
thats lie,Non_hope_speech,images_DE/DE_NHS_0011.jpg
yeah fairly confident in the fact that this bullshit tell it like it is youtube advice channel is lame,Non_hope_speech,images_DE/DE_NHS_0237.jpg
So inspiring swear The same problem is faced in India toonGuys always look down upon girls,Hope_speech,images_DE/DE_HS_0253.jpg
All lives matter Not only black,Hope_speech,images_DE/DE_HS_0204.jpg
What is black life People are different shades of brown The school system failed everyone,Non_hope_speech,images_DE/DE_NHS_0231.jpg
love the child who said god gave us choice and my choice is to love want to meet him,Hope_speech,images_DE/DE_HS_0387.jpg
Democrats are the reason our country WILL fall,Non_hope_speech,images_DE/DE_NHS_0337.jpg
if youre passionate about it give Ted talk yourself No need to put other people down to bring something that you think is important to light Minorities in any field should be taken seriously,Hope_speech,images_DE/DE_HS_0568.jpg
Chlopakzpolski Yes it is incorrect,Non_hope_speech,images_DE/DE_NHS_0053.jpg
am teenage girl watching this years after this video was published and found it really inspiring,Hope_speech,images_DE/DE_HS_0455.jpg
My brother is bi and support him very much,Hope_speech,images_DE/DE_HS_0637.jpg
from djibouti that was great but you had courage to achieve your aim,Hope_speech,images_DE/DE_HS_0283.jpg
Im not homophobic person If were would have said that would be friends with him homophobia wouldnt say that,Non_hope_speech,images_DE/DE_NHS_0248.jpg
This made me cry it is beautiful,Hope_speech,images_DE/DE_HS_0350.jpg
God gave us choice and my choice is to love That was so sweet,Hope_speech,images_DE/DE_HS_0378.jpg
There is one problem with youtubennnnnnnYou cant hit the like button multiple timesnBLACK LIFES MATTER,Non_hope_speech,images_DE/DE_NHS_0151.jpg
ALL LIVES MATTER not just the few,Non_hope_speech,images_DE/DE_NHS_0093.jpg
Man cant believe he survived surrounded by all the gays,Non_hope_speech,images_DE/DE_NHS_0644.jpg
BECAUSE THEY ARE RACISTS,Non_hope_speech,images_DE/DE_NHS_0496.jpg
SUXASS yeah is annoying having to explain this all to my mum,Non_hope_speech,images_DE/DE_NHS_0031.jpg
know that homosexuality exists,Hope_speech,images_DE/DE_HS_0538.jpg
God gave us choice And my choice is to lovennnWow,Hope_speech,images_DE/DE_HS_0060.jpg
Totally agree All Lives matter,Hope_speech,images_DE/DE_HS_0481.jpg
Nobody was saying All Lives Matter until Black Lives Matter Its protest against protest,Non_hope_speech,images_DE/DE_NHS_0586.jpg
Are most engineering classes filled with mostly men think physics and maths classes have same ratio from men to women cant choose whether should study maths or physics lol,Non_hope_speech,images_DE/DE_NHS_0110.jpg
Stratford thats ur porogative Not my problem at least dont have to look at it any more more to the point like said talk is talk the council dilly dallied while protestor done the job for them no charge,Non_hope_speech,images_DE/DE_NHS_0160.jpg
She is pretty and smart wow,Hope_speech,images_DE/DE_HS_0458.jpg
We are missing the best female talent There may be females that are truly interested but not encouraged as in told about engineering not forced or bullied out of it there have been studies that show capable females leave STEM because they are bullied by peers or faculty do not force anyone into field they are not interested in have cousin that would be capable but not interested tell her to do what she likes But there are females that would like it we need to find them diverse workforce makes it better workforce Crash tests were only conducted using males dummies until females engineers got involved and saw there needed to be tests on females as well Females and males do approach problems in different ways,Hope_speech,images_DE/DE_HS_0570.jpg
All Lives Matter for me If you protest for only colourdoes not mean which colour it will created jealousy,Hope_speech,images_DE/DE_HS_0625.jpg
Tagerius It is illegal now and Im very happy think people should be themselves,Hope_speech,images_DE/DE_HS_0507.jpg
Britain was built on the slave trade,Non_hope_speech,images_DE/DE_NHS_0166.jpg
got chills throughout the video Im so happy to be able to come into the field with women and as an inspiring aerospace engineer,Hope_speech,images_DE/DE_HS_0451.jpg
She doesnt sound like victim to me She sounds like an engineer tried this It didnt work so tried that figured out this Then tried that It worked,Hope_speech,images_DE/DE_HS_0582.jpg
John2G they dont change your sexuality but they can make you hate it enough to repress it and force yourself to be straight,Non_hope_speech,images_DE/DE_NHS_0262.jpg
it is definitely possible for her to be straight and even in the comments people claiming they know her personally BUT she could easily be closeted she even points out how shes religious and in environments like that,Non_hope_speech,images_DE/DE_NHS_0130.jpg
Gods Word Matters until people get serious about God work live according to His Word,Hope_speech,images_DE/DE_HS_0461.jpg
And forcing ppl to do stuff is really nice isnt it,Non_hope_speech,images_DE/DE_NHS_0505.jpg
am so inspired by you Thank you for creating an amazing product for amazing girls and thank you for sharing your story You are beautiful speaker and beautiful person,Hope_speech,images_DE/DE_HS_0109.jpg
Aguirre no where in the bible does it say single time we are not to judge it says we are not to act on that judgement part from preaching the gosple and praying for the sinners soul,Non_hope_speech,images_DE/DE_NHS_0538.jpg
loved the kids reactions and comments hope this next generation is more tolerant,Hope_speech,images_DE/DE_HS_0434.jpg
BLM is Marxist org The Communist have murdered,Non_hope_speech,images_DE/DE_NHS_0318.jpg
Im female engineering student right now Im so glad this is in my recommendation,Hope_speech,images_DE/DE_HS_0392.jpg
Rebekah Homosexuality is an attraction and not an act with consquences that directly affects other people and their well being Also,Hope_speech,images_DE/DE_HS_0617.jpg
hate most WWE fans sorry but It does not mean blm it is actually and insult to the black community Maybe you should read my last comment and maybe youd understand little better of what mean hope it helps you,Non_hope_speech,images_DE/DE_NHS_0257.jpg
You should be,Non_hope_speech,images_DE/DE_NHS_0557.jpg
How can you say you dont agree with homosexuality Its makes as much sense as saying dont agree with gravity,Hope_speech,images_DE/DE_HS_0339.jpg
thanks for encouraging me to fight with dignity once again appreciation to the tips and real life facts Respect,Hope_speech,images_DE/DE_HS_0412.jpg
Im pretty sure his wikipedia page is still on No one finds out about history in statues,Non_hope_speech,images_DE/DE_NHS_0423.jpg
No Priti Colson was disgraceful He now is where he belongs in the mud His statue was disgrace,Non_hope_speech,images_DE/DE_NHS_0052.jpg
Every parengts wiling to put their child into mental and physical abuse in one of those so called therapy camp should be charged for child abuse This is revolting and dont understand why in the Obama era they didnt do anything Now with Trump its gonna continue and worsen,Hope_speech,images_DE/DE_HS_0167.jpg
IAM girl studying software engineering,Hope_speech,images_DE/DE_HS_0219.jpg
Morning Madera Slavery in America ended 200yrs ago,Hope_speech,images_DE/DE_HS_0017.jpg
Just be yourself man,Hope_speech,images_DE/DE_HS_0382.jpg
My mom is an engineer,Hope_speech,images_DE/DE_HS_0612.jpg
History in the making Lets see what happens in the next 300 years,Non_hope_speech,images_DE/DE_NHS_0437.jpg
This is what happens when you elect Trump,Non_hope_speech,images_DE/DE_NHS_0545.jpg
Black lives matter all lives matter regardless of skin colour,Hope_speech,images_DE/DE_HS_0630.jpg
Im not referring to the protesters when make these points,Non_hope_speech,images_DE/DE_NHS_0408.jpg
Aless Aless the way you quoted rights makes me think that you are just another ignorant racist,Non_hope_speech,images_DE/DE_NHS_0515.jpg
This is good idea for twilight zone episode,Non_hope_speech,images_DE/DE_NHS_0371.jpg
That man is so incredibly strongi was moved Thanks,Hope_speech,images_DE/DE_HS_0055.jpg
Whats your source of this view Ive never see anything on this If it was true you know the media would be all over it believe you are mistaken,Non_hope_speech,images_DE/DE_NHS_0140.jpg
Im religious and lesbian,Hope_speech,images_DE/DE_HS_0052.jpg
Love this sherriff,Non_hope_speech,images_DE/DE_NHS_0260.jpg
There is good and bad in all races and all professions All races face discrimination from people who are jerks There will always be those in the world that do not see the person for the special person that they are It isnt right just have to believe that those who promote hate through discrimination will answer for it when they stand before God,Hope_speech,images_DE/DE_HS_0234.jpg
Right Show some decorum,Non_hope_speech,images_DE/DE_NHS_0488.jpg
Im lost but surely all lives matter,Hope_speech,images_DE/DE_HS_0044.jpg
Literally me too,Non_hope_speech,images_DE/DE_NHS_0584.jpg
baddie nAnd have seen even more racist people say black lives matter They even attack people for saying all lives matter As an Italian American laugh at black peoples hypocrisy nBlack lives ONLY matter when white person takes it,Non_hope_speech,images_DE/DE_NHS_0326.jpg
What an inspiring talk not just for engineers or aspiring engineers,Hope_speech,images_DE/DE_HS_0616.jpg
Im studying to be civil engineerhope succeed,Hope_speech,images_DE/DE_HS_0410.jpg
race bajannYour brain is scam,Non_hope_speech,images_DE/DE_NHS_0112.jpg
Ugh the party is so pathetic and cowardly,Non_hope_speech,images_DE/DE_NHS_0484.jpg
What about people who actually like engineering And want to make world better place,Hope_speech,images_DE/DE_HS_0416.jpg
sin Gurllllll Everyone sins,Non_hope_speech,images_DE/DE_NHS_0632.jpg
Oh no it definitely will Itll be know as the year where everything went to shit and It got worse and worse going through the year,Non_hope_speech,images_DE/DE_NHS_0156.jpg
Inspiring and Go Girl,Hope_speech,images_DE/DE_HS_0004.jpg
blm is the new isis,Non_hope_speech,images_DE/DE_NHS_0578.jpg
Im woman and dream of being an engineer,Hope_speech,images_DE/DE_HS_0598.jpg
girl nd is Computer Engineering student nd love fact dat my parents always wanted me to an engineer played wid those blocks as young nd yes India may developing country bt glad my parents didnt only picture guys as an engineer,Hope_speech,images_DE/DE_HS_0540.jpg
Sorry dont agree with what you are know that isnt exactly what they said but yeah look know theyre kid but hopefully theyll grow out of that mindset its just illogical,Hope_speech,images_DE/DE_HS_0321.jpg
He would be so disappointed Remember have dream to live in world where my four children will be judged by there character not by there skin color Then black lives matter happens and all lives matter is racist apparently and freedom of speech is dead You disagree your racist or sexist What happened to the world Theres only one race the human race History is not perfect from any perspective Everyone has been slave look at the gladiators for example theres plenty more as well dont forget about prisoners of war You cant sing certain music due to certain words if there so offensive or only one race can say them then take that word out,Hope_speech,images_DE/DE_HS_0053.jpg
Lately our lives havent carried the same weight and DIFFERENCES with how the police treat USnot yallnHence Black Lives MatternSimplenot complex,Non_hope_speech,images_DE/DE_NHS_0607.jpg
knew that boy looked hella effeminate lol oops,Non_hope_speech,images_DE/DE_NHS_0356.jpg
When white people get murdered No one cares So yes All lives matter Were All Americans,Non_hope_speech,images_DE/DE_NHS_0417.jpg
Im very lucky that all my friends and family respect that am bisexual,Hope_speech,images_DE/DE_HS_0187.jpg
Take your time Youll be able to do that and be yourself You can do it,Hope_speech,images_DE/DE_HS_0424.jpg
Agreed grew up in conservative household and saw homosexuality as being bad until was 18 Now Im 24,Hope_speech,images_DE/DE_HS_0571.jpg
black lives matter is self explanatory need an explanation for where you get matter more from,Non_hope_speech,images_DE/DE_NHS_0119.jpg
We will all PRAY for Black lives mater,Non_hope_speech,images_DE/DE_NHS_0622.jpg
Why do people say god hates LGBT people when his whole thing is loving everyone,Hope_speech,images_DE/DE_HS_0596.jpg
Cuz many people had deleted comments,Non_hope_speech,images_DE/DE_NHS_0017.jpg
Injustice anywhere is threat to justice everywhere Martin Luther King Jr,Hope_speech,images_DE/DE_HS_0607.jpg
This is typically the attitude of the weak minded who lack self crticism For example Democrats,Non_hope_speech,images_DE/DE_NHS_0314.jpg
ALL LIVES MATTER get what they went through but thats in the past you cant bring that up in defense,Hope_speech,images_DE/DE_HS_0340.jpg
All Lives Matter,Hope_speech,images_DE/DE_HS_0051.jpg
Marco Arreola nnPeople demonstrating for George floyd but not demonstrating for tony timpa maybe,Non_hope_speech,images_DE/DE_NHS_0126.jpg
We should ban rap music with all its racism and drug trafficking,Non_hope_speech,images_DE/DE_NHS_0627.jpg
Im so happy live in country that accepts homosexuality and conversion therapy doesnt exist in where live,Hope_speech,images_DE/DE_HS_0096.jpg
dont know why ppl is so mad about not saying BLM,Non_hope_speech,images_DE/DE_NHS_0165.jpg
Thats if the threat of the virus was actually much of one But this could have and should have had the peoples vote,Non_hope_speech,images_DE/DE_NHS_0323.jpg
Just TRY to identify with LGBT person and read your comment again,Non_hope_speech,images_DE/DE_NHS_0072.jpg
Rob TnTheres something called SCIENCE,Non_hope_speech,images_DE/DE_NHS_0084.jpg
Jules is such an amazing person,Hope_speech,images_DE/DE_HS_0319.jpg
used to think All Lives Matterno days,Hope_speech,images_DE/DE_HS_0262.jpg
If it bothers you that we say black lives matter,Non_hope_speech,images_DE/DE_NHS_0606.jpg
Well people out there in America all lives MATTERS,Hope_speech,images_DE/DE_HS_0116.jpg
All Lives Matter,Hope_speech,images_DE/DE_HS_0459.jpg
want yum black lives matter,Non_hope_speech,images_DE/DE_NHS_0471.jpg
Roog That just goes to show that women are more interested in factors other than financial remuneration in their careersnnHeres the thing,Hope_speech,images_DE/DE_HS_0522.jpg
TA All the best dear Work with passion,Hope_speech,images_DE/DE_HS_0062.jpg
Conversion therapy needs to be illegal,Hope_speech,images_DE/DE_HS_0221.jpg
can have an african race based scholarship then if african americans have been so repressed If they cant say all lives matter they are planning genocide again,Non_hope_speech,images_DE/DE_NHS_0480.jpg
honestly think people can love who they want to love,Hope_speech,images_DE/DE_HS_0427.jpg
Sunshine littlephilly ok so you have an opinion but oh my god this was comment that cant leave alone as member of LGBT feel like this is very nOffensive we should not need to change who we are to make others happy and we will not change our sexuality or identity for anything thank you Im just sayin,Hope_speech,images_DE/DE_HS_0460.jpg
understand that but wasnt suggesting All lives matter should be the response and thats it what am suggesting is booing all lives matter is racist and we need to recognise that or though BLM is great thing we have to be careful not yo cause more racism and division as whatever the corr message is people take things and run with it using good things to hurt good people,Hope_speech,images_DE/DE_HS_0284.jpg
It might be against my religion but choose to love and not hate,Hope_speech,images_DE/DE_HS_0215.jpg
Im inspired Im 1st year student in Mechanical Engineering,Hope_speech,images_DE/DE_HS_0207.jpg
You can paint an apple what ever color you want but will still taste like an apple in the inside,Hope_speech,images_DE/DE_HS_0629.jpg
noticed that too its not right All Lives Matter,Hope_speech,images_DE/DE_HS_0190.jpg
Thank you cause for some reason when you say all lives matter the people who support Black lives matter attack you for saying all lives matter its so ridiculous,Non_hope_speech,images_DE/DE_NHS_0116.jpg
Such fake,Non_hope_speech,images_DE/DE_NHS_0268.jpg
Literally every statue of anybody in history should be demolished then because guarantee that none of them can name one person from that time period who didnt own slaves,Non_hope_speech,images_DE/DE_NHS_0102.jpg
Im Doctor and people say arent young for calling urself dr,Hope_speech,images_DE/DE_HS_0248.jpg
Yes that was genuine Bless her Never give up hope love you ladyx,Hope_speech,images_DE/DE_HS_0256.jpg
The truth is All lives matter,Hope_speech,images_DE/DE_HS_0211.jpg
All lives matter all people matter all point of views matter all religions matter,Hope_speech,images_DE/DE_HS_0426.jpg
Melanie Schneiderman nWe are all call to love everyone and see their beauty :orange heart:,Hope_speech,images_DE/DE_HS_0464.jpg
What about lives outside of humans,Non_hope_speech,images_DE/DE_NHS_0226.jpg
well have to respect her its not wrong if someone disagrees with homosexuality but at the same time CHOOSE not to hate and keep loving the lgbtqs there are differences,Hope_speech,images_DE/DE_HS_0114.jpg
Chalk hope you succeed Good luck to you and all the women out there,Hope_speech,images_DE/DE_HS_0228.jpg
am bi BUT did not wake up one morning oh lemme kiss guy and decided wanted to date guys people that says homosexuality is choice is dumb,Hope_speech,images_DE/DE_HS_0012.jpg
Earth angel with an iron coat :coat: she had to wear it or she wouldnt have survived all the hate We love you Madonna We see and feel your light but we also accept your dark as well For to love only one side of humanity isnt real With out night there is no light,Hope_speech,images_DE/DE_HS_0031.jpg
Im Christian and dont care if you are homosexual As long as you dont harm anybody you do whatever you want,Hope_speech,images_DE/DE_HS_0250.jpg
God gave us choice and my choice is to love WOW this kid gets it,Hope_speech,images_DE/DE_HS_0362.jpg
ofaboosting 129 lies,Non_hope_speech,images_DE/DE_NHS_0215.jpg
Taylor that is the most insane comment ever go and search Shankuntala Devi,Hope_speech,images_DE/DE_HS_0352.jpg
Yes like theres no differences We are all humans,Hope_speech,images_DE/DE_HS_0208.jpg
The entire Western Hemisphere is being infected not by COVID19 but by the left wing and MSM,Non_hope_speech,images_DE/DE_NHS_0349.jpg
nostar no,Non_hope_speech,images_DE/DE_NHS_0158.jpg
Groovy 1970s Channel nBLACK nLIVESnMATTER,Non_hope_speech,images_DE/DE_NHS_0054.jpg
IT DOESNT MATTER WHATS RACE YOU ARE,Hope_speech,images_DE/DE_HS_0018.jpg
the boy asking for tips on how to be good friend for his friend Im crying omg,Hope_speech,images_DE/DE_HS_0185.jpg
We all cannot dismiss the influence she has had in the progress for change in LGBTQ rights,Hope_speech,images_DE/DE_HS_0478.jpg
Theres something fascinating to me about woman whos correct,Hope_speech,images_DE/DE_HS_0108.jpg
ALL LIVES MATTRESS WHITE BLACK RED BROWN YELLOWnHELL EVEN WORMS MnGET THE FCK OVER ITWE ALL ARE EQUAL BITCOIN ABOUT,Hope_speech,images_DE/DE_HS_0083.jpg
Alllllll lives matter we all came from jesus Christ,Hope_speech,images_DE/DE_HS_0388.jpg
Stunning interview She was so calm,Non_hope_speech,images_DE/DE_NHS_0462.jpg
Madonna has always made the world better place,Non_hope_speech,images_DE/DE_NHS_0551.jpg
Its doesnt mean only it means Black Lives are here and should be listened too dumbass all lives matter cause we are human it just also means listen we need help,Non_hope_speech,images_DE/DE_NHS_0388.jpg
17 million abortions seem to show BLINDNESS TO THOSE WHO HAVE NO VOICE,Non_hope_speech,images_DE/DE_NHS_0535.jpg
MADONNA THE CHANGE AGENT,Hope_speech,images_DE/DE_HS_0421.jpg
lol Trying to fight off the trauma,Hope_speech,images_DE/DE_HS_0056.jpg
TheLegend27 Is Alive Shes definitely lesbian,Non_hope_speech,images_DE/DE_NHS_0290.jpg
Dunbar God has no hate in him He is pure love,Hope_speech,images_DE/DE_HS_0633.jpg
Bot Pyramids were built by Egyptians The slave theory has been debunked for long time now,Non_hope_speech,images_DE/DE_NHS_0209.jpg
The most white people in America are racist specially the police,Non_hope_speech,images_DE/DE_NHS_0435.jpg
Is that supposed to be funny,Non_hope_speech,images_DE/DE_NHS_0327.jpg
We dont want race war,Hope_speech,images_DE/DE_HS_0354.jpg
Anyone of color saying black lives matter is working against their own cause ALL LIFE MATTERS If you selfcategorize and call yourself black man or black woman,Non_hope_speech,images_DE/DE_NHS_0328.jpg
Please protest safely,Hope_speech,images_DE/DE_HS_0076.jpg
125 Open your heart feel the rhythm,Non_hope_speech,images_DE/DE_NHS_0583.jpg
came out as bisexual and she is one of the main reasons why turned bi have the biggest girl crush on her and still do Go Madonna,Hope_speech,images_DE/DE_HS_0371.jpg
And why because he was black geht mit so much Moby or No Job,Non_hope_speech,images_DE/DE_NHS_0225.jpg
pants nI could say the same thing to you Ive made many new points including how affirmative actions could hurt minorities as well,Hope_speech,images_DE/DE_HS_0497.jpg
feel like Samuel Jackson based the attitude is characters play in every movie where hes no nonsense kind of man off of David Clarke,Non_hope_speech,images_DE/DE_NHS_0071.jpg
used to think that all lives matter But now Im thinking we would all be happier without blm,Hope_speech,images_DE/DE_HS_0085.jpg
How about unborn babies lives matter dont see them going crazy about that,Non_hope_speech,images_DE/DE_NHS_0503.jpg
Theres always way out and Madonna is just changing the world for the better,Hope_speech,images_DE/DE_HS_0292.jpg
blisscl totally understand just think the slogan sounds racist,Hope_speech,images_DE/DE_HS_0559.jpg
Im white to start off and dont think saying black lives matter is racist black people never said white lives dont matter there sticking up for there self like if your kid dies and someone comes in and says all kids lives matter calmed down people and help your fellow humans to have same rights as everyone its not right to hate someone because of color mean come on color wow,Hope_speech,images_DE/DE_HS_0073.jpg
As bisexual woman smell bisexual woman in this video,Non_hope_speech,images_DE/DE_NHS_0561.jpg
It is shame that we men played and continue to play such mean game dealing with woman other than your mother,Hope_speech,images_DE/DE_HS_0341.jpg
If so many people hate racism,Hope_speech,images_DE/DE_HS_0037.jpg
think 221 people misclicked the dislike,Non_hope_speech,images_DE/DE_NHS_0193.jpg
Black lives also matter,Non_hope_speech,images_DE/DE_NHS_0105.jpg
want to be like you when grow up,Hope_speech,images_DE/DE_HS_0171.jpg
Thank you So true The church has done SO many awful things in Gods name and been terrible reflection of Christ Praying the church can wake up and repent of its past and present sins dont blame people for wanting to stay far from Christianity It just breaks my heart since know the way many Christians act is so contrary to the way Jesus called us to live He loved sinners,Hope_speech,images_DE/DE_HS_0230.jpg
can relate with her experience being minority in MecEng Major is really hard but,Hope_speech,images_DE/DE_HS_0050.jpg
Blm thinks that black live matter more than everyone elses,Non_hope_speech,images_DE/DE_NHS_0452.jpg
Ill say it Im not scared ALL LIVES MATTER ALL LIVES MATTER,Hope_speech,images_DE/DE_HS_0022.jpg
white lifes are the most privileged and sanctified lives in the us,Non_hope_speech,images_DE/DE_NHS_0614.jpg
Amazing speech Really motivating,Hope_speech,images_DE/DE_HS_0304.jpg
This was so inspiring,Hope_speech,images_DE/DE_HS_0195.jpg
Okane Its one issue but it does affect the rights they have,Non_hope_speech,images_DE/DE_NHS_0092.jpg
love Madonna shes trailblazer and trendsetter thx Madonna for being unapologetically yourself and spreading love and empowering messages your so inspirational love my beautiful queen Madonna,Hope_speech,images_DE/DE_HS_0308.jpg
ALL LIVES MATTER To say anything else is ridiculous To be equal is to be considered as whole There are unfair things that happen and people need to be held accountable But to divide ourselves is not helping anything,Hope_speech,images_DE/DE_HS_0178.jpg
Birt ok straighty,Non_hope_speech,images_DE/DE_NHS_0163.jpg
All lives matter Black lives matter is so racist agains any other race,Non_hope_speech,images_DE/DE_NHS_0353.jpg
little lesbian SENT ME LMAOO,Non_hope_speech,images_DE/DE_NHS_0035.jpg
Madonnas music took me through so many hard times Also,Hope_speech,images_DE/DE_HS_0081.jpg
seconds in what funny joke unicycleha,Non_hope_speech,images_DE/DE_NHS_0038.jpg
Man are pissed by whiney bitches seeking attention,Non_hope_speech,images_DE/DE_NHS_0148.jpg
Im white like what the cop said but its not just black family torn apart but all poor families,Non_hope_speech,images_DE/DE_NHS_0301.jpg
SinainnKim Kardashian is also multimilionare,Non_hope_speech,images_DE/DE_NHS_0636.jpg
Jack Parsons exactly,Hope_speech,images_DE/DE_HS_0184.jpg
Born to be star an icon She has done so much for the LGBTQ community Im so horrified by the hate she gets because of her age,Hope_speech,images_DE/DE_HS_0280.jpg
Its gone full circle like an Ouroboros for these SJWs,Non_hope_speech,images_DE/DE_NHS_0199.jpg
BILL CLINTON Right there know whatever award that was its garbage,Non_hope_speech,images_DE/DE_NHS_0066.jpg
Bro Id black havent matter in the last 400 years how can all live matter The dude is clown,Non_hope_speech,images_DE/DE_NHS_0283.jpg
TurnernNone of that addresses the question as to why transsexual should be mentioned as sexuality alongside lesbian,Non_hope_speech,images_DE/DE_NHS_0455.jpg
Ron La Manna we need to give him an oval office,Non_hope_speech,images_DE/DE_NHS_0241.jpg
ALL LIVES WONT MATTER,Non_hope_speech,images_DE/DE_NHS_0285.jpg
If you strip your skin covering you all look the sameAll lives matter,Hope_speech,images_DE/DE_HS_0322.jpg
your uneducated you dont even know your bible,Non_hope_speech,images_DE/DE_NHS_0009.jpg
wow really your gonna blame celebrity for all your life problems Attention Seeker,Non_hope_speech,images_DE/DE_NHS_0571.jpg
Lonelymilanj are you for realshe did her work when no one else did,Hope_speech,images_DE/DE_HS_0454.jpg
Tony Gokk our world is over populated by lot You can still adopt child poor loving child who needs attention and longs home If this is religious thing,Hope_speech,images_DE/DE_HS_0223.jpg
Long Night Of Hooking exactly,Non_hope_speech,images_DE/DE_NHS_0526.jpg
Madonna in her songs and her voice have always been there as way to comfort me,Hope_speech,images_DE/DE_HS_0463.jpg
understand why Black Lives Matter doesnt want to include all other races because it destroys the purpose of their point Of course all lives matter But it including others hurts their cause Think about it,Non_hope_speech,images_DE/DE_NHS_0344.jpg
Aranyak Biswas Im black dude and that is the most dumbest comment have ever read All Lives Matter,Non_hope_speech,images_DE/DE_NHS_0646.jpg
InvestigationsnA monument of slave trade guru was taken down and want to investigate nI just cant imagine why this wasnt done long time ago nnSee that home secretary face,Non_hope_speech,images_DE/DE_NHS_0125.jpg
No they are not All lives matter,Hope_speech,images_DE/DE_HS_0286.jpg
Thank you so much sis feel better now,Hope_speech,images_DE/DE_HS_0353.jpg
Shes living legend She changed the world Madonna are my life,Hope_speech,images_DE/DE_HS_0244.jpg
Who else watches Raphael GomesnnnnnTotally random question lol,Non_hope_speech,images_DE/DE_NHS_0601.jpg
lmao thought annie was lesbian yet she said dont agree with homosexuality what,Non_hope_speech,images_DE/DE_NHS_0430.jpg
All lives do matter Stop playing your games,Hope_speech,images_DE/DE_HS_0442.jpg
dont get it These groups that conduct conversion therapy under the guise of religion are the biggest sinners there,Non_hope_speech,images_DE/DE_NHS_0552.jpg
Why Clinton He signed DOMA,Non_hope_speech,images_DE/DE_NHS_0626.jpg
For anyone coming out its always hard too come out,Hope_speech,images_DE/DE_HS_0173.jpg
work for tech company and recently conducted job interviews at local engineering school Less than 10 of the candidates were women As much as we support and strive for diversity in our company,Hope_speech,images_DE/DE_HS_0036.jpg
live in the Netherlands,Non_hope_speech,images_DE/DE_NHS_0127.jpg
The girl in the black sweater was kween,Non_hope_speech,images_DE/DE_NHS_0463.jpg
Grant define lot,Non_hope_speech,images_DE/DE_NHS_0617.jpg
The prophets warned that these days were coming,Non_hope_speech,images_DE/DE_NHS_0460.jpg
This was amazing,Hope_speech,images_DE/DE_HS_0564.jpg
theres fine line between disagreeing with them and being against them she literally said shes alright with lgbt,Hope_speech,images_DE/DE_HS_0027.jpg
am so happy and proud to live in the same time,Non_hope_speech,images_DE/DE_NHS_0295.jpg
Rioters and animals,Non_hope_speech,images_DE/DE_NHS_0438.jpg
Because people are not surprised when man says that Engineering is not unique enough job to the point of being surprise itself Think little before asking dumb questions lol,Non_hope_speech,images_DE/DE_NHS_0186.jpg
