Text,Class,image
The lgbtq helped launched Madonna and the fact she basically knowdlgeses it every time in her song and in her daily life is iconic,Hope_speech,images/IHS_0001.jpg
Why would you starve child because of something as simple as who they love,Hope_speech,images/IHS_0002.jpg
Im 14 year old girl and dream everyday of being an engineer,Hope_speech,images/IHS_0003.jpg
All lives matter black white brown whatever race you are you matter thats all,Hope_speech,images/IHS_0004.jpg
Career choices depend on personality differences and result in differences in interest Women have different personalities than men and therefore they choose careers based around people 60 of the time Men choose careers based around things 60 of the time Its biology not culture If woman feels like she doesnt fit in ANYWHERE,Hope_speech,images/IHS_0005.jpg
Saying All lives matter can be offensive for the same reason black lives matter can be offensive to some Black Lives Matter is an offensive saying because to some it insinuates that the majority of non blacks think that black lives dont matter and that the majority of non blacks are racist when there is absolutely no physical evidence to support that thought So obviously to non racist non black that is grossly offensive notion Now All Lives Matter can be offensive to some blacks because to them it insinuates that they only care about black lives and that theyre saying other lives dont matter when if you actually try comprehend their perspective,Hope_speech,images/IHS_0006.jpg
saw this years ago and this deadass inspired me to go into software engineering Currently in my second year,Hope_speech,images/IHS_0007.jpg
and we dont hate people for who they are like she said your looking at it wrong We dont hate we just leave you alone It simply means you do you but we arent apart of it For example ALL of my friends are apart of the LGBTQ even my best friends and Im christian Just because we are straight and religious doesnt mean we are monsters we are humans too,Hope_speech,images/IHS_0008.jpg
came out of the closet to my mom about me being pansexuashe umis kind of supportive she still prefers if marry guy when Im older tho actually have girlfriend rn and donno how to tell her think she might ge the one,Hope_speech,images/IHS_0009.jpg
Why do people take homosexuality as something bad Its natural,Hope_speech,images/IHS_0010.jpg
When told my teacher wanted to be an engineer he assumed wanted to do that so could find guy to marry because you know the majority is guys so yeah thats sad,Hope_speech,images/IHS_0011.jpg
Me too am studying civil engineering And love itand classical music too,Hope_speech,images/IHS_0012.jpg
Engineering drawing has me that way too,Hope_speech,images/IHS_0013.jpg
stop assuming the sexuality of the girl that disagrees with homosexuality its not our business to label her as queer in denial or something no matter what she identifies with is attracted to,Hope_speech,images/IHS_0014.jpg
All lives mattereverything else is blatant evil racism,Hope_speech,images/IHS_0015.jpg
There are lots of people that get depression and comit suicide after conversion therapy,Hope_speech,images/IHS_0016.jpg
dont care about the color of someones skin dont care if your black,Hope_speech,images/IHS_0017.jpg
Good Thats real woman empowerment keep it up,Hope_speech,images/IHS_0018.jpg
think the best way to fit in is to be yourself work hard and dont accept immature behavior by men or womenThe truth is you do want to be pretty it is natural want to be handsome but dont let this thought drive my beingStop blaming your surroundings,Hope_speech,images/IHS_0019.jpg
Its good that YOU think ALL lives matter,Hope_speech,images/IHS_0020.jpg
Bbm add11 nI dont think conversion therapy is helpful to people regardless if they could choose it or not For dont even think it is real therapy it would be trying to force someone to be something theyre not is that really therapy Also dont think the therapy that this guy is talking about is very good for you mentally,Hope_speech,images/IHS_0021.jpg
You dont get to agree not disagree with another persons sexuality or existence No idea why socalled Christians think they are entitled to have say in other peoples livesdidnt Jesus say judge not lest he be judged,Hope_speech,images/IHS_0022.jpg
hate the dont agree with homosexuality argument like Thats like saying dont agree with that tree over there Like Its just thing that exists and cant be changed,Hope_speech,images/IHS_0023.jpg
chose love too,Hope_speech,images/IHS_0024.jpg
Cat Jones do agree but also think there are some problems with this protest such as destruction of property That means people would see them as threat not someone who you can reason with,Hope_speech,images/IHS_0025.jpg
ass here are too many trolls who even give LGBT bad light Its just embarrassing and shows what low IQ they got,Hope_speech,images/IHS_0026.jpg
They just meanBlack lives matter toobecause over looked alot in pastat timesthats all they meanduhhhhh Of course everyone knows all lives matter even animals,Hope_speech,images/IHS_0027.jpg
The sad thing is this is the least abusive conversion therapy Ive ever heard of My friends have scars and burns where they were shocked and burned and tortured It was so bad that you have to pretend to change to get away from it There is no shame in lying to end the torture wasnt put in that situation but was homeless for bit,Hope_speech,images/IHS_0028.jpg
really wish black loves matter was originally called all lives matter or something else at the end of the day the american constitution says all lives are equal regardless of race,Hope_speech,images/IHS_0029.jpg
The lgbtq helped launched Madonna and the fact she basically knowdlgeses it every time in her song and in her daily life is iconic,Hope_speech,images/IHS_0030.jpg
In the eyes of God there is no color,Hope_speech,images/IHS_0031.jpg
Im man She is beautiful and sure she is just as good as any man engineer,Hope_speech,images/IHS_0032.jpg
STOP USING RELIGION TO HATE ON PEOPLE ITS STUPID AND HARSH,Hope_speech,images/IHS_0033.jpg
ELM Every life matters,Hope_speech,images/IHS_0034.jpg
Ive never been fan of Madonnas music nor do like her personality but do love that she has been great friend to the LGBTQ community Also,Hope_speech,images/IHS_0035.jpg
EVERYONE SHOULD RESPECT HER SHE IS TRUE ARTIST,Hope_speech,images/IHS_0036.jpg
Did you not watch the video lolnnWhat the fuck is up with you people who dont watch the video SHES FUCKING ENGINEER so its NOT IMPOSSIBLE BECAUSE SHE ALREADY IS ONE swear youd only think something was impossible if no one has ever done it,Hope_speech,images/IHS_0037.jpg
Is he teacher Because he explains concepts so well to children What wonderful person,Hope_speech,images/IHS_0038.jpg
if all lives matter to guys,Hope_speech,images/IHS_0039.jpg
All life on the planet is the most precious thing God has given anyone or anything once it is gone that is it so remember this and quit fighting over it all life matters right from the smallest tiny thing to the most ignorant thing on the planet that is most fun in lightning and unwoke the human being :thinking face::thinking face::face with raised eyebrow:,Hope_speech,images/IHS_0040.jpg
ALL Lives Matter including the Unborn,Hope_speech,images/IHS_0041.jpg
She is my new role model,Hope_speech,images/IHS_0042.jpg
Reynolds You cannot change persons sexual orientation Period Thats why Its something hard wired in the brain,Hope_speech,images/IHS_0043.jpg
honestly why cant we all just get together whether we be black or white,Hope_speech,images/IHS_0044.jpg
Why Parenthood What is the foundation for Parenthood Is my concernAll life matters because our Creator created each one of us,Hope_speech,images/IHS_0045.jpg
you have encouraged me thank you for sharing,Hope_speech,images/IHS_0046.jpg
would have been fine with ALM if it didnt come right after BLM,Hope_speech,images/IHS_0047.jpg
Smith Now now freedom of speech is right in 2dats society,Hope_speech,images/IHS_0048.jpg
Thats right ALL LIVES MATTER,Hope_speech,images/IHS_0049.jpg
WE ALL ALLLLLLLLLLLLL HELLO ALLLLLLMATTERS IN GODS EYES GODS EYES ARE ON YOU THREE MENS AND THE WORLD EVEN ME HELLOPRAY,Hope_speech,images/IHS_0050.jpg
Black lives matternWhite lives matternAsian lives matternAustralian lives matternI mean is no one gonna stop me cus Ill be here all daynAll lives matter but so does freedom of speech,Hope_speech,images/IHS_0051.jpg
just wanted to tear up when Debbie spoke about creating engineering toys for little girls to help change the spatial learning they have People like her are the reason why still want to pursue in engineering,Hope_speech,images/IHS_0052.jpg
Thank you for sharing your experience my self had the same feeling where did not fit in as an engineer It is good to know that am not alone with this situation,Hope_speech,images/IHS_0053.jpg
So human lives matter would be good slogan to fight for,Hope_speech,images/IHS_0054.jpg
actually agree with her when she said its cultural problem There are countries where girls have hard time being in STEM and countries where they are mostly completely fine personally grew up going to math and physics based lyceum that was super hard to get into and we had about or boys in class of 30 people We had blast and our gender was never an issue dont know if it would be the same if we werent majority but all the girls went on to become engineers,Hope_speech,images/IHS_0055.jpg
OMG love Crystals innocence She is such sweet kid,Hope_speech,images/IHS_0056.jpg
loved this video It was so inspiring really want to be structural engineer when grow up,Hope_speech,images/IHS_0057.jpg
All Lives Matter nLook up nBochelli The tennornShe kept her baby,Hope_speech,images/IHS_0058.jpg
littlemermaid All the best Sis,Hope_speech,images/IHS_0059.jpg
Im 12 and Ive known was into girls since was When was or 10 didnt know about homophobia and things so came out to some of my friends also didnt know they were religious and they told lot of people at my school,Hope_speech,images/IHS_0060.jpg
Conversation therapy No way Im pretty sure that thats abusenA few people might disagree,Hope_speech,images/IHS_0061.jpg
nQueer is the short and simple way of saying LGBTQIA If youre queer,Hope_speech,images/IHS_0062.jpg
King we are all Gods children So to me every single precious human beings life is important So to me it will always be All Lives Matter nPeriod,Hope_speech,images/IHS_0063.jpg
grew up being taught to not make fun of any group youre not part of Except queernMy sister is lesbian,Hope_speech,images/IHS_0064.jpg
Madonna is amazing she really is she fights for what she believes in and that awesome Ive loved her since was really young,Hope_speech,images/IHS_0065.jpg
Lets make some mental gymnastics it will require LOT of it in order to assume homosexuality can be cured Done Ok How are you going to cure someone by hitting them and make them repeat the same thing over and over again on daily basis This is no therapy Theres nothing therapeutic in being hurt or brainwashed How do we still call those things therapies This is nothing more than legal abuse Parents who send their child there would say im sending my child in place where they will be abused both mentally and physically if they were honest about themselves Then add the usual love them and see if it makes sense,Hope_speech,images/IHS_0066.jpg
All lives do matter To say otherwise creates separation We are one Nation under God We all bleed red The human race is the only race Its time to move forward together We all struggle and have struggled,Hope_speech,images/IHS_0067.jpg
have twenty years of construction and fabrication workIve seen so many engineering mistakesMale and female engineers,Hope_speech,images/IHS_0068.jpg
Yo for real why do all of you guys care so much about what her sexuality is gonna be Because she has short hair and wears cuff jeans lot of people wear cuff jeans and have short hair that arent LGBT Im okay if she does become LGBT,Hope_speech,images/IHS_0069.jpg
came out to my father on October 11,Hope_speech,images/IHS_0070.jpg
Y2K you would beat someone with book to make them believe in god thats what we call toxic faith not everybody believes the same things and thats what creates diversity,Hope_speech,images/IHS_0071.jpg
All lives MATTER God created life,Hope_speech,images/IHS_0072.jpg
never thought would but now Im biomedical engineer,Hope_speech,images/IHS_0073.jpg
The best woman that supported LGBTTTQ forever shes deserve her award for looong Time she was recognized to fight for the human being,Hope_speech,images/IHS_0074.jpg
If all lives were on the chopping block sure the message would be ALL LIVES MATTER but unfortunately its us black men whos lives are on the chopping block,Hope_speech,images/IHS_0075.jpg
SeizmosnWhat our media spews and what the actual general population thinks and feels aint even remotely close tho The media is only representing the high upper class,Hope_speech,images/IHS_0076.jpg
Worenwu all lives means we are all equal,Hope_speech,images/IHS_0077.jpg
The Black community has dealt with many years of systematic racism and oppression We are more than tired of it Black Lives Matter is movement to bring forth awareness in our community Saying all lives matter,Hope_speech,images/IHS_0078.jpg
she changed my life,Hope_speech,images/IHS_0079.jpg
Steven TParker Is never wrong to have an inspiration to do something and everything can be for you if you like it and work hard And about this not being touchy feely subject it is for her different things mean different things for different people Maybe you dont care but you havent face the problems or fears she has,Hope_speech,images/IHS_0080.jpg
So proud of you debbieyou really are an inspirationIm girl pursuing electrical engineering in IndiaI was struggling lot You help me boost my confidence that can be great engineerThank you,Hope_speech,images/IHS_0081.jpg
very true Jesus said greatest of these is love,Hope_speech,images/IHS_0082.jpg
She is genuinely fighter for love,Hope_speech,images/IHS_0083.jpg
walkway overpass bridge in Miami was built by female engineers with no arch,Hope_speech,images/IHS_0084.jpg
This really inspired me am doing my first year in computer systems engineering Just girls out of 17 boys am never giving up Its hard but worth it,Hope_speech,images/IHS_0085.jpg
It irritates me when people say they dont agree with another persons sexual orientation or that its choice She is obviously ignorant and needs to educate herself and learn that its not her place to decide anything about another persons sexual orientation Her job is simply to love,Hope_speech,images/IHS_0086.jpg
hate crime is when youre attacked for being gay or black Just fighting minority isnt hate crime Unless it is,Hope_speech,images/IHS_0087.jpg
hate how people think they dont fit in simply because the others in group are not the same sex,Hope_speech,images/IHS_0088.jpg
Can you give me some tips to be good friend to my friend MY HEART,Hope_speech,images/IHS_0089.jpg
When told my friends that really wanted to pursue engineering specifically,Hope_speech,images/IHS_0090.jpg
Its racist to say black lives matter its correct to say all lives matter nBlack people are not the only race that has poverty what about all other races if you are minority you get free stuff like government assistance free school opportunities if you are Caucasian and poor to bad theres no help for you maybe we should take look at that,Hope_speech,images/IHS_0091.jpg
Way to go Debbie Your courage and determination are appreciated and so timely,Hope_speech,images/IHS_0092.jpg
think watching crystal in these videos its amazing just how mature she is for her age very rare but encouraging as well,Hope_speech,images/IHS_0093.jpg
All lives matterJesus loves us all the same,Hope_speech,images/IHS_0094.jpg
These kids are always so polite and respectful love it,Hope_speech,images/IHS_0095.jpg
NonnALL Lives Matter copy and paste this,Hope_speech,images/IHS_0096.jpg
This is why support the lgbt community because of knowing what they go through,Hope_speech,images/IHS_0097.jpg
You cant choose your sexual orientationnbut,Hope_speech,images/IHS_0098.jpg
Annie is really muture suppose Although thought she WAS lgbt wasnt expecting Her to be against it,Hope_speech,images/IHS_0099.jpg
This was so amazing,Hope_speech,images/IHS_0100.jpg
E92Dave is what your comment is,Hope_speech,images/IHS_0101.jpg
Dont call me black or white call me by my name Im not white have freckles and go different colours My name is Norman,Hope_speech,images/IHS_0102.jpg
agree with you 100 except dont believe in God find it frustrating that lot of people think that homosexuality is sin,Hope_speech,images/IHS_0103.jpg
well guess what kiddo Im 11 and made platformer with and opengl framework Get with the flow and get your head out of the clouds,Hope_speech,images/IHS_0104.jpg
Im straight Christian female from religious family and our mindset has always been that just because dont agree with your choice does not mean im gonna hate you for it its like hating someone because theyre different raligion few of my best friends are LGBT and that kid phrase it better then ever could,Hope_speech,images/IHS_0105.jpg
would like the kids to meet people of all LGBT identities Its be really good for them to meet Aro and Ace people,Hope_speech,images/IHS_0106.jpg
You can never tell on the outside unless they literally wear shirt that says Im lesbian or Im homophobe lot of people think Im lesbian Im not but have full respect for them,Hope_speech,images/IHS_0107.jpg
Dont force things unless you feel comfortable You got this,Hope_speech,images/IHS_0108.jpg
she is amazing,Hope_speech,images/IHS_0109.jpg
Rebekah bruh how do you not agree with how someone is born,Hope_speech,images/IHS_0110.jpg
Im girl played with legos even as teenager,Hope_speech,images/IHS_0111.jpg
wish had the courgage to be myself in front of others,Hope_speech,images/IHS_0112.jpg
This is very inspiring Im actually hesitating on taking engineering Not only because grew up thinking its for boys only but also because dont even know what engineers do Thank you for this Now,Hope_speech,images/IHS_0113.jpg
Im 23 and currently thinking of changing my career path from business into software engineering,Hope_speech,images/IHS_0114.jpg
was fortunate enough to have parents who gave me duplo and lego construction toys as child However have still always felt what you talk about Fitting in is something we all strive for however would never want to compromise who am to do so cannot wait for some of my family friends daughters to get bit older so that can get them GoldieBlox as gift This is an amazing initiative and you gave an amazing talk to describe why it is necessary in this world Thank you,Hope_speech,images/IHS_0115.jpg
Walker yeah but Jesus said to love everyone and dont understand what religion has to do two ppl loving eachother,Hope_speech,images/IHS_0116.jpg
Jessica Walker its not lifestyle its not way of life its something youre born with its not choice its literally the same as racism,Hope_speech,images/IHS_0117.jpg
Dumse god also made men love eachother so,Hope_speech,images/IHS_0118.jpg
The fact that there are still places in the world that promote this kind of abuse proves that this is sad world to live in,Hope_speech,images/IHS_0119.jpg
love this get little discouraged every time go to classI am the only girl among 110 students in my class am currently in my fourth year studying civil engineering It has been an interesting and challenging ride for me Listening to Debbie Sterling talk about her experiences gives me hope for this and the next generation of engineer girls,Hope_speech,images/IHS_0120.jpg
kris where in the Bible does it say that homosexuality is sin The passage that Ive always seen sited has been proven to be translated incorrectly and is actually condemning pedophilia rather than homosexuality Man shall not lay with man was originally meant to read as man shall not lay with boy Homosexuality is never condemned Please do research and learn about the origins of the book you claim to worship,Hope_speech,images/IHS_0121.jpg
could maybe be sympathetic if they were less vague All hear is them ascribing sinister motives to people who seem like they are just being overly friendly nerdsnAnd these testimonials right before the statstics on women engineers in Silicon Valley seem to imply that the reason that there are less women in tech there is because it is hostile environment for women But step in your typical engineering classroom in America and then tell me that there are as many women interested in engineering as men gender inbalance does not automatically mean discrimination,Hope_speech,images/IHS_0122.jpg
Saying all lives matter is true,Hope_speech,images/IHS_0123.jpg
Debbie Sterlings lecture is so far the best lecture have seen actually can relate to this cause my case is also quite similar to hers,Hope_speech,images/IHS_0124.jpg
Im in love with loving and wouldnt change him,Hope_speech,images/IHS_0125.jpg
Conversion therapy brainwashing,Hope_speech,images/IHS_0126.jpg
Racism needs to stop,Hope_speech,images/IHS_0127.jpg
Where sexism against women in the workplace does exist,Hope_speech,images/IHS_0128.jpg
Actually my best friend is bi and she is in love with my other friend and shes pretty so see why she likes her,Hope_speech,images/IHS_0129.jpg
ONE BARBIE 10 IS WORTH 50 TRANSISTORS 20 centsnBuy your girls Arduinos Buy them breadboard Electronics is so friggin cheap And so fun,Hope_speech,images/IHS_0130.jpg
was inspired since always since wen was 1011,Hope_speech,images/IHS_0131.jpg
As straight person think Conversion therapy is lode of rubbish God made you different and you need to love yourself because of that,Hope_speech,images/IHS_0132.jpg
love the two boys that are religious but respect lgbtq people,Hope_speech,images/IHS_0133.jpg
this is just so sad of how people are treating black people just because of their race hope this ends soon,Hope_speech,images/IHS_0134.jpg
2018 and were still talking about gender gap in STEM Things are changing too slowly,Hope_speech,images/IHS_0135.jpg
young lad was stabbed by black guy in racially motivated attack in Ireland The video is circulating on twitter Its not nice to watch,Hope_speech,images/IHS_0136.jpg
god gave us choice,Hope_speech,images/IHS_0137.jpg
Im so surprised that people think this is just an American issue There are racial issues everywhere and politics has nothing to do with it at ALL,Hope_speech,images/IHS_0138.jpg
To say black lives matter is to say that one race is worth more than another Racism in its basic form is the belief that one race is better than or more superior You put color on what matters and you are racist BLM is just another attempt at political prostitutes trying to find new Johns,Hope_speech,images/IHS_0139.jpg
Nothing is stopping woman from being engineers,Hope_speech,images/IHS_0140.jpg
Just Tea all lives matter is what Its presented as ALL LIVES MATTER You can deny it all you want to but all lives matter,Hope_speech,images/IHS_0141.jpg
Btw it is not just in Engineering but any field where men dominate even see that inability sometimes in sports because of the type environment girls get at younger age love ya,Hope_speech,images/IHS_0142.jpg
Thank you am young girl wanting to be engineer but gladly the people around me are much more accepting have very good friend who is boy and we both love engineering and have build robots before for the age of 11 and he had made very detail trucks and vehicles before he was 12nnEdit,Hope_speech,images/IHS_0143.jpg
Thanks for being there when no one else was,Hope_speech,images/IHS_0144.jpg
Thats why love her she made me feel that being different is okay her music change people lifes,Hope_speech,images/IHS_0145.jpg
We dont have the right to hurt othersever for ANY REASON,Hope_speech,images/IHS_0146.jpg
ALM All Lives Matter,Hope_speech,images/IHS_0147.jpg
Thank you very much for this This inspired me sm,Hope_speech,images/IHS_0148.jpg
This made me sad that people in the LGBTQ community has to suffer like that,Hope_speech,images/IHS_0149.jpg
Rebekah and my free of speech is to say Im bi,Hope_speech,images/IHS_0150.jpg
Im as straight as circle lmao Im 12 and havent come out to my parents yet because know they wouldnt support me and our relationship would be ruined but cant just pretend to be straight Ill probably come out in few years or so guess but know my parents wont send me to conversion therapy thank god btw Im pan anyone else or just me,Hope_speech,images/IHS_0151.jpg
What exactly is female perspective to begin with As far as know theres no evidence,Hope_speech,images/IHS_0152.jpg
Yes All the color matters,Hope_speech,images/IHS_0153.jpg
It appears that people have forgotten that ALL LIVES MATTER,Hope_speech,images/IHS_0154.jpg
came out at 14 Im still not completely comfortable with telling everyone because they arent very understanding and mean You can come out at any age,Hope_speech,images/IHS_0155.jpg
gave my niece set Im hoping to inspire the next engineer in my family,Hope_speech,images/IHS_0156.jpg
Why cant we enjoy the merits brought to us by engineerswhy do we have to go behind the scenes everytime,Hope_speech,images/IHS_0157.jpg
PATTYY maybe she is revolian You cant assume peoples sexualities like that Accept that times have changed and straight people can look however they want,Hope_speech,images/IHS_0158.jpg
Exactly Ive thought of becoming pilot and currently studying computer science which are both male dominated industries sometimes cant help but also worry about how my future in these fields of career would be like would be lonely will be not as as good These talks really just gives me some sort of motivation to move forward,Hope_speech,images/IHS_0159.jpg
Sasha Dumse God accepts everyone,Hope_speech,images/IHS_0160.jpg
His story made me cry Its so sad this still goes on these days,Hope_speech,images/IHS_0161.jpg
saw this video years ago And now Its my last year of civil engineering Thank you,Hope_speech,images/IHS_0162.jpg
want to be computer engeneer on sha Allah,Hope_speech,images/IHS_0163.jpg
Great Hufflepuff Okay Still doesnt prove anything We dont know her sexuality and it doesnt matter to any of us,Hope_speech,images/IHS_0164.jpg
So emotional watching this Im not black but felt that why should they have to walk past that filth every day and in this day and age when they are still prosecuted every day for just having differnt shade of skin colour the most beautiful and diverse of all colours it makes me sick to think they suffer systematic racism every day wee are this isnt black against white this is united wee are united its right against wrong and wee unite together wee see if for what it really is Stay safe protesters,Hope_speech,images/IHS_0165.jpg
This woman changed the world and keeps changing it Including my life Thank you,Hope_speech,images/IHS_0166.jpg
Love your neighbor as you would love your self thats in the Bible right,Hope_speech,images/IHS_0167.jpg
really hope can become an engineer and and influencer like you some day God bless,Hope_speech,images/IHS_0168.jpg
She had an engineering job If youre so interested in her accomplishments look them up,Hope_speech,images/IHS_0169.jpg
So true was discouraged by men too They arent willing to help and pick on you for not knowing stuff that they learnt by communicating with their friends,Hope_speech,images/IHS_0170.jpg
was humiliated and bullied by others who believe they have sharp features but believe am beautiful even though dont have sharp features,Hope_speech,images/IHS_0171.jpg
have always been an artiest and writer never wanted to be an engineer nAnd here im an engineer student its my first year in college and yes always feel this is not my place always fail nBut this video made me so hopefull nI see myself in this video 10 years from now,Hope_speech,images/IHS_0172.jpg
dont understand why saying black lives matter is really ok It implies that all others dont or arent If said white lives matter do you think it would be racist If said Asian lives matter would that be the same Why understand that police brutality is out of control and needs to be addressed,Hope_speech,images/IHS_0173.jpg
Also abusive and should be crime It is literally torture,Hope_speech,images/IHS_0174.jpg
There are only two sexes and also intersex people so technically three sexes but gender identity is up to the person Its very western idea that there are only two genders and many other cultures believe differently and have believed differently for thousands of years If person wants to express their gender as something non binary to boy and girl they should have the freedom to do so If they arent hurting anyone else why make them change into something they arent comfortable with,Hope_speech,images/IHS_0175.jpg
Truly said That what was waiting for To let the world realize about girls and engineering,Hope_speech,images/IHS_0176.jpg
The fact lot of people become famous and forget who helped them become famous and Madonna did not She basically saying the lgbtq helped me become me and in return Im forever in there debt In good way and will never forget that and will All ways help out Its not just saying okay support the lgbtq its acutely doing something on daily and not just during pride and Madonna shows that and she helped us as we helped her and thats amazing,Hope_speech,images/IHS_0177.jpg
Im the only girl in my family and im milddle child of two boys so as young girl my brothers didt want to play with barbies so we would make lego houses and make little towns Im noticing now as teen that it really has affected the way think and solve problem This is dank ted talk,Hope_speech,images/IHS_0178.jpg
Im studying chemistry But boy engineering is amazing have lot of female friends in that field,Hope_speech,images/IHS_0179.jpg
If you say All Lives Matter you will be considered racist Its absolutely ridiculous,Hope_speech,images/IHS_0180.jpg
You belong anywhere that you choose to belong You fit in Do not let internalised misogyny stop women from becoming equal in all fields,Hope_speech,images/IHS_0181.jpg
Tyrone Marcus no we are his children he loves us all we arent bad people we make mistakes,Hope_speech,images/IHS_0182.jpg
want you to know that watched this video when was ten years old right when it came out have never been more grateful for video Since watched this have changed my entire trajectory All of my goals and everything spend my time on is to become an engineer am now Junior in high school and have been on robotics team for years spend my time teaching other people about engineering and doing outreach events to inspire young kids to go into STEM am in PreEngineering program created STEAM event to teach kids how art and STEM are related have done all of this because of this single video All the time and energy that have put in did because of this video Thank you so much you gave me passion didnt know had and it has changed my entire life know you wont see this but feel in debt to you and needed to thank you,Hope_speech,images/IHS_0183.jpg
Therapy more like literal abuse,Hope_speech,images/IHS_0184.jpg
want to meet the little asian kid she is absolutely amazing,Hope_speech,images/IHS_0185.jpg
just hate how when people talk about conversion therapy it makes others think that Christianity is bad,Hope_speech,images/IHS_0186.jpg
have always wanted to go into engineering because my dad told me that but really didnt know what it was and know really want to do it am eleven and and really inspired already... Thanx,Hope_speech,images/IHS_0187.jpg
wow this really got to me Im female in highschool who is extremely interested in engineering and science,Hope_speech,images/IHS_0188.jpg
All lifes matter,Hope_speech,images/IHS_0189.jpg
All lives matter There is so much diversity here in America and we should just respect each other The color of your skin,Hope_speech,images/IHS_0190.jpg
Racism is everywhereThough Many of the BLM people are doing some retarded shit You wouldnt understand how they felt unless you were black,Hope_speech,images/IHS_0191.jpg
ALL lives matter THAT includes ALL LIVES Whether you are doing homework in your house,Hope_speech,images/IHS_0192.jpg
Why are you doubting yourself because of some perceived notion that people dont believe that you are in the job in which you say you are nnJust keep doing your job and create awesome things,Hope_speech,images/IHS_0193.jpg
God put us on this Earth for reason he put lgbtq so people know its okay to be different,Hope_speech,images/IHS_0194.jpg
You are still young maybe you can try,Hope_speech,images/IHS_0195.jpg
Those protesting that ALL LIVES MATTER shouldnt be complaining about BLM protests,Hope_speech,images/IHS_0196.jpg
The kids were adorable and so mature we need more kids like them in this world,Hope_speech,images/IHS_0197.jpg
She made me live my life and also embrace it,Hope_speech,images/IHS_0198.jpg
Racism has been through the years yet it still hasnt disappeared,Hope_speech,images/IHS_0199.jpg
ETERNAL INSPIRATION nSHE SAVE MY LIFE,Hope_speech,images/IHS_0200.jpg
She will be forever and ever my everything and more,Hope_speech,images/IHS_0201.jpg
The little Asian girl and IndianPakistani boy were extremely understanding,Hope_speech,images/IHS_0202.jpg
All lives matter But police department needs to screen there officers on the background take it from there,Hope_speech,images/IHS_0203.jpg
She literally introduced the world to the ballroom scenes Especially in time when homosexuality was taboo,Hope_speech,images/IHS_0204.jpg
Great talk Very inspiring Im in the minority too Im women and got my major in computer science nearly 20y ago and work in sw engineeringnGo girls go,Hope_speech,images/IHS_0205.jpg
Your Whole point is you dont fit in because you are girl nSTOP thinking about yourself as Female engineer,Hope_speech,images/IHS_0206.jpg
All lives matter spread peace and love why is the left trying to divide us open your eyes to all young poeple rioting is not the answer,Hope_speech,images/IHS_0207.jpg
As Christian conversion therapy should be on voluntary basis and should be closely regulated and meet the guidelines human rights All these tactics are causing more trauma for the childindividual and not representative of true Christians Minors should not be sent to these camps,Hope_speech,images/IHS_0208.jpg
and also the bible was badly translated so actually there is nothing against gays in it and also nTREAT YOUR NEIGBORS LIKE YOU WANT THEM TL TREAT YOU,Hope_speech,images/IHS_0209.jpg
am currently female engineering student Bachelors DegreeYou have really moved me Debbie with your storyWoW Thank you,Hope_speech,images/IHS_0210.jpg
cried when the boy said everyone had choice and he chose love hes so sweet,Hope_speech,images/IHS_0211.jpg
All lives matter no matter color gender or religion bernies an effing idiot fishing for minority votes another two faced demonrat,Hope_speech,images/IHS_0212.jpg
Well mean if theyre truly your friend then you arent Racism is rooted in deep prejudice and hate towards someone of different race If you have hate for someone can you be friends with them didnt think so have MANY black friends This makes me not racist Because if was truly racist wouldnt associate with them and keep to my fellow whites You guys need dictionary sometimes,Hope_speech,images/IHS_0213.jpg
Remember what Martin Luther King Jr said that every body should be treated equally So black people cant even listen to there own race with out even saying BLM Because if Blacks mattered and whites didnt then we arent treated equally Cut the BS and help our future crisis for GD,Hope_speech,images/IHS_0214.jpg
Very thankful hes okay and living his truth today,Hope_speech,images/IHS_0215.jpg
where do they get these kids theyre so thoughtful,Hope_speech,images/IHS_0216.jpg
Minority Confronted by what People being surprised youre an engineer Oh,Hope_speech,images/IHS_0217.jpg
What dont like about this interview is that she doesnt own being heterosexual who supports the LGBTQ community She is straight children and all But maybe she believes love is love Either way lots of straight people liked her music as well wish all people the best All lives matter,Hope_speech,images/IHS_0218.jpg
All life is gift from God,Hope_speech,images/IHS_0219.jpg
If theyre alive someone should torture the people who done the therapy by forcing them to be Jewish and beat them with the Torah,Hope_speech,images/IHS_0220.jpg
Just remember that at the end of the day no matter your sexuality,Hope_speech,images/IHS_0221.jpg
Thank God am that couragious and determined civil engineer The strong hope faith and confidence that had kept my confidence grow more and more stronger despite the difficult challenges that faced in class,Hope_speech,images/IHS_0222.jpg
Madonna is often criticized and looked down on because she is such strong advocate for undeserved and neglected populations Its not only due to her provocative nature was waiting for Madonna to say that she is sexually fluid andor bisexual when asked why she is such an advocate for the LGBT community Im not sure if she is or not but always thought she wasis,Hope_speech,images/IHS_0223.jpg
Johnson HAHA good mangina comeback women got banned from getting education so were most men Whats your point And why do you talk about history We live at this moment Women are the majority of degree receipients in Associates,Hope_speech,images/IHS_0224.jpg
Jessica Walker not agreeing still isnt the right context Not LIKING makes more sense When you say you dont agree with something its as if youre responding to someone who wants your permission or is asking for your permission to be themselves You not liking something because of the hate thats been imbedded inside you via book where man walks on water and snakes talk is YOUR personal issue,Hope_speech,images/IHS_0225.jpg
God gave us choice,Hope_speech,images/IHS_0226.jpg
Just knowing Madonna is out there still going strong puts smile on my face,Hope_speech,images/IHS_0227.jpg
These kids are being raised by parents wish more kids were being raised by parents instead of breeders Im child free but Im fine with kids like these The kid sayingI choose to love was awesome,Hope_speech,images/IHS_0228.jpg
Rebekah how tf is someone loving someone else sin,Hope_speech,images/IHS_0229.jpg
Wow Im 13I want to become an engineerPeople have told me tht would never fit in cuase Im girlI even had teacher told me oncetht should go to fashion school and let the boys do tht hard workafter seeing this in 2018I want to become an engineer and inspired girls too just like you do,Hope_speech,images/IHS_0230.jpg
ROD agree slavery was bad But should we use our modern day judgement to justify wether or not theyre bad They didnt think like us The things theyve done were bad Yes But without them you and wouldnt be here We modern days humans think certain things in the past were wrong They were normal back then Yes My main point is,Hope_speech,images/IHS_0231.jpg
hmm never thought of it that way you could be right Ill have to so some research but my point still stands it never says in the bible to hate anyone for any thing,Hope_speech,images/IHS_0232.jpg
All lives mater,Hope_speech,images/IHS_0233.jpg
dont fit in But our little girls willnThis is so beautiful and honestly started getting emotional This is similar to what saynThere may not be hope for me,Hope_speech,images/IHS_0234.jpg
graduated as an electronics engineer in the 1970s when it was only women,Hope_speech,images/IHS_0235.jpg
All lives matter except the ones that want to divide us,Hope_speech,images/IHS_0236.jpg
Sonic Neverslow Clearly you are not getting what Im saying She does not agree with their sexuality not EXISTENCE Sexuality and race are two completely different things support the LGBTQ community but still have sense and understanding that not everyone supports it But as long as they respect those people and are kind,Hope_speech,images/IHS_0237.jpg
She could be queer and believe homosexuality is choice Those dont relate,Hope_speech,images/IHS_0238.jpg
also agree All lives matter Yes,Hope_speech,images/IHS_0239.jpg
Its funny mire peaceful protests happened more than the violent ones but they showed the violent ones more and bow people think thats the only way they did it and it wasntyes some people took advantage of it and looted others just wanted justice so they marched,Hope_speech,images/IHS_0240.jpg
Im so happy my parents dont care if somebody is lgbtq Im bisexaul and still havent come out because,Hope_speech,images/IHS_0241.jpg
All Humans matter Whats with labeling color Dogs matter Cats matter Bees matter Trees matter Americans matter,Hope_speech,images/IHS_0242.jpg
What strong man to go through that abuse super happy that he stayed himself and that he can talk about iti am glad this generation we can understand that everyone is different,Hope_speech,images/IHS_0243.jpg
All lives matter TonyTimpa,Hope_speech,images/IHS_0244.jpg
my choice is to love,Hope_speech,images/IHS_0245.jpg
am SO proud of this man He came out to his family,Hope_speech,images/IHS_0246.jpg
wow its so amazing to knw about amazing its true nothings immposible for girls had givn me motivation for my engg entrance exam,Hope_speech,images/IHS_0247.jpg
It is actually one of the main reasons lot of research has been done on the subject An absence of social influences to go into STEM fields is one of the biggest problems The reason why they drop out after they get to school is again due to the social influences this time negative from their peers Also,Hope_speech,images/IHS_0248.jpg
am also bi and religious and believe that God loves everyone even us,Hope_speech,images/IHS_0249.jpg
am inspired every time watch this Bookmark this,Hope_speech,images/IHS_0250.jpg
love that lil man with grey thoughtful and so wise:orange heart:,Hope_speech,images/IHS_0251.jpg
think this is my new favourite Madonna interview thank you for holding my hand through some of the worst of it Bless you,Hope_speech,images/IHS_0252.jpg
lot of you are writing how that girl is going to suddenly realise like you did that she isnt straight etc etc because of the way shes dressed and stuff but regardless if thats true or not its rarely easy to come to terms with your sexuality especially if youve been raised to be against it People saying this about her is most likely going to make her feel uncomfortable and upset And while yes that isnt something someone should be feeling towards the LGBT community its likely the mental state shes is so like leave it lads,Hope_speech,images/IHS_0253.jpg
Have you become that strong smart woman in suits designing beautiful constructions visiting the site and giving instructions to the workers yet,Hope_speech,images/IHS_0254.jpg
Thats probably because theyre still in the closet due to their christian brainwashing from their church It happens lot in Christian communities Usually when they start to live outside that community then theh might just might come out grew up in Christian community so say this from seeing my LGBTQ friends come out not until their early 20s or even later love them all which is one of the many reasons why am not Christian anymore The churches thinking they have the right to judge Check yourselves Christians read Romans,Hope_speech,images/IHS_0255.jpg
Hate isnt going to get you anywhere God gave us choice,Hope_speech,images/IHS_0256.jpg
They are just saying what people want to hear for the vote but the true is that all lives matter and we are all equal RACISM COMES IN ALL COLORS BS and very tired of this,Hope_speech,images/IHS_0257.jpg
dont know why cried after watching this Maybe because feel what she felt during the times she almost give up because of the peer pressure and perspective of other people But kept saying to myself that am worthy of being successful engineer Truly this makes me more appreciate what girls can do,Hope_speech,images/IHS_0258.jpg
The message these kids are sending is amazing,Hope_speech,images/IHS_0259.jpg
You cant gain respect without giving it first myself am Christian and just hate when other Christians disrespect what others chose to believe indo and feel like they are entitled to get that respect back,Hope_speech,images/IHS_0260.jpg
Hey white guy here in if say Im an engineer people dont believe me either its not sexism its skepticism stop making everything about race and gender instead of logic,Hope_speech,images/IHS_0261.jpg
This speech is so inspirational and it has given me the motivation to push myself Thank you Debbie,Hope_speech,images/IHS_0262.jpg
Is Alive Funny because Im bi and came out to my church but they didnt mind and actually encouraged me to come every Sunday They even said not to feel discouraged by it Hm But believe what you want,Hope_speech,images/IHS_0263.jpg
Can yall please stop putting labels on child Its her life,Hope_speech,images/IHS_0264.jpg
When was little girl hated pink and hated dolls and loved the cars in the boys section envied boys section and always wondered why is there only dolls and babys in our section,Hope_speech,images/IHS_0265.jpg
youre so amazing im an engineer too and im spending the same moments like you now because of our culture in Egypt and just have the same thoughts thanks lot for doing such great thing,Hope_speech,images/IHS_0266.jpg
recently switched my major to computer science,Hope_speech,images/IHS_0267.jpg
Racism is the biggest pandemic,Hope_speech,images/IHS_0268.jpg
This is really my favourite singer Shes still very strong even with all the bad things she had to fight against,Hope_speech,images/IHS_0269.jpg
Reynolds every single study states this is not therapy in any definition or standard and its always harmful,Hope_speech,images/IHS_0270.jpg
AMEN thats the truth Jesus told us to love,Hope_speech,images/IHS_0271.jpg
Racism is discriminating or treating somebody unfairly because of their skin color,Hope_speech,images/IHS_0272.jpg
live in my moms basement was being very calm about what said sir and for you to be ignorant with your words is immature please if you want to have debate make sure theres no assumptions and your only stating Facts because you assumed that dont care about white speakers Im black and the black community have been oppressed for years and we have been able to have open arms to other cultures including whites and its not fair for you to assume what you assumed,Hope_speech,images/IHS_0273.jpg
Do not give up hope not matter what,Hope_speech,images/IHS_0274.jpg
You live in very strange and little educated world The differences exist and have to be respected both sides,Hope_speech,images/IHS_0275.jpg
Im girl and Im planning to study environmental engineering when Ill be in university,Hope_speech,images/IHS_0276.jpg
JESUS PURPOSE FOR COMING INTO THIS WORLD WAS FOR MANKIND THERE WERE DISPLEASING THINGS THAT WENT ON IN HIS JOURNEY HERE IN THIS WORLD THERE WRE KILLIMGS OF INNOCENT PEOPLE LIKE IT IS TODAY ETC JESUS MISSION WAS TO BRING MANKIND BACK TO OUR HEAVENLY FATHER BECAUSE OF IN JUST THINGS WERE HAPPENING TELL ME OUT THE SLAUGHTING IN THE DIFFERENT RACES,Hope_speech,images/IHS_0277.jpg
Sunshine littlephilly disagreeing with someones existence and being against their ultimate happiness is never loving and kind,Hope_speech,images/IHS_0278.jpg
conversion therapy is literally torturing someone into having ptsd,Hope_speech,images/IHS_0279.jpg
Maybe saying feminist country would be bit of stretch not really but were definitly PC country,Hope_speech,images/IHS_0280.jpg
Maddona saved my Soul in 1999,Hope_speech,images/IHS_0281.jpg
dont agree with homosexuality is like saying to blind person dont agree with blindness,Hope_speech,images/IHS_0282.jpg
Its racist to say only one race matters allraces matter all lifes matter,Hope_speech,images/IHS_0283.jpg
Her comment wasnt emotional at allIt pointed out the reality you are ignoring moronWomen get uncomfortable when theyre treated unfairly and that is somehow their fault So instead of killing off sexism women in your world should just put up with itOh,Hope_speech,images/IHS_0284.jpg
There is no color,Hope_speech,images/IHS_0285.jpg
Wow am studying mechanical engineering and this is motivational so much as female,Hope_speech,images/IHS_0286.jpg
You cant just assume their sexuality Its just really wrong to assume something about someone Like everyone thinks girls with short hair are lesbians or Bisexual people cuff theirs jeans Im bi and dont cuff my jeans Dont be so stereotypical Thank you,Hope_speech,images/IHS_0287.jpg
All life matters color is irrelevant,Hope_speech,images/IHS_0288.jpg
Jesus died for all of us White black,Hope_speech,images/IHS_0289.jpg
ALL LIVES MATTER YES ALL LIVES MATTERThe Dems and libs are causing all of this for their own agenda They Do Not Care At All for Black Lives or White Lives or Red Lives or Yellow Lives ALL LIVES MATTER,Hope_speech,images/IHS_0290.jpg
Im am fortunate to live where do If you contribute and act as decent person you are treated equally the same Regardless of race religion etc Knowones life here is undervalued Not even the sorry people of all colors,Hope_speech,images/IHS_0291.jpg
wonder how MANY people Madonna saved from suicide am not fan of Madonna but can understand the love between she and her FANS,Hope_speech,images/IHS_0292.jpg
Cain Indeed Its just this is one of the few times that Madonna has shown it like it she wants to be seen as just like any of us,Hope_speech,images/IHS_0293.jpg
totally agree One of my old classmates came out as trans and pan,Hope_speech,images/IHS_0294.jpg
ALL LIVES MATTER NO EXCUSES ANYMORE ALL EVERYONE LIFE MATTERS TIME TO GROW UP,Hope_speech,images/IHS_0295.jpg
Its time to change we have to change unity make the earthworld great were not 17st century no racism were 21st century nunity is powerful and peaceful,Hope_speech,images/IHS_0296.jpg
as another Christian and queer myself hehe couldnt agree more those Christians working for conversation therapies do so much harm and hate towards others and shouldnt be considered Christians at all but extremists,Hope_speech,images/IHS_0297.jpg
wait 12 of them are engineers yet 28 of directives are women woman engineer has 2x chances of becoming top worker than man,Hope_speech,images/IHS_0298.jpg
am mind blown Thanks for the speech,Hope_speech,images/IHS_0299.jpg
God is love and god loves every good person no matters what,Hope_speech,images/IHS_0300.jpg
Mehdi Benchekroun All Lives do matter But in America black people havent been treated like they matter,Hope_speech,images/IHS_0301.jpg
Sasha Dumse and God made LGBTQ people,Hope_speech,images/IHS_0302.jpg
Both Madonna and Elizabeth Taylor never turned their backs on the gaysnThey were both very involved with support for research from the very beginning of the AIDS crisis,Hope_speech,images/IHS_0303.jpg
The message is ALL LIVES MATTER All or none at all,Hope_speech,images/IHS_0304.jpg
all lives matternall na nThat includes black lives,Hope_speech,images/IHS_0305.jpg
Me thinking about coming out,Hope_speech,images/IHS_0306.jpg
its been years and Im still bisexual,Hope_speech,images/IHS_0307.jpg
Can we just agree all human lives matter,Hope_speech,images/IHS_0308.jpg
just want to hug her here She made me cry like this Madonna Very inspirational and strong woman,Hope_speech,images/IHS_0309.jpg
All lives matter in the worldall over the world,Hope_speech,images/IHS_0310.jpg
Cowards All lives matter,Hope_speech,images/IHS_0311.jpg
Conversion therapy has the same origins as ABA Autistic children are exposed to abuse regularly with the goal of making them outwardly act less autistic,Hope_speech,images/IHS_0312.jpg
andrews or maybe love them for who they are,Hope_speech,images/IHS_0313.jpg
Someone fire these people and put them in the street then lets see who lives matter then yall live with no money no job for just two months then see who helps you on the street bet there be yellow black and white that help you help from all lives thats all lives matter black lives cant do it allneither can white neither can yellow it takes all lives to over come the hate and thats why all lives mattercause we cant do it all by ourselvesGodwins 99God 1er You and thats 100 the truth so help me God,Hope_speech,images/IHS_0314.jpg
How can you not agree with sexuality Its like not agreeing with the moon,Hope_speech,images/IHS_0315.jpg
That just proves your willfull ignorance,Hope_speech,images/IHS_0316.jpg
All lives matter Crowd,Hope_speech,images/IHS_0317.jpg
Madonna has been an advocate from day dot She fought so hard for and with LGBT people She is an icon and legend in every sense of the word Her heart is so pure,Hope_speech,images/IHS_0318.jpg
Apparently not since theyre complaining about things that arent legit complaints,Hope_speech,images/IHS_0319.jpg
All human life matters has Ive said before politics is responsible,Hope_speech,images/IHS_0320.jpg
All lives matter because all people are created in the image of God,Hope_speech,images/IHS_0321.jpg
Yasss well god told us to love every one so will love them wow actually started to cry so powerful wish ever one thought that way,Hope_speech,images/IHS_0322.jpg
believe in humanity now,Hope_speech,images/IHS_0323.jpg
pants nnThe reason say believe there could be closer to 5050 distribution in engineering is because there are many women who have strong enough math skills to go into the field who are currently choosing to go into other disciplinesnI agree that women with high scores are likely to choose other majors Female math geniuses are usually stronger in other subjects as well Like said before,Hope_speech,images/IHS_0324.jpg
All lives matter and if you think they dont imagine one of your family members die tomorrow They may not make main stream media but they mattered to you So yes every life matters to someone,Hope_speech,images/IHS_0325.jpg
Ancient Soul oh Lord dont think youll ever understand Theres specific context in which the black lives matter movement arose Because black people were being killed and there were multiple incidents of the same type of thing What exactly is the context for the all lives matter movement and focusing on the whole world It was only created as combatant otherwise it wouldnt even exist No one is blaming white people Were saying stop killing black people unjustly Thats it Obviously there are other problems going Probably more important ones too But are people not allowed to stand up for themselves without being attacked Would you not like to be able to stand up for yourself without being opposed Thats all this is about but sadly dont think youll be able to understand no matter which way put it,Hope_speech,images/IHS_0326.jpg
Inspiring and encouraging,Hope_speech,images/IHS_0327.jpg
Everyones life matters,Hope_speech,images/IHS_0328.jpg
mean Im all for equality and all,Hope_speech,images/IHS_0329.jpg
came out at the age of,Hope_speech,images/IHS_0330.jpg
jules has lot of vision about life really love how he tries to understand everyone and he is really wonderful child,Hope_speech,images/IHS_0331.jpg
There is nothing wrong with saying All Lives Matter,Hope_speech,images/IHS_0332.jpg
No its common sense,Hope_speech,images/IHS_0333.jpg
wish could give that guy hug because he has had such tough life and seems really nice and deserves more,Hope_speech,images/IHS_0334.jpg
Good luck You can do it,Hope_speech,images/IHS_0335.jpg
It seems some people need dictionary definition of the word ALL which includes everything of group All Lives Matter,Hope_speech,images/IHS_0336.jpg
Can we also agree that choice given to ONLY two people,Hope_speech,images/IHS_0337.jpg
All lives matter all of us,Hope_speech,images/IHS_0338.jpg
She has really interesting life story and shes funny,Hope_speech,images/IHS_0339.jpg
game developer im game player can play with you give more life in any game,Hope_speech,images/IHS_0340.jpg
sara leong love science as well But it is extremely hard for me to focus in math Mainly because probably because of classes arrangements am one of the only three girls in my math class of 12 and almost all the boys didnt know what staying on topic meant They would yell and chat loudly The teacher just seems to not hear them probably because she has learned that it gave her less headaches Anyways love legos as well hope theres more people like you and your family in the world,Hope_speech,images/IHS_0341.jpg
The little boy that asked for advice on how to be good ally friend was so sweet melted my heart Lol,Hope_speech,images/IHS_0342.jpg
think shes came out as bisexual,Hope_speech,images/IHS_0343.jpg
Im religious and LGBTQ,Hope_speech,images/IHS_0344.jpg
Every life mattershuman,Hope_speech,images/IHS_0345.jpg
believe women should have the freedom to work and vote and live as anyone else,Hope_speech,images/IHS_0346.jpg
They say they want everyone to be equal,Hope_speech,images/IHS_0347.jpg
Human Lives Matter Colour dus not,Hope_speech,images/IHS_0348.jpg
Black Lives Matter is statement of DIVISION ALL LIVES MATTER why because this not about skin is not the problem POVERTY is the problem and JOB and both these problem affects Black and Whites By the way check the stats more WHITE men die in police custody than BLACK me ALL LIVES MATTER full stop,Hope_speech,images/IHS_0349.jpg
TA Good for you hope those other girls will realize that their purpose in STEM is not to hang out with other girls but to actually do something with STEM,Hope_speech,images/IHS_0350.jpg
well the media wouldnt be able to support itself unless it was appealing to at least some subset of the population,Hope_speech,images/IHS_0351.jpg
They forget about the context and the reason why Black lives matter is thing when they discuss Black lives matter and all lives matter It should not be problem to say all lives matter,Hope_speech,images/IHS_0352.jpg
Its because its nice to have big events where LGBT people can go and meet people who are like them or have similar experiences as them and feel at home and like they belong somewhere There are no parades for those things because those are more socially excepted things Have you ever heard of country that doesnt accept straight man Its just nice way to make friends or if people give you hard time about who you love usually,Hope_speech,images/IHS_0353.jpg
Queer is anything that isnt straight So if you think someone is not straight or cis then you say theyre queer Hope this helps,Hope_speech,images/IHS_0354.jpg
Thank you so much for this Im high school student with few years into college couldnt decide between Architecture and Civil Engineering,Hope_speech,images/IHS_0355.jpg
Why did the police not intervene That statue could have been removed properly without the violence that is starting to worry lot of people The way things are going is the wrong direction,Hope_speech,images/IHS_0356.jpg
All Lives Matters means exactly that Equality for everyone BLM only focuses and trys to elevate race Im Asian and we too suffer from racism especially now with this COVID19 situation Racism and brutality is never right All Lives Matter,Hope_speech,images/IHS_0357.jpg
it isnt all lives matter,Hope_speech,images/IHS_0358.jpg
this inspires me so much have so much creativity would love to share love art im just not the best at math and dont want that to stop me like it didnt stop you,Hope_speech,images/IHS_0359.jpg
lived my life as lesbian for 15 yearsand was accepted by friends and familyi started dating man and lost all my friends and my family found it kind of difficult to accept,Hope_speech,images/IHS_0360.jpg
love watching doctor who Me too sis What lovely girl,Hope_speech,images/IHS_0361.jpg
she changed my life,Hope_speech,images/IHS_0362.jpg
dont believe in god but when the kid said god gave us choice,Hope_speech,images/IHS_0363.jpg
That boy who wanted advice on how to be there for his friend was so sweet hope he never changes and stays just as sweet and kind when he grows up,Hope_speech,images/IHS_0364.jpg
For the people who are religiousthe onlllyyy thing God wants is to respect one another and love each otherthen how does this make sense its not really christianity its the church in old times which had power over people christianity was the excuse to get people to do what they want,Hope_speech,images/IHS_0365.jpg
All lives matter there is not enough of you this will end itll be bad for you you better be nice,Hope_speech,images/IHS_0366.jpg
Assuming other peoples sexuality and preferences and acting as if it something you cant help to do is being judgemental,Hope_speech,images/IHS_0367.jpg
God loves all his creation,Hope_speech,images/IHS_0368.jpg
Bauer Frazier Why do we need more girls in STEM fields Why not just the best talent regardless of gender,Hope_speech,images/IHS_0369.jpg
Im 16 love math But Im unsure of my future careers Im thinking about engineering but am unsure but this video touched me,Hope_speech,images/IHS_0370.jpg
This video is perfect example that you can tell your kids about sexuality Kids are so much more opened minded then adults,Hope_speech,images/IHS_0371.jpg
Love Marcus Thank you for sharing your story,Hope_speech,images/IHS_0372.jpg
For God shows no partialitynRomans,Hope_speech,images/IHS_0373.jpg
Women make their own decision not to go into theses kinds of majors they tend to chose more safe majorsnAnd than they blame patriarchy and sexism and oppression when its all their personal choice nWomen must become more assertive and demanding in these things If we want it will GET it We have every right and freedom to do so,Hope_speech,images/IHS_0374.jpg
Shes such cold phony Its great that she shows supports for gays,Hope_speech,images/IHS_0375.jpg
Love the interview Very vulnerable lot of women was inspired by her too,Hope_speech,images/IHS_0376.jpg
GOD Bless America All lives Matter All Nations under God AMEN,Hope_speech,images/IHS_0377.jpg
judge pple on what they do not there color,Hope_speech,images/IHS_0378.jpg
ALL Lives MATTERTO GODJESUS,Hope_speech,images/IHS_0379.jpg
pictured myself This was so inspirational Thank you Budding Astronautical Systems Engineer,Hope_speech,images/IHS_0380.jpg
When you say all lives matter Youre including everyone They dont want to include everyone,Hope_speech,images/IHS_0381.jpg
If the really wanted racial equality they should say ALL LIVES MATTERnnWhenever you have slogan that promotes one race,Hope_speech,images/IHS_0382.jpg
Mckenzie You will make it SisJust dont give up All the best By the way,Hope_speech,images/IHS_0383.jpg
Well considering this is post related to the protests thats why he is saying it Any mass gatherings at this time no matter the reason are going to spread the virus which is something we all want to avoid agree with the message of the protest but its not the right time to do it,Hope_speech,images/IHS_0384.jpg
She saved my life and gave me new hope,Hope_speech,images/IHS_0385.jpg
ALL lives matter That includes all babys Jesus help this world,Hope_speech,images/IHS_0386.jpg
All lives matter and thats it period,Hope_speech,images/IHS_0387.jpg
Back in the old days there were no pink and blue aisles In the 80s in my country there were few toys to choose from so the parents got what they could Me and my sisters had bucket full of building blocks would play lot creating adventures and stuff didnt like dolls or barbies because the joints could not be bent We also borrowed our fathers saw and files and we created stuff from twigs Having less plastic premade stuff made us more creative,Hope_speech,images/IHS_0388.jpg
Shes always done what is daring or pushing boundaries Any negative publicity shes every gotten has only increased her celebrity Evidence,Hope_speech,images/IHS_0389.jpg
Dude do you realize how many people get depression and comit suicide after going to conversion therapy Is literally one of the most mental unhealthy things,Hope_speech,images/IHS_0390.jpg
It became illegal in Hawaii 50th State in May 2018,Hope_speech,images/IHS_0391.jpg
dont believe in lying about yourself to make other people happy,Hope_speech,images/IHS_0392.jpg
These women ARE in STEM,Hope_speech,images/IHS_0393.jpg
You can do it girl Keep going with your Engineering degree,Hope_speech,images/IHS_0394.jpg
920 To never give hope to never give up She said it with conviction,Hope_speech,images/IHS_0395.jpg
this is truly inspirational,Hope_speech,images/IHS_0396.jpg
nearly lost family members by saying all lives matter Sad,Hope_speech,images/IHS_0397.jpg
Stop racism at its source,Hope_speech,images/IHS_0398.jpg
My moms an engineer As girl,Hope_speech,images/IHS_0399.jpg
Easy to complain Why dont you start your own company or invent something Stop complaining and step up,Hope_speech,images/IHS_0400.jpg
dont agree with homosexuality but do agree with being true to your self and accepting people no matter what,Hope_speech,images/IHS_0401.jpg
Jimmy Pop just let her live her life the way she chooses to and you live yours very simple concept,Hope_speech,images/IHS_0402.jpg
love that she uses her platform to shed light on the darkness very brave,Hope_speech,images/IHS_0403.jpg
Abdallah Shakeel like said why is it just black lives matter it should be all lives matter so yeah it sounds racist to me mate what about Muslims Chinese or Mexican lives Im sure we all matter as one race and thats humans dont see colour or religion see the person the human life,Hope_speech,images/IHS_0404.jpg
Yo actually stop demonizing christians We dont hate LGBTQ ppl,Hope_speech,images/IHS_0405.jpg
Racism is just shit thing that came from everywhere that had or more races,Hope_speech,images/IHS_0406.jpg
Boys and girls should try every type of toy so they can have broad knowledge so they have more options when taking important decisions,Hope_speech,images/IHS_0407.jpg
To say black lives matter is divisive To say all lives matter is inclusive,Hope_speech,images/IHS_0408.jpg
Im not your damn Google To say there isnt discrimination is simply delusional Gtfo,Hope_speech,images/IHS_0409.jpg
In my Civil Engineering classes Brazil fifty percent are woman,Hope_speech,images/IHS_0410.jpg
All lives should matter please,Hope_speech,images/IHS_0411.jpg
Awesome Debbie Sterling this is great deal for our young daughters,Hope_speech,images/IHS_0412.jpg
played with Lego and blocks as well as dolls when was younger played with you cars,Hope_speech,images/IHS_0413.jpg
lot of our children are addicted Meth floods the streets the dealers give it out for free like candy too get addiction started plus they dust fentanyl on pot sales to get them addicted this is driving crime We need help all of us We have to get drugs off the street and get help to addicts Please lets work together,Hope_speech,images/IHS_0414.jpg
skin is not race it is an organ that covers our body if it is black white or whatever colour it is only an organ what is wrong with people if black lives matter so much why are they killing their unborn children at such large numbers BLM only cares about getting money for their movement and not the people who they claim to be fighting for they dont care about anyone but their bank accounts or the cities where black people live would be improving but they are not explain that one and with these last riots how many black businesses were destroyed by these black lives matter groups,Hope_speech,images/IHS_0415.jpg
you cant decide someones sexuality wtf the leg crossingni cross my legs therefore the person sitting opposite me on the train whos never spoken to me has the right to decide im bi or whatever,Hope_speech,images/IHS_0416.jpg
God bless women It wouldve been so boring to live without them LOVE YOU GIRLS LOL like it so much when see girl fighting for her dreams and succeed despite the fact there are so many obstacles in her way,Hope_speech,images/IHS_0417.jpg
Im going to start studying engineering this fall Im so excited,Hope_speech,images/IHS_0418.jpg
You have the best mindset It seems many project mental barriers which are not beneficial Males also find their studies difficult,Hope_speech,images/IHS_0419.jpg
More men should be teachers and nurses It should be 5050,Hope_speech,images/IHS_0420.jpg
Yes study CS and it is so so lonely These types of videos keepnMe going,Hope_speech,images/IHS_0421.jpg
Id say they are biased maybe not racist but all lives do matter,Hope_speech,images/IHS_0422.jpg
feel so base for that guy They treated him as if he wasnt human just because of who he loved :pleading face:,Hope_speech,images/IHS_0423.jpg
study shows that women have sharper mental skills than men But the main problem is perspective What perspective nThe perspective that says,Hope_speech,images/IHS_0424.jpg
wouldnt say fighting for civil rights and social justice is pointless,Hope_speech,images/IHS_0425.jpg
youll make it no doubt you seem so passionate and hardworking,Hope_speech,images/IHS_0426.jpg
Why dont all lives matter just wondering,Hope_speech,images/IHS_0427.jpg
All lives are what you make of them We are all born and we will all die,Hope_speech,images/IHS_0428.jpg
Jessica Walker but there is no perspective You dont agree or disagree with homosexuality just like you dont agree or disagree with Down syndrome,Hope_speech,images/IHS_0429.jpg
Several deaths can be directly and indirectly linked to conversion therapy From suicide and long term impacts from the physical abuse such as brain or limb damage to some links to hate crimes against the failed projects of some of these camps,Hope_speech,images/IHS_0430.jpg
All lives matter That is not racist statement If you think it is then you are ignorant,Hope_speech,images/IHS_0431.jpg
river thats how used to be and then realized Im FLAMING BISEXUAL,Hope_speech,images/IHS_0432.jpg
All lives matter because we are Gods most precious handiwork,Hope_speech,images/IHS_0433.jpg
She saved me many times at different parts of my life,Hope_speech,images/IHS_0434.jpg
am anxious to see if my 10 year old daughter will watch this with me STEM toys are her favorite,Hope_speech,images/IHS_0435.jpg
Madonna educates people on many thingsShes there because shes destined for itShe does lot of good admirable things,Hope_speech,images/IHS_0436.jpg
All lives matternThe unborn,Hope_speech,images/IHS_0437.jpg
She saves lives with her music,Hope_speech,images/IHS_0438.jpg
this is so inspirational,Hope_speech,images/IHS_0439.jpg
never understood racism grew up thinking whats the problem with with different colored humans theyre literally the same but different colorsnTo this day still dont know why people think race of humans is better than another race when theyre exactly species,Hope_speech,images/IHS_0440.jpg
ya boy just went out and bought goldieblox youre so inspirational,Hope_speech,images/IHS_0441.jpg
Scott thats because they claim that Martin Luther King is there role model yet they turn around and contradict everything that he has said Im sorry but they failed Martin Luther King if theyre going to live up to his expectations that man was saint he said all lives matter can prove it we are all created equal have dream we are all created equal Ill say it again we are all created equal we are all created equal and Ill say it one more time we are all created equal so how does we all turn to just black lives matter would love to tell these people that say this black lives only matter do not compare yourself to Martin Luther King you are insulting him and he will be rolling over in his grave to hear the crap that if they so claim that Martin Luther King as their role model then why does there move it contradict Martin Luther Kings agenda,Hope_speech,images/IHS_0442.jpg
Dont Dare Give Up Right Now Im Counting On You Not Giving Up,Hope_speech,images/IHS_0443.jpg
So true and this world has gone to hell in hand basket All lives matter and WE ALL NLEED RED,Hope_speech,images/IHS_0444.jpg
stop forcing people to forcefully study engineeringnengineering is made for humans nif girls want to study engineering she willnif she wants to study something other than engineering she willnIts totally her choicennnnnA person should only study something in which heshe is interested in and thus can excel in that field only,Hope_speech,images/IHS_0445.jpg
That is uHH really mean She is such smart kid and has great mind set :smiling face with hearts:,Hope_speech,images/IHS_0446.jpg
am American women and work with black women and showed up to work when or the other need to be relieved nnSometimes dont get day off do my part as caregiver dont say much got wiped with woden spon when learned English in my Afrikaans School since all South Africans has to learn languages If misspell word in English It was hard learning English in my hometown It wasnt easy,Hope_speech,images/IHS_0447.jpg
Im religious and bisexual,Hope_speech,images/IHS_0448.jpg
proud of you GOOD LUCK,Hope_speech,images/IHS_0449.jpg
Ive finally decided what want to be want to be an Industrial Engineer,Hope_speech,images/IHS_0450.jpg
We all bleed the same,Hope_speech,images/IHS_0451.jpg
ITS WAY PAST TIME TO END THAT RACIST BUSINESS WE ARE ONE RACE MADE BY GOD IN IS IMAGE RACIST NOT GOOD,Hope_speech,images/IHS_0452.jpg
can proudly say that became professional software engineer some months ago nIve never thought that was going the wrong way do have hardships now and then,Hope_speech,images/IHS_0453.jpg
pvz68man There is absolutely nothing wrong with LGBTQIA You seriously need to stfu Because dont give af what book says love is love and dont see how other peoples sexuality affects you You are small person,Hope_speech,images/IHS_0454.jpg
Gender Equality Paradox states that in countries the more equal the genders are in pay The less likely women will pursue STEM Careers Therefore the best way to increase the number women in STEM is to pay women less,Hope_speech,images/IHS_0455.jpg
All lives matter and frankly from what Ive seen is that gun laws in America are yet again the true problem whether out of prejudice towards the colour of skin think its ludicrous the chances between the rich and poor are divided and that is where the true issue is it is difficult to get rid on one bigoted billionaire that so happens to be the president of the United States but laws around the world have no difficulties ridding poor people out of the society so therefore Im afraid that the majority is playing dangerous game of racial anger that can result in civil war that would not be beneficial for whatever colour of skin youve put your bets on so when say all lives matter mean to say,Hope_speech,images/IHS_0456.jpg
Sunshine Be positive sis,Hope_speech,images/IHS_0457.jpg
dont worry Im Christian and Im both trans and bisexual so yeah thats thing like God said men shall not lay with man but that was mistranslated its actually man shall not lay with boy meaning pedophilia so homosexuality is not in the bible and religion shouldnt stop people from loving who they love yk,Hope_speech,images/IHS_0458.jpg
Just realize that woman are treated differently in these fields You are given lot more slack for your fuckups than your male counterparts,Hope_speech,images/IHS_0459.jpg
All lives matter because we are all Gods children,Hope_speech,images/IHS_0460.jpg
Boa In US women are given preference over men by,Hope_speech,images/IHS_0461.jpg
The little asian girl was asking such valid and deep questions for her age So moving,Hope_speech,images/IHS_0462.jpg
am not sure why stated that maybe was thinking of another comment Maybe it was because you say that she is not an engineer dont believe that you HAVE to be an engineer to encourage females to go into the field anyone can do it So,Hope_speech,images/IHS_0463.jpg
all lives matter,Hope_speech,images/IHS_0464.jpg
glad that there are efforts to encourage women to pursue STEM,Hope_speech,images/IHS_0465.jpg
One of my fav legends She is true spirit for change,Hope_speech,images/IHS_0466.jpg
Same have found my people Baptist and bisexual,Hope_speech,images/IHS_0467.jpg
Thank you so much for sharing such wonderful message,Hope_speech,images/IHS_0468.jpg
My mother worked as petroleum engineer in the 70s80s and finds the notion of todays women being discriminated against in engineering quite humorous,Hope_speech,images/IHS_0469.jpg
Of course it will not work Cannot change who person are Then they will only play with not to be judged But get depressed and not have life Some talk about the bible,Hope_speech,images/IHS_0470.jpg
Its honestly not even battle between white vs black people Its battle between racists and people,Hope_speech,images/IHS_0471.jpg
All the best sis Prove yourself Follow your passion,Hope_speech,images/IHS_0472.jpg
All Lives Matter We are all the same inside of our bodies Ask God He Created us,Hope_speech,images/IHS_0473.jpg
Yes that was genuine Bless her Never give up hope love you ladyx,Hope_speech,images/IHS_0474.jpg
hate all people who cant see past the colour of anyone cant imagine what there family are going through but do think that people should think first We are in global pandemic at the moment the people involved will get whats coming to them but STOP the rallies till the end of the pandemic its still spreading stay home and stay safe,Hope_speech,images/IHS_0475.jpg
All lives matter There is only one life It is common to all creatures that are alive Its called pranna,Hope_speech,images/IHS_0476.jpg
was the girl who played with my brothers legos and ignored my barbies loved my college engineering classes But was always one of few girls in those classes,Hope_speech,images/IHS_0477.jpg
Only people can understand Madonna who has gone through so much pain as she did the battle losing her son and other emotional things,Hope_speech,images/IHS_0478.jpg
Kiri felt that After having just come out to my parents after being married and feeling safe after years of being with my spouse who encouraged me through it all,Hope_speech,images/IHS_0479.jpg
Just because she disagrees with homosexuality doesnt mean shes homophobic,Hope_speech,images/IHS_0480.jpg
Theres always way out and Madonna is just changing the world for the better,Hope_speech,images/IHS_0481.jpg
baddie nRacist All lives do matter and that includes the black children killed in the inner cities that black lives matter never talks about Black lives only matter to BLM when white person takes it nALL LIVES MATTER Do you think god would say all lives matter is racist,Hope_speech,images/IHS_0482.jpg
If all lives mattered there would be no poverty or killingMatters to WhoBL The Struggle,Hope_speech,images/IHS_0483.jpg
During school learnet that my friend was lesbian oh cool my friend is lesbian respect them,Hope_speech,images/IHS_0484.jpg
Ive been told by believing Christians that Jesus hung out with those who were marginalized by society To show love and support That would include our LGBTQ kids,Hope_speech,images/IHS_0485.jpg
the real slogan should be called all lives matter,Hope_speech,images/IHS_0486.jpg
You all have to remember what Martin Luther King said have dream that my four little children will one day live in nation where they will not be judged by the color of their skin,Hope_speech,images/IHS_0487.jpg
You can atleast inspire little onesnnnnNot just women nBut for allnYou dont seem do care about equality,Hope_speech,images/IHS_0488.jpg
Boa In US women are given preference over men by,Hope_speech,images/IHS_0489.jpg
Baden Jones Actually you cant You can choose who you date but at the end of the day you cant choose who youre attracted to,Hope_speech,images/IHS_0490.jpg
God loves everyone,Hope_speech,images/IHS_0491.jpg
Sadly it is being put as trend But black people are still suffering and they are downplaying us and trying to shut us upnWe just want racial equality and to defund the police It seems they are doing everything but that But we shouldnt use this important movement to turn attention to something else that isnt the matter at hand We will fight for equality then we will spread out to those regions too They are all equally as important but we have to stay focused hope you understand this,Hope_speech,images/IHS_0492.jpg
dont believe in lying yourself to make other people happy That is straight to the bones,Hope_speech,images/IHS_0493.jpg
sheridan it was wrongly translated It should say to not lay with boy the wrongly translated version says man and it refers to pedophilia,Hope_speech,images/IHS_0494.jpg
We need to see black people as people,Hope_speech,images/IHS_0495.jpg
If you are going through something similar know that youre not alone :orange heart:nThere are churches that are ONA Open and Affirming of all lgbtq people You are loved,Hope_speech,images/IHS_0496.jpg
ALL LIVES MATTER WE ARE ALL GODS CHILDREN ANYONE WHO BELIEVES OR THINKS ANY DIFFERENT WILL PROBABLY END UP BURNING IN HELL READ YOUR BIBLE AT WHAT TIME DID IT BECOME WRONG ITS ALWAYS BEEN THE TRUTH KNOW GODS WORD BECAUSE ONE DAY YOU WILL END UP FINDING OUT THE HARD WAY ITS NEVER TOO LATE UNTIL ITS TOO LATE,Hope_speech,images/IHS_0497.jpg
Is normal to be terrified but to be brave does not mean abscense of fear but to act despite the fear,Hope_speech,images/IHS_0498.jpg
busterud You are missing my point find it impossible to understand that movement that is trying to redress inequality has main banner statement of inequality am not putting the importance of any race over any other The statement White Lives Matter is just as wrong as Black Lives Matter am sure the movement has some valid points but the cause is not helped by provocative banner All Lives Matter would be perfect for the movement because it wouldnt diminish the impact and it would show absolute unity and equal opportunity for everyone going forward believe this would garner additional support from all areas of all communities,Hope_speech,images/IHS_0499.jpg
Im not in their shoes and cant pass judgementnremember that these issues are systemicnnCant Pass JudgementnJudges the problem is systemicnnNo,Hope_speech,images/IHS_0500.jpg
luckily more and more states and countries are making it illegal,Hope_speech,images/IHS_0501.jpg
ALL LIVES MATTERIM FROM THE SEYCHELLES WE HAVE DIFFERENT TYPE OF PEOPLE,Hope_speech,images/IHS_0502.jpg
Trump really likes Israel At least he says he does,Hope_speech,images/IHS_0503.jpg
am female engineer and this made me cry This woman is awesome and inspiring nAlmost sorry that im going to do economics from now on,Hope_speech,images/IHS_0504.jpg
Inspiring talk Im glad found this video,Hope_speech,images/IHS_0505.jpg
All lives matter we all bleed red there is really no difference between race,Hope_speech,images/IHS_0506.jpg
Im so glad Im in the Uk where in year 11 we have our GCSEs and since 2004 girls have outperformed boys in all subjects,Hope_speech,images/IHS_0507.jpg
am Tunisian Machine Learning Engineer Im very proud of my choice,Hope_speech,images/IHS_0508.jpg
Sasha Dumse he also told humans to love each other,Hope_speech,images/IHS_0509.jpg
Your family sounds amazing hope your dreams come true,Hope_speech,images/IHS_0510.jpg
And had napkin over it cause had to protect my intellectual property was already loving this talk but this got me even more,Hope_speech,images/IHS_0511.jpg
God gave us choice,Hope_speech,images/IHS_0512.jpg
have the same aspirations as you do want to make my family proud and show them that women can be scientists and engineers,Hope_speech,images/IHS_0513.jpg
Imposing conversion therapy on anyone is evil It is terrible humans pretending they speak for God and have right to be cruel and judgmental in his namen2 Once again,Hope_speech,images/IHS_0514.jpg
Dont worry if people dont like who you are They are still struggling to even like themselves Hate and resentment towards other people is like taking poison and expecting the other to die,Hope_speech,images/IHS_0515.jpg
This itself is inspirational,Hope_speech,images/IHS_0516.jpg
In short it cant be all lives matter because black people is unfairly treated by police it doesnt mean we said blm it doesnt mean all lives doesnt matter we cant matter until they can,Hope_speech,images/IHS_0517.jpg
am 15 and dont think can tell my parents dont believe in the religion they have taught me to believe in ever since was born nnI dont believe in the textbook version of God,Hope_speech,images/IHS_0518.jpg
Its nice to see another religious but also lgbt person,Hope_speech,images/IHS_0519.jpg
Guaranteed by law freedom,Hope_speech,images/IHS_0520.jpg
With so many people thinking that they are Gods If that were true than why dont they see that God looks at everyone with pure love and he filled our world with wonders that all people need to experience like the healing powers of all he created If all lives matter than we will all prosper as it should be When only one race matters it is doomed to fail because to actually be true success all lives unite to combat whats wrong,Hope_speech,images/IHS_0521.jpg
Clearly this virus has side effect of stupid causing people to act out in an aggressive and disgraceful manner,Hope_speech,images/IHS_0522.jpg
All lives do matter Black white brown red yellow they all matter With that being said quit placing value on anyones life that tries to take mine nomatter what color they are,Hope_speech,images/IHS_0523.jpg
Every life matters including the unborn,Hope_speech,images/IHS_0524.jpg
For Jesus Christ ALM All Lives Matter He died and resurrected for remissions of everybodys preexisting sins to save from eternal hell Accept HIM Be saved from eternal hell For free,Hope_speech,images/IHS_0525.jpg
All lives matter there said it,Hope_speech,images/IHS_0526.jpg
You dont dictate my future dont care what color you are and dont care if Im Mexican American,Hope_speech,images/IHS_0527.jpg
The lives of every human that have been conceived matter,Hope_speech,images/IHS_0528.jpg
This is amazing and wish this kind of toy was around when was young Its important for us all to not pigeon hole kids according to their gender or race wish you many more successes and,Hope_speech,images/IHS_0529.jpg
Her eyes are so beautiful Very striking You can tell this is very heartfelt and emotional and genuine She has become very soft spoken here and it says much to the love she has in her heart for the underdog and those who suffer Wonderful Madonna,Hope_speech,images/IHS_0530.jpg
like how Annie tried to be respectful anyways,Hope_speech,images/IHS_0531.jpg
im female computer science engineer and this was the most emotional ted talk ive ever watched sooo important,Hope_speech,images/IHS_0532.jpg
God gave us choice My choice is to love,Hope_speech,images/IHS_0533.jpg
am so glad that you made your toy wouldnt have extended my love for science feel like dont fit in at school sometimes,Hope_speech,images/IHS_0534.jpg
Lets push more women into STEM like Elizabeth Holmes,Hope_speech,images/IHS_0535.jpg
Nobody is stopping women from attending the schoolsclasses they want,Hope_speech,images/IHS_0536.jpg
Watching this before study cause Im feeling to lazy to do so,Hope_speech,images/IHS_0537.jpg
LEEPER nothing was sexual in the discussion It was all about man who has been mistreated for being who he isnHave you noticed that none of the kids being uncomfortable They were discussing with an adult about bad thing that still happens In fact,Hope_speech,images/IHS_0538.jpg
Everyone needs to learn that saying black lives matter doesnt mean other lives dont Think of it as saying black lives matter too,Hope_speech,images/IHS_0539.jpg
my choice is to love GIVE THIS KID SOME PRICE FOR THE BEST SENTENCE EVER,Hope_speech,images/IHS_0540.jpg
Guys All Lives Matter So Stop It Because Thats Selfishness,Hope_speech,images/IHS_0541.jpg
McBride yeah Now that is racism Shouldnt be black lives matter Should be all lives matter,Hope_speech,images/IHS_0542.jpg
think that the homosexual people arent bad,Hope_speech,images/IHS_0543.jpg
hope that all life Matters In many years many People,Hope_speech,images/IHS_0544.jpg
feel sorry for him but he needs to stand up and say ALL LIVES MATTER,Hope_speech,images/IHS_0545.jpg
ALL LIVES MATTER Is the message BRO,Hope_speech,images/IHS_0546.jpg
Rebekah Saying you dont agree with homosexuality is like saying you dont agree with being black Its not choice and it doesnt hurt anyone And you telling someone that they are wrong for who they love which they cant change is just as bad as what those people did to this man as child,Hope_speech,images/IHS_0547.jpg
Think about it this way by only saying black lives matter you are putting down every other race including Native Americans They have it every bad because they got pushed out of their homes where their beliefs are so their basically taking page out of Hitlers book and say that Black is the master race when that isnt true because there is no master race everyone should be equal,Hope_speech,images/IHS_0548.jpg
Im currently sophomore doing ME and Mathematics This video really helped Wish me luck on my finals next week,Hope_speech,images/IHS_0549.jpg
We were all made in Gods image All lives matter,Hope_speech,images/IHS_0550.jpg
It should never be controversial to say All Lives Matter have several good Black Asian friends who treat me with the same respect as do for them Regardless of what race you are,Hope_speech,images/IHS_0551.jpg
Legitimate proof to prove that conversion therapy is wrong and useless You cant change person for who they are,Hope_speech,images/IHS_0552.jpg
Ive read fanfic about two guys that were sent to straight camp and it was horrible like how is that legal wtf,Hope_speech,images/IHS_0553.jpg
Why would people go way within meters in lockdown as it was easing and the was below More lives will be lost,Hope_speech,images/IHS_0554.jpg
Not really no Women in politics are important as well,Hope_speech,images/IHS_0555.jpg
Black lives matter is the honoured group in the same way Caitlyn Jenner was Woman of the Year,Hope_speech,images/IHS_0556.jpg
Star Lord honestly think that education system has lot to do with it If am not mistaken in US you can choose your classes,Hope_speech,images/IHS_0557.jpg
Carol Danvers Physically they are VERY different Sorry but nature is real do agree though that engineering has nothing to do with weather its men or women,Hope_speech,images/IHS_0558.jpg
The little kid that said that God gave him choice and he chose to love is the greatest kid ive ever seen Theres so much wrong portrayal of what christianity is on the media that is refreshing to see someone who actually gets the concept And also love that Annie regardless of her point of view respected the survivors opinion and got to an agreement Ilove them all please protect them,Hope_speech,images/IHS_0559.jpg
In Malaysia there are more girls in chemical engineering,Hope_speech,images/IHS_0560.jpg
80s baby here Madonna was made by the lgbtq community She was there for them,Hope_speech,images/IHS_0561.jpg
think women and men should be treated equal but Im sorry but if you put man into workplace full of girls,Hope_speech,images/IHS_0562.jpg
One of em litterally say that this will change and the only thing it will take is time,Hope_speech,images/IHS_0563.jpg
WELL SAID BROTHER SPEAKING OUT FOR BABIES IN THE WOMB BECAUSE ALL LIVES DO MATTER PRAY EVERYDAY THAT WE COULD JUST LOVE EACH OTHER NO MATTER THE COLOUR OFOUR SKIN ONLY LOVE FOR ALL MAN KIND IS THE ANSWER OUR CREATOR GOD MADE ONLY ONE HUMAN RACE WE ARE ONE,Hope_speech,images/IHS_0564.jpg
Im currently studying engineering right now and this honestly gave me the motivation to finish the rest of the semester Its so incredibly easy to feel defeated in this field,Hope_speech,images/IHS_0565.jpg
love that you guys are coming at this from full heart and really trying to help children understand the new world that they live in today some people may be against us some people may be for it but whether youre against learning about the way the world actually works or not doesnt mean that the world doesnt still actually work and if your children are going to be productive people in our society then they should learn about our new society,Hope_speech,images/IHS_0566.jpg
Gays need help,Hope_speech,images/IHS_0567.jpg
This is amazing found my passion for engineering with GoldieBlox Boredom one night led me to this TED Talk and now its clear that whatever shes doing is working,Hope_speech,images/IHS_0568.jpg
All lives DO matter No one is better than the other Sanders is fraud He got arrested in 1964 for throwing eggs at black protesters,Hope_speech,images/IHS_0569.jpg
TheCounterpointer Why isnt it possible for our society to focus on broadening horizons for women AND helping boys get through the educational grindhousennI think our educational system could be vastly improved,Hope_speech,images/IHS_0570.jpg
DaisyTail commented on the absurdity of not agreeing with something nthats simply an unchangeable trait of person,Hope_speech,images/IHS_0571.jpg
was waiting on one of them responding to him asking Do you know anybody LGBTQ to say Yeah me,Hope_speech,images/IHS_0572.jpg
In third world countries males make money and feed their family mostly not women Its the system where males are the head of family and works for the family,Hope_speech,images/IHS_0573.jpg
personally dont agree with alot of what is being said about black lives matterit should be all lives matter lot of people are starting riots and uprising against each other That makes these people look just as bad as some police who are wrong and Do wrong if everyone prays and forgives we as nation might still have chance,Hope_speech,images/IHS_0574.jpg
Change equals ChallengenThis woman has delivered thousands of quick and witty lines over the past four decadesnBut,Hope_speech,images/IHS_0575.jpg
She said it bothers her that people call her smart when she wanted to be pretty had the exact opposite complaint at that age wanted to be called smart instead of pretty am Roboticist today with an extensive background in both software and hardware have friends whos parents encouraged them to go into STEM that hated the idea and felt pressured,Hope_speech,images/IHS_0576.jpg
To make change all lives matter if were going to make change lets make change rate acrosstheboard and that includes animals to aborting babies,Hope_speech,images/IHS_0577.jpg
Moore No they do it to support equality Why should one race matter more than another Kinda counterintuitive considering they all want equality,Hope_speech,images/IHS_0578.jpg
So all the politicians are jumping on the band wagon joke All lives do matter have an issue when see 50 or so black people stopping traffic and letting black people through but smashing the windows on white peoples cars is that not the same thing they want to stop,Hope_speech,images/IHS_0579.jpg
All lives matter 2020 Including the unborn,Hope_speech,images/IHS_0580.jpg
Corvus Corax thats great Many girls have been teased for having interest in STEM am only 26 and when was in grade school,Hope_speech,images/IHS_0581.jpg
chloe but wouldnt it be better to let other believe what they believe in and not force them into something theyre notnnIm bisexual christan,Hope_speech,images/IHS_0582.jpg
Peace be upon you to our beloved brothers and dearest sisters,Hope_speech,images/IHS_0583.jpg
Do not be missed or seduced into anything that even subtly attempts to water down the absolute fact that ALL LIVES,Hope_speech,images/IHS_0584.jpg
read my dads engineering magazines in my spare time other girls go shopping at the mall,Hope_speech,images/IHS_0585.jpg
We all need to be not RACISIT,Hope_speech,images/IHS_0586.jpg
Black Lives Matter is creation of the so called Democratic Party who is financing this movement still stand by my comment ALL LIVES MATTER,Hope_speech,images/IHS_0587.jpg
Yang will never respect racist organization,Hope_speech,images/IHS_0588.jpg
GOD GAVE ME THE CHOICE TO LOVE child is teaching us,Hope_speech,images/IHS_0589.jpg
As female Indian engineer,Hope_speech,images/IHS_0590.jpg
SHE LITERALLY SUPPORTED THE LGBT COMMUNITY BEFORE ANYBODY EVER DID PEOPLE DONT UNDERTAND HOW IT WASNT COOL OR TRENDY TO SUPPORT THEM,Hope_speech,images/IHS_0591.jpg
wonder how MANY people Madonna saved from suicide am not fan of Madonna but can understand the love between she and her FANS,Hope_speech,images/IHS_0592.jpg
These kids are what give me hope for humanity,Hope_speech,images/IHS_0593.jpg
All Lives Matter,Hope_speech,images/IHS_0594.jpg
asian black native america as long as you are not white white to them you are black and NOT important so when we say black we mean people of darker tone or skin or people who they are racist towards because we dont look like them so they treat us different so we need to be united and fight against racism for the racist anyone different from them if beneath them so we fight for our children and for thier future freedom to be and explore this world without someone putting them down all the time,Hope_speech,images/IHS_0595.jpg
My choice is to love Im actually crying in the library right now Such wisdom and maturity,Hope_speech,images/IHS_0596.jpg
ALL LIVES MATTER no one person or race is better than everyone else Truth,Hope_speech,images/IHS_0597.jpg
Conversion therapy should be illegal,Hope_speech,images/IHS_0598.jpg
pass thank you for this response bc yes some Catholics have done horrid things but thats not bc of Catholicism but bc they gave in to sin and they are bad people,Hope_speech,images/IHS_0599.jpg
Now want this toy really needed this pep Talk as am going to be doing second engineering drawing module will work hard until get it right,Hope_speech,images/IHS_0600.jpg
god gave us choice my choice is to love :pleading face:,Hope_speech,images/IHS_0601.jpg
Love is Love,Hope_speech,images/IHS_0602.jpg
ALL LIVES MATTER the end,Hope_speech,images/IHS_0603.jpg
ALL LIVES DO MATTER PERIOD DOES NOT MATTER WAT COLOR ARE PERUOD,Hope_speech,images/IHS_0604.jpg
With all these protestnWe all forgot one thingnnnnThe corona is still out there,Hope_speech,images/IHS_0605.jpg
Why is it wrong say Eitherboth are rightnIF ALL lives matterthen Black Lives Matterwhat is the discussion,Hope_speech,images/IHS_0606.jpg
hi the comment was about love not about if its sin or not We are all sinners and god still calls us to love one another Just because someone sins,Hope_speech,images/IHS_0607.jpg
All Lives Matter,Hope_speech,images/IHS_0608.jpg
omg how can someone be that amazing,Hope_speech,images/IHS_0609.jpg
Whys is it only black lives matter feel like thats just another form of racism and segregation It should be all lives matter,Hope_speech,images/IHS_0610.jpg
God gave us choice My choice is to love nWho cut the onions in here,Hope_speech,images/IHS_0611.jpg
after your wonderful oration about engineering got interest in doing mechanical engineering only because of you THANK YOU so much,Hope_speech,images/IHS_0612.jpg
God gave us choicennnMy choice is to lovennnnnI teared up man,Hope_speech,images/IHS_0613.jpg
ALL lifes matter When people boo that do they think that black live matter more dont know to much about this butI think ALL lifes matter,Hope_speech,images/IHS_0614.jpg
The Constitution matters because if followed everyone is equal under the foundation of the constitution United we stand divided we fall,Hope_speech,images/IHS_0615.jpg
We cant be racist because there is only one race which is Humans nnBLM just russ that started in 2013 they always bring up the past and slavery Were not living in the past were in the 21st century and not only black lives matter but All lives matter You just need to becareful of what you do in life Its your life that matters,Hope_speech,images/IHS_0616.jpg
Bea MillanWindorski go by stats women are also very family oriented so women generally want jobs with easier hours so they can spend time with their families,Hope_speech,images/IHS_0617.jpg
didnt know that there was stereotype that Lego toys were for boys thought everyone has them,Hope_speech,images/IHS_0618.jpg
Madonna is such an amazing person She makes the world better place,Hope_speech,images/IHS_0619.jpg
You need people who encourages you Keep working on it you never going to know how good you are until you try it,Hope_speech,images/IHS_0620.jpg
So youre good with homosexuality,Hope_speech,images/IHS_0621.jpg
Much love and best of wishes You have an inmence amount of potential,Hope_speech,images/IHS_0622.jpg
Omg this inspired me so much Im applying for college this year and im planing on studying computer science,Hope_speech,images/IHS_0623.jpg
Yep that was exactly what would do as teen When was around my parents was the most stereotypical straight person but around my friends was full on queer It makes sense if she is,Hope_speech,images/IHS_0624.jpg
Noah as kid wasnt thinking like that was taught to respect everyone as long as theyre not hurting anyone,Hope_speech,images/IHS_0625.jpg
Omg when he said God gave us choice,Hope_speech,images/IHS_0626.jpg
Who else is freewheeling lesbian who wanted to hug this man,Hope_speech,images/IHS_0627.jpg
She made me live my life and also embrace it,Hope_speech,images/IHS_0628.jpg
Id even go as far as to say all people who wants to go into any kind of STEM should watch this While it is mainly about getting girls into engineering,Hope_speech,images/IHS_0629.jpg
am girlwoman and an electrical engineer nWhen was little girl always wanted to have the lego stuff of my big brother and loved to fight with selfe made weapons but my mother always wanted cute little girl which will get an artist or sth like this,Hope_speech,images/IHS_0630.jpg
My friend came out of the closet to me,Hope_speech,images/IHS_0631.jpg
Nevermind they dont need to change they are born that way there is nothing wrong with it LGBT have been present for all time religion created by man is what unnecessarily criminalizes it would you advocate proselytization Converting gays never possible is just as despicable,Hope_speech,images/IHS_0632.jpg
am mechanical engineering major and Im so happy to come across this video,Hope_speech,images/IHS_0633.jpg
All lives matter John,Hope_speech,images/IHS_0634.jpg
There is no need to shame this kid for how she believes as long as she isnt hurting anyone then no need to shame or make her feel as if she is in the wrong,Hope_speech,images/IHS_0635.jpg
Black lives matter is the most racist statement Ive ever heard in my LIFE can you imagine if we said White lives matter,Hope_speech,images/IHS_0636.jpg
This interview was so so deep and emotionalnI loved it ReallynMadonna is the greatest artist of all timenShes fighternI love her so much,Hope_speech,images/IHS_0637.jpg
Love this so motivating,Hope_speech,images/IHS_0638.jpg
All lives matter Cops are abusive to all of us and there is problem Focusing on only black lives and shutting down the white persons voice is the Social Justice warrior way It is totally destructive The poor are being kept poor black or white It is the poor that has more interaction with the police and are more susceptible abuse by the police The minimum wage needs to be high enough so that anyone with full time job should be able to buy home,Hope_speech,images/IHS_0639.jpg
Over the years have found the only thing as good as female engineer is another female engineer wish would have had more of pool to hire from have never regretted hiring them You go Debbie Send the world more,Hope_speech,images/IHS_0640.jpg
wont support any kind of brutality both sides show at this time The american police is known to be hard and brutal and when look at the laws of this country Im not suprprised by the crime rate the people trying to stop racism by hurting people are questionable too People who werent even involved got hurt by both sides mostly from the police,Hope_speech,images/IHS_0641.jpg
Dragons Find me one comment where said it was wrong to love someone have love for everyone in this world and have made that very clear throughout this thread All you see is hate and its because you have hate in you You love some and hate others love ALL people,Hope_speech,images/IHS_0642.jpg
You cannot agree or disagree with someones sexuality Whoever truly believes you can is an idiot and thats on period,Hope_speech,images/IHS_0643.jpg
think that was gonna cry some point that was so emotional to me as teen girl who wants to be an engineer in Turkey and you cant know how hard it can be after this video my self confidence get stronger then before now feel better thank you for trying this hard rather than being one of the womens working as an invisible women employee they have to get,Hope_speech,images/IHS_0644.jpg
This just endears me more to MadonnaWhat beautiful inspirational woman she is,Hope_speech,images/IHS_0645.jpg
Kyougo never said or implied that was better than anyone My commment was just to show that women can be anything they want to be Dont assume things,Hope_speech,images/IHS_0646.jpg
Ada Lovelace Grace Hopper Nuf said,Hope_speech,images/IHS_0647.jpg
