Text,Class,image
Rose Homosexuality cant be changed nor is it choice,Hope_speech,Images_SD/SD_HS_0001.jpg
The most important thing in the bible is to love,Hope_speech,Images_SD/SD_HS_0002.jpg
Female engineer in the making and Im loving every step of the journey,Hope_speech,Images_SD/SD_HS_0003.jpg
am abhorred by what happened to George Floyd am white and am not racist But it is clear that racists have usurped this movement They are racists against freedom and against our constitutional liberties These racists want to destroy everything that has been gained for blacks and for whites in this country They want to bring tyranny and oppression giving control to the Democratic Left who have oppressed so many for so long Stand up America And stop them now,Hope_speech,Images_SD/SD_HS_0004.jpg
There are lot of adults that could learn from these kids Great job parents,Hope_speech,Images_SD/SD_HS_0005.jpg
Beautiful interview She has done so much for the LGBTQ community over her 35year music career This was such genuine and heartfelt interview What beautiful person she is,Hope_speech,Images_SD/SD_HS_0006.jpg
Why cant you say all lives matter but you can say black lives matter thats bit selfish,Hope_speech,Images_SD/SD_HS_0007.jpg
Emilia girls being engineers are common in my country,Hope_speech,Images_SD/SD_HS_0008.jpg
think it took her while to realize that she can approach things in different way not the way that she went about it,Hope_speech,Images_SD/SD_HS_0009.jpg
This comment is amasing Wishing you more happiness sir and to continue to inspire dreams and aspirations in the minds of these young children,Hope_speech,Images_SD/SD_HS_0010.jpg
Exactly absolute bell ends the lot of them Disgraceful behaviour and it only goes against them and there cause Most of these probates have been on ten week holiday and getting 80 of there wages while doing nothing This how they repay the kindness mindless anarchy People laughing and cheering its pathelic This is massive two fingers up the nurses and doctors Pandemic is the priority everything is secondary at the minute,Hope_speech,Images_SD/SD_HS_0011.jpg
Beautiful and honest interview She has taught me so much She continues to fight the haters Inspiring me always,Hope_speech,Images_SD/SD_HS_0012.jpg
Im Biesexual and didnt even have to come out my mom just figured it out lolnnnnnI feel bad for him thoughsad,Hope_speech,Images_SD/SD_HS_0013.jpg
she saved my life too and am not exaggerating,Hope_speech,Images_SD/SD_HS_0014.jpg
If you dont want kids to understand what other people have gone through then dont watch and its not brainwashing its telling kids whats wrong with religious people who take it to seriously,Hope_speech,Images_SD/SD_HS_0015.jpg
Tian Im with you sis Im half Asian and latinos is time to stand up for our other minorities ouse they matter as well ALL LIVES MATTERS,Hope_speech,Images_SD/SD_HS_0016.jpg
My AP Computer science class in high school has pretty balanced maletofemale ratio,Hope_speech,Images_SD/SD_HS_0017.jpg
All lives matter we are all gods children,Hope_speech,Images_SD/SD_HS_0018.jpg
could care lessmy kids lives matterand hardly anyone elses,Hope_speech,Images_SD/SD_HS_0019.jpg
We are all Childs of God STOP politics divide us,Hope_speech,Images_SD/SD_HS_0020.jpg
God gave us choice My choice is to love Im not crying Youre crying What lovely young person,Hope_speech,Images_SD/SD_HS_0021.jpg
just wanted to send you ie Debbie word of encouragement,Hope_speech,Images_SD/SD_HS_0022.jpg
Im 29yearold trans man and guarantee that wouldve said the things Annie said when was about 13 years old,Hope_speech,Images_SD/SD_HS_0023.jpg
Every Life Matters,Hope_speech,Images_SD/SD_HS_0024.jpg
dont agree with homosexuality but have friends who are homosexualnnThats like white person saying theyre racist but they have black,Hope_speech,Images_SD/SD_HS_0025.jpg
Im computer science major and feel the same way Im often visibly one of only two or three assume women in the lectures of 100 Computing related students,Hope_speech,Images_SD/SD_HS_0026.jpg
Crystal needs to rule THE WHOLE WORLD she is so so mature wanna conatulate her parents,Hope_speech,Images_SD/SD_HS_0027.jpg
Im black american and agree with you All lives matter cause God would want us to say and stand by that,Hope_speech,Images_SD/SD_HS_0028.jpg
want to add that this is highly inspiring to that choice,Hope_speech,Images_SD/SD_HS_0029.jpg
Never was great fan but this does change my opinion of her,Hope_speech,Images_SD/SD_HS_0030.jpg
IT IS NOT BOYS CLUBSOME ENGINEERS ARE FEMALE,Hope_speech,Images_SD/SD_HS_0031.jpg
Beautiful interview She has done so much for the LGBTQ community over her 35year music career This was such genuine and heartfelt interview What beautiful person she is,Hope_speech,Images_SD/SD_HS_0032.jpg
This video really inspired me Im computer science major and Ive been in the same boat my whole life loved Legos as kid but people around me really pushed gender roles,Hope_speech,Images_SD/SD_HS_0033.jpg
My husband is male nurse,Hope_speech,Images_SD/SD_HS_0034.jpg
Im Christian but agree and support homosexuality and the LGBTQ community understand that everyone is different and is free to believe in what they want but if you are against homosexuality because of the bible then simply think of how God would much prefer you to spread kindness than hate At the end of the day if you dont agree with it then simply keep it to yourself and think before you spread hate,Hope_speech,Images_SD/SD_HS_0035.jpg
All Lives Matter,Hope_speech,Images_SD/SD_HS_0036.jpg
ALL lives matterincluding the unborn,Hope_speech,Images_SD/SD_HS_0037.jpg
All Lives Matter The color does not determine persons worth,Hope_speech,Images_SD/SD_HS_0038.jpg
When my mom suggested to me to become civil engineer pictured myself this strong smart woman in suits designing beautiful constructions visiting the site and giving instructions to the workers It sounded pretty amazing as girl who will be doing such things And right now Im on the path to become an engineer but sometimes really do feel lonely and discouraged though These kind of talks really inspire and sharpen me lot Thank you so much And what you are doing right now is so great Debbie,Hope_speech,Images_SD/SD_HS_0039.jpg
Shetty yes great one no what it takes to be an engineerI am also female mechanical engineering,Hope_speech,Images_SD/SD_HS_0040.jpg
Im doing STEM and we have 19 students in our class,Hope_speech,Images_SD/SD_HS_0041.jpg
out of 10 She uses her platform And were better off because of it,Hope_speech,Images_SD/SD_HS_0042.jpg
Wafae Stop blaming men for womens choices of not getting into engineering and computer science,Hope_speech,Images_SD/SD_HS_0043.jpg
Only one race the Human Race,Hope_speech,Images_SD/SD_HS_0044.jpg
These protesters have completely disregarded the feelings of the majority of the people who dont want the statue to be removed And when these people actually did take it down they end up throwing it in the river Like that is the example modern society is supposed to be taking when we are all meant to be more environmentally conscious about dumping hope they are able to fish it out of the river,Hope_speech,Images_SD/SD_HS_0045.jpg
Hes so brave and think hes great for always being honest about who he is to himself and everyone around him,Hope_speech,Images_SD/SD_HS_0046.jpg
nobody said you can only be those two things Of course trans people can be gay,Hope_speech,Images_SD/SD_HS_0047.jpg
How easy is it to amend the constitution to remove term limits Im not American so wouldnt know feel as long as the president is democratically elected,Hope_speech,Images_SD/SD_HS_0048.jpg
Conversion therapy is torture The government should close all of those centers,Hope_speech,Images_SD/SD_HS_0049.jpg
am pursuing electrical engineering and donno why this brought me in tears,Hope_speech,Images_SD/SD_HS_0050.jpg
People should never have to be ashamed of their race or anything else None of us are responsible for what people in the past did We are responsible for what we do in our present ALL LIVES MATTER Thanks for your post Zackary,Hope_speech,Images_SD/SD_HS_0051.jpg
How about Black lives are equal Because they are still the center of the topic and they just seek equality which this country has proven not to have given them in the past,Hope_speech,Images_SD/SD_HS_0052.jpg
Apparently yeeting out of the closet means that you arent catholicChristian anymore Im Pansexual and still Catholic and am in relationship with another boy Love ya Flamingo,Hope_speech,Images_SD/SD_HS_0053.jpg
Its amazing felt compelled to comment after being truly inspired by this woman,Hope_speech,Images_SD/SD_HS_0054.jpg
My choice is to love nnHi Im Mike Pence,Hope_speech,Images_SD/SD_HS_0055.jpg
Also in my country female students are better than male students in every lesson Its not because they are less than girls,Hope_speech,Images_SD/SD_HS_0056.jpg
Its Maya did say BL dont am an immigrant in this country and know more than someone else what it is like to be different But will keep saying that ALL LIVES MATTER ASIAN who was discriminated because of covid BTW,Hope_speech,Images_SD/SD_HS_0057.jpg
loved every word she said,Hope_speech,Images_SD/SD_HS_0058.jpg
They should say Black lives matter toonI agree with you that all lives matter but it fails to point out that black lives were not equal in value to whitesnbased on history Sadly,Hope_speech,Images_SD/SD_HS_0059.jpg
The child who said choose to love is so precious and enlightened hope more people are like them,Hope_speech,Images_SD/SD_HS_0060.jpg
Im 14 and in my school Im in special class for STEM students We have 22 students in the class and of us are girls And yes the boys do think that they are so much better than us,Hope_speech,Images_SD/SD_HS_0061.jpg
Only black life is matter WHEN it should be EVERY LIFE IS MATTER nPlease dont start riot and looting destroy in name of others like its happen in UK and America Its discussing Protest peacefully No one should be above the law no police officers and no protester,Hope_speech,Images_SD/SD_HS_0062.jpg
Women today so physical labour lot more od they can do it today they couldve done it back then as wellTHERES NO excuse for not allowing women to vote or get education and sell them like property you fucking moron,Hope_speech,Images_SD/SD_HS_0063.jpg
Very well said Gentlemen All lives matter Bernie wanted to vote for you but not no more because ALSO MATTER am Hispanic,Hope_speech,Images_SD/SD_HS_0064.jpg
live in indian am 17 electronics commuation enggi have choosen am very proud hope its intresting feild,Hope_speech,Images_SD/SD_HS_0065.jpg
Is this more of problem in the west Because if you visit other countries there are many female engineers and science majors,Hope_speech,Images_SD/SD_HS_0066.jpg
Cobb Your statement is only partially correct Whilst it is illegal to hold an adult against their will with the intent to convert them,Hope_speech,Images_SD/SD_HS_0067.jpg
Stone Agreed She really should have gotten it first Bill Clinton certainly did advocate for LGBTQ rights but not until much later Madonna was doing it long before it was fashionable,Hope_speech,Images_SD/SD_HS_0068.jpg
Slavery the most heinous and disgusting crimes ever We cant honour slave traders as heroes,Hope_speech,Images_SD/SD_HS_0069.jpg
Oh for the love of God ALL LIVES MATTER will not apologize for saying this Im an RN for 30 yrs treat ALL lives with empathy compassion,Hope_speech,Images_SD/SD_HS_0070.jpg
This video is so inspiring cant wait to start engineering in university in September,Hope_speech,Images_SD/SD_HS_0071.jpg
God Bless all the Police risking their lives everyday protecting our communities and restoring order,Hope_speech,Images_SD/SD_HS_0072.jpg
know You should treat people as people and not colors,Hope_speech,Images_SD/SD_HS_0073.jpg
Spot on bro People divide instead of unite And that is what the elite wants This war agaist races is total bs All lives should matter There are bad and good people of all ethinicity,Hope_speech,Images_SD/SD_HS_0074.jpg
But you can be girly and know lot of technical stuff,Hope_speech,Images_SD/SD_HS_0075.jpg
BLACK LIVES MATTER IS Racist statement which pushes narrative of hate and violence IDENTIFYING HUMAN BEINGS BY THEIR SKIN COLOR IS RACIST Besides dont think that ever met BLACK person Your skin Color is not black if you really want to go there,Hope_speech,Images_SD/SD_HS_0076.jpg
Maybe lets stop assuming wether Annie will come out or not Kinda unfair to assume wether someone is LGBT based on the way someone looks,Hope_speech,Images_SD/SD_HS_0077.jpg
think this is amazing Inspiring young girls What the heck is everyone complaining about This woman is my role model,Hope_speech,Images_SD/SD_HS_0078.jpg
Everyones life SHOULD matter Clearly black people in usa overall do not share this EXP Maybe ask them why they say BLM Maybe to them they see place that does not value their lives,Hope_speech,Images_SD/SD_HS_0079.jpg
starrynight0621 Ive never faced any kind of sexism at my school but because Im the best at maths and science in my class the boys cant exactly say its boy thing,Hope_speech,Images_SD/SD_HS_0080.jpg
This woman changed the world and keeps changing it Including my life Thank you,Hope_speech,Images_SD/SD_HS_0081.jpg
When was young was given dolls and kitchencooking toys but was more interested in creating my own miniature houses out of cardboard boxes With it had the option to put what want in my housesstructures It was much more fun to be able to create somethingnnI also loved drawing and started it young but then thought my drawings were different than my classmates and was too shy for anything so had to match my drawings to the theirs because was too scared to be bullied again was bullied sometimes was scared to be good at what do because would grab attention if didnIt just made me put away my interests as if these were not big deal and grew up thinking do not deserve to shine and beyter just be in the shadows and live passive lifenI regret it,Hope_speech,Images_SD/SD_HS_0082.jpg
All lives matter includes black lives,Hope_speech,Images_SD/SD_HS_0083.jpg
Every being is essentially justified by the mere fact it exists That is universal truth Then beings come to relative arrangements among themselves,Hope_speech,Images_SD/SD_HS_0084.jpg
Ive always wanted to become an engineer,Hope_speech,Images_SD/SD_HS_0085.jpg
Im studying Mechanical Engineering and this has boosted up my mood years later,Hope_speech,Images_SD/SD_HS_0086.jpg
All life is from God not just black,Hope_speech,Images_SD/SD_HS_0087.jpg
Diana finally an opened minded Christian thank god for you We need more people like you in this world,Hope_speech,Images_SD/SD_HS_0088.jpg
Im bissexual conversion therapy surviver,Hope_speech,Images_SD/SD_HS_0089.jpg
And we are happy you are not giving up on us,Hope_speech,Images_SD/SD_HS_0090.jpg
All lives matter white black all human life is precious,Hope_speech,Images_SD/SD_HS_0091.jpg
Jonathan Mason could also agree on one thing agree to disagree because no matter how many ways someone says something Im always going to think all lives matter because were all lives matter means is you matter other personal matters the world matters nobody should be treated like they dont matter when it comes down to it its all about ethics In fairness at the end of the day isnt that racisms weakness let me tell you this its not just about me its about everyone including yourself you should have right be treated fairly and dont have anything against you just saying believe the answer to getting rid of racism fairness caring about everyone no matter what their color is everybodys life matters including you care about even whats fair your side my side their side because dont like racism rather be solution to the problem then sit there and tell people but only my life matters when in reality thats bunch of baloney it doesnt matter what color you are your life matters and youre important as anybody else how could that be bad thing,Hope_speech,Images_SD/SD_HS_0092.jpg
That is absolutely contradiction though Apples are real But you cant disagree with apples Homosexuality is real And you cant disagree with it,Hope_speech,Images_SD/SD_HS_0093.jpg
took up an Industrial Engineering course long time ago didnt finish my course 1st year to 3rd year was doubting myself that cannot make it to the final year and when reached the 4th year that was the moment that was so eager to finish the course but unfortunately wasnt able to enrol for 2nd semester due to financial challenges When the speaker said that they were on female students in the classI remembered those days when we were also girls and no excuses on all of our classes and demos am now 36 years old dont see myself going back to study and continue the same course but really wish did,Hope_speech,Images_SD/SD_HS_0094.jpg
god gave us choice,Hope_speech,Images_SD/SD_HS_0095.jpg
This video was so inspiring But now Im in rough patch Im teenager going into my first year of High School signed up for Shop class but now am highly regretting it due to the amount of guys there will be and the lack of knowledge have guess was lucky according to this video,Hope_speech,Images_SD/SD_HS_0096.jpg
this made me cry very inspiring,Hope_speech,Images_SD/SD_HS_0097.jpg
Hates not going to get you anywhere in the world,Hope_speech,Images_SD/SD_HS_0098.jpg
Im lesbian and Im so glad that didnt have to go through this Im sorry you had to go through this mean technically Im only out to my friends and my Mam and brother Im kinda scared to come out to the rest of my family,Hope_speech,Images_SD/SD_HS_0099.jpg
Madonna has been an advocate from day dot She fought so hard for and with LGBT people She is an icon and legend in every sense of the word Her heart is so pure,Hope_speech,Images_SD/SD_HS_0100.jpg
The Democratic Party is more dangerous to America than ISIS,Hope_speech,Images_SD/SD_HS_0101.jpg
ETERNAL INSPIRATION nSHE SAVE MY LIFE,Hope_speech,Images_SD/SD_HS_0102.jpg
saw it just now Like where have been This is amazing,Hope_speech,Images_SD/SD_HS_0103.jpg
pats you on the back its okay,Hope_speech,Images_SD/SD_HS_0104.jpg
Lives Matter If you have to have color before those two words youre racist,Hope_speech,Images_SD/SD_HS_0105.jpg
God bless So happy that got out of all that stronger person God is love And love is love,Hope_speech,Images_SD/SD_HS_0106.jpg
love this video lot So inspiring wanna be computer engineer someday but dont like math and science but Im not bad at it In fact my grade ranges from 91 and up in both areas They say just need practice to be really good in it,Hope_speech,Images_SD/SD_HS_0107.jpg
Black lives matter Im white person but are you know that black people are still good just because we have different skin color doesnt mean people everybodys people on this planet,Hope_speech,Images_SD/SD_HS_0108.jpg
like her creation Keep dreaming girl,Hope_speech,Images_SD/SD_HS_0109.jpg
really dont agree on the process he went to am Christian but dont think the Bible teaches such procedure My job is to love on people,Hope_speech,Images_SD/SD_HS_0110.jpg
All lives matter have all race in my family So sad Jesus loves us all the same and so should you,Hope_speech,Images_SD/SD_HS_0111.jpg
was lucky to have parents that let me play with construction toys,Hope_speech,Images_SD/SD_HS_0112.jpg
All lives matter no just black see if black cop did this to white man nobody would care of course he didnt deserve to die like this nobody should but still if this was vice versa people wouldnt care and know because this has happened in the past and nobody protested for him,Hope_speech,Images_SD/SD_HS_0113.jpg
All LIVES MATTERnI believe this is true,Hope_speech,Images_SD/SD_HS_0114.jpg
We are all equal in the eyes of our Lord God and Lord Jesus ALL LIVES MATTER,Hope_speech,Images_SD/SD_HS_0115.jpg
it doesnt matter what your family does when you want to make career for yourself what matters is what you can or will do youre in no better position then the one who comes from poor family and also wanting to be video game developer,Hope_speech,Images_SD/SD_HS_0116.jpg
Thank God he say that all lives matter,Hope_speech,Images_SD/SD_HS_0117.jpg
Im really tired of these gender stuff,Hope_speech,Images_SD/SD_HS_0118.jpg
If GOD VALUES ALL LIVES THE SAME AND THEN YES BLACK LIVES MATTER,Hope_speech,Images_SD/SD_HS_0119.jpg
Heres our demands Stop killing us for no good reason We dont want to die,Hope_speech,Images_SD/SD_HS_0120.jpg
remember when was 13 years old is when express your self started to come out in the 1990s and that song from Madonna made me who am to day It was song of strength,Hope_speech,Images_SD/SD_HS_0121.jpg
of course you reached your goal,Hope_speech,Images_SD/SD_HS_0122.jpg
Im senior high school girl want to become successful civil engineer This talk gives me courage Thanks debbie you inspire me more,Hope_speech,Images_SD/SD_HS_0123.jpg
do really hope that the citizens of America Would not judge the color of their skin but the content of their character no matter what race you are or where you from do really hope that in the near or Far future that they would adopt the quote,Hope_speech,Images_SD/SD_HS_0124.jpg
God Gave us choice my choice is to love nnnnYo watch out he gonna be king,Hope_speech,Images_SD/SD_HS_0125.jpg
No one like her Thank you MADONNA You inspire me in world that is becoming so crazy Never give up hope NEVER,Hope_speech,Images_SD/SD_HS_0126.jpg
God gave us all the gift of life,Hope_speech,Images_SD/SD_HS_0127.jpg
Same Im Roman Catholic and Im bisexual too,Hope_speech,Images_SD/SD_HS_0128.jpg
All lives matter if theyre good person,Hope_speech,Images_SD/SD_HS_0129.jpg
Every life is equal,Hope_speech,Images_SD/SD_HS_0130.jpg
All of US matters,Hope_speech,Images_SD/SD_HS_0131.jpg
Im so proud of you keep your head high and keep fighting for your dreamswe need women in science we,Hope_speech,Images_SD/SD_HS_0132.jpg
All Lives Matter,Hope_speech,Images_SD/SD_HS_0133.jpg
Same here never saw it as something wouldnt be able to do if wanted to And never thought being female should play part in that Who cares if there are fewer women in the engineering fields than men Im here because wanted to work on engineering projects,Hope_speech,Images_SD/SD_HS_0134.jpg
Madonna born man no wonder,Hope_speech,Images_SD/SD_HS_0135.jpg
even if shes talkin for women as male was really motivated by her always wanted to be an engineer but lack of confidence that maybe im not smart enoughor not born smart enough but its more like how bad you want it,Hope_speech,Images_SD/SD_HS_0136.jpg
think this is so biased hiho Honestly way too biased to be represented in this way to kids Not fair nWhat he said religious people dont like gays is so wrong The people who believe in the God of the Bible love Gods creation We love gays just as much as any sinner We believe it is one of the many sins that seperate us from God,Hope_speech,Images_SD/SD_HS_0137.jpg
started crying without even noticing watching this ted talk One day will be an engineer too,Hope_speech,Images_SD/SD_HS_0138.jpg
Wow This is amazing You are changing the world for better,Hope_speech,Images_SD/SD_HS_0139.jpg
Omg luv Madonna She is my hero and will always defend her against all the haters Lets appreciate this living legend,Hope_speech,Images_SD/SD_HS_0140.jpg
everyone talking about the girlnshe was clearly protecting herself she came out bi recently,Hope_speech,Images_SD/SD_HS_0141.jpg
Yes Black lives matter but anti American socialism should have no part or say in the future of true Bible believing black Americans or their children and thei families Take care,Hope_speech,Images_SD/SD_HS_0142.jpg
Madonna speaks the truth no superficial how wonderful,Hope_speech,Images_SD/SD_HS_0143.jpg
WE WILL NEVER GIVE UP LGBTQI RISE,Hope_speech,Images_SD/SD_HS_0144.jpg
Before that he also said hate isnt going to get you anywhere which is something people in general not just homophobic people need to learn,Hope_speech,Images_SD/SD_HS_0145.jpg
The problems that they bring up are real and are faced by women in the tech industry It may not seem like,Hope_speech,Images_SD/SD_HS_0146.jpg
This speech was really inspiringit has given great solution to my confusionlm clear now,Hope_speech,Images_SD/SD_HS_0147.jpg
Its not All lives do matter End of argument,Hope_speech,Images_SD/SD_HS_0148.jpg
love all people regardless of race,Hope_speech,Images_SD/SD_HS_0149.jpg
Thats itnnAll lives matter no doubt,Hope_speech,Images_SD/SD_HS_0150.jpg
When you cant say All lives matter your racist All Lives matter,Hope_speech,Images_SD/SD_HS_0151.jpg
Im so inspired am 14 years old want to be civil engineer but people around me,Hope_speech,Images_SD/SD_HS_0152.jpg
This video is awesome Im 15 year old girl who will probably go into engineering at uni and cant wait,Hope_speech,Images_SD/SD_HS_0153.jpg
Great Message Madge Where theres life theres hope,Hope_speech,Images_SD/SD_HS_0154.jpg
God gave us choice My choice is to love That is the sweetest thing Ive ever heard,Hope_speech,Images_SD/SD_HS_0155.jpg
Randomgirlwhosings0804 Why does she feel the need to have to agree or not agree with someones sexuality Why does any Christian its really weird there is nothing for you to agree with,Hope_speech,Images_SD/SD_HS_0156.jpg
Im STEM student and really wanted to be civil engineer,Hope_speech,Images_SD/SD_HS_0157.jpg
girl Also my other issue is as the LGBTQ community is fighting for freedom equality they are treating anyone with different opinion as if theyve done something wrong,Hope_speech,Images_SD/SD_HS_0158.jpg
littlemermaid GO for it Show us how it is done Your way,Hope_speech,Images_SD/SD_HS_0159.jpg
Thats really greatYeahThats itOne person can make all the difference,Hope_speech,Images_SD/SD_HS_0160.jpg
The gays are so wonderful,Hope_speech,Images_SD/SD_HS_0161.jpg
This inspired me so much As CS major,Hope_speech,Images_SD/SD_HS_0162.jpg
bakkoush she was obviously raised differently than the other kids was raised extremely conservative and considered myself hardcore conservative too and stayed that way until met people that had different beliefs than my own That wasnt until was about 15 For all we know shes only just now really being exposed to these things She may change her mind on homosexuality,Hope_speech,Images_SD/SD_HS_0163.jpg
Im girl who grew up with Legos,Hope_speech,Images_SD/SD_HS_0164.jpg
Everyone is equal,Hope_speech,Images_SD/SD_HS_0165.jpg
came out and started dating my best friend,Hope_speech,Images_SD/SD_HS_0166.jpg
dont really understand the idea of people assuming peoples sexuality based on their appearance Like we are fighting against stereotypes but still are using stereotypes,Hope_speech,Images_SD/SD_HS_0167.jpg
She was being respectful though dont see how someone cant agree with something youre born with but if theyre being nice thats all that matters,Hope_speech,Images_SD/SD_HS_0168.jpg
conversion therapy subjects people to abuse and many people who survive it end up with some sort of trauma disorder,Hope_speech,Images_SD/SD_HS_0169.jpg
Haskins Every life matter Every life is special,Hope_speech,Images_SD/SD_HS_0170.jpg
Ah Glad this video popped out in my suggestion just in time am freshman in agriculture engineering And female At first,Hope_speech,Images_SD/SD_HS_0171.jpg
will always be thankful for Madonna Shes reason Im not afraid to be me even have portrait of her,Hope_speech,Images_SD/SD_HS_0172.jpg
This truly hurts my heart God does not want anyone to hate anyone God is LOVE and FORGIVENESS All sin is equal,Hope_speech,Images_SD/SD_HS_0173.jpg
Thank you so much for what you are doing and for being brave and determinednnIm female engineer and an artist and Ive experienced everything that youve described One of the hardest things for me is struggling with being real girly girl and really good engineer The line dont fit in really resonates,Hope_speech,Images_SD/SD_HS_0174.jpg
After watching this im convinced have potential loved playing with my dads construction tools and building games lol bit too simple Im watching this in 2019 because Im studying IT in class full of men dont want IT to be my end goal though but do want the motivation to get through my first step have no idea where Im gonna land lol,Hope_speech,Images_SD/SD_HS_0175.jpg
My inspiration,Hope_speech,Images_SD/SD_HS_0176.jpg
queen to the LGBTQ Community,Hope_speech,Images_SD/SD_HS_0177.jpg
What matter Every lives is matter,Hope_speech,Images_SD/SD_HS_0178.jpg
That kid that asked for tips on how to be good friend is an incredible person Wonderful Take that and go far kid You have beautiful life ahead of you Youll always be loved :orange heart:,Hope_speech,Images_SD/SD_HS_0179.jpg
Sandberg if you are saying that in response to BLM then let me give you lesson The reason black lives matter started was because we want all lives to matter Saying all lives matter is just being selfish and wanting to not feel like the bad guy Because whites arent bad,Hope_speech,Images_SD/SD_HS_0180.jpg
Im helluva engineer and the fact that am an attractive female means nothing You cheapen the degree by isolating women from men graduated from GT in 1988 It was,Hope_speech,Images_SD/SD_HS_0181.jpg
this is what call an inspiring video good for you girl im ordering one of your toys,Hope_speech,Images_SD/SD_HS_0182.jpg
Whatever happened to Coronavirus Remember how governments and the elites told us to stay at home and not gather in large groups because of this Deadly Virus Now the same Elites are supporting this large groups of people gathering and some dont even speak out against This nHypocrisy,Hope_speech,Images_SD/SD_HS_0183.jpg
Boa In US women are given preference over men by,Hope_speech,Images_SD/SD_HS_0184.jpg
And might not be in position to come out safely,Hope_speech,Images_SD/SD_HS_0185.jpg
My mom teaches high school physics,Hope_speech,Images_SD/SD_HS_0186.jpg
Almost everything in kids education is NOT gender neutral Thats the point,Hope_speech,Images_SD/SD_HS_0187.jpg
she is great engineer also want to become professor of civil engineering and teach uni students was really inspired by her great work,Hope_speech,Images_SD/SD_HS_0188.jpg
am female and will be starting mechanical engineering in the fall this is so inspiring wow,Hope_speech,Images_SD/SD_HS_0189.jpg
Complains about stereotypes of women in STEM but then admits what the real issue is,Hope_speech,Images_SD/SD_HS_0190.jpg
mean you cant really choose who you fall in love with maybe she was just bi all along,Hope_speech,Images_SD/SD_HS_0191.jpg
Annie is honestly brave for being truthful,Hope_speech,Images_SD/SD_HS_0192.jpg
Whoever tries to change people is messed up nWe should learn to accept people for who they are nIf you dont agree with who someone is do not change them,Hope_speech,Images_SD/SD_HS_0193.jpg
Equality is where all lives are equal,Hope_speech,Images_SD/SD_HS_0194.jpg
Yeah all lives matter dude that includes black lives ALL means every what is it just like ofcourse every life matters besides black lives so we absolutely need to call it black lives matter to make people realize that or am right and black lives matter is racist,Hope_speech,Images_SD/SD_HS_0195.jpg
Inspiring the next generation of Femgineers,Hope_speech,Images_SD/SD_HS_0196.jpg
pray to get the chance to thank her for keeping me alive during very bad time in my life as young teen She is legend beyond legends Thank you Madonna,Hope_speech,Images_SD/SD_HS_0197.jpg
Its cultural because girls in 3rd world societies go for jobs they dont enjoy but that pay well,Hope_speech,Images_SD/SD_HS_0198.jpg
Yall really need to let go Yes we know all lives matter Thats given But the reason why people have to say black lives matter too is because black lives have it mattered since the 1800s We know like white lives matter that has been proven that white lives matter over all of her lives in America time and time and time and time and time and time and time and time and time and time again Nobody has ever questioned if all lives matter So that part of the conversation is over with and irrelevant Now lets concentrate on the lives that have not mattered in America Please concentrate and focus on what needs to be done to help Dont concentrate on what needs to be done to perpetuate the current paradigm It is time for change All lies has always mattered and white lives has mattered above all in black lives has mattered the least in America Stay focused people,Hope_speech,Images_SD/SD_HS_0199.jpg
Im also studying chemical engineering also cried when watched this video:sneezing face: and totally understand how you felt,Hope_speech,Images_SD/SD_HS_0200.jpg
She is sooo nice God bless her Love from Colombia,Hope_speech,Images_SD/SD_HS_0201.jpg
am man and support this,Hope_speech,Images_SD/SD_HS_0202.jpg
james bolem look up the actual meaning of BLM 2020 We want equality for all races We want to end oppression We want to end killing of innocent ppl We want to end brutality We want to end stereotypes If you cant see that,Hope_speech,Images_SD/SD_HS_0203.jpg
Randomgirlwhosings0804 what is there for you to agree on when it comes to sexuality Its their sexuality You cant change it lol,Hope_speech,Images_SD/SD_HS_0204.jpg
All lifes matter anyone who says other wise is rasist,Hope_speech,Images_SD/SD_HS_0205.jpg
Every life matters Im rich and white and Ive never been taught to hate have friend of all color cause Im purple Get it together people,Hope_speech,Images_SD/SD_HS_0206.jpg
God bless that sheriff All Lives Matter,Hope_speech,Images_SD/SD_HS_0207.jpg
The world is telling men to dieThe Democrat party is telling men to dieFeminists are telling men to dieHillary Clinton said WOMEN ARE THE FUTURE,Hope_speech,Images_SD/SD_HS_0208.jpg
All lives matterwell,Hope_speech,Images_SD/SD_HS_0209.jpg
Im lesbian and Christian and think thats completely okayGod doesnt hate anybody,Hope_speech,Images_SD/SD_HS_0210.jpg
BLM sounds racist to me it should be human lives matter,Hope_speech,Images_SD/SD_HS_0211.jpg
All Lives Matter AlwaysnIf you dont like it,Hope_speech,Images_SD/SD_HS_0212.jpg
pray to get the chance to thank her for keeping me alive during very bad time in my life as young teen She is legend beyond legends Thank you Madonna,Hope_speech,Images_SD/SD_HS_0213.jpg
PEOPLE matter We need to not care about skin color As MLK said,Hope_speech,Images_SD/SD_HS_0214.jpg
His voice makes my throat hurt,Hope_speech,Images_SD/SD_HS_0215.jpg
God wants understanding and acceptance of others Thats it Literally the number one rule is love thy neighbor nThese people Smh,Hope_speech,Images_SD/SD_HS_0216.jpg
Xx You know what This response is kinda cool am not going to shame you for what for you believe because you have your own history and experience People are trying to engage and we can respectfully disagree Having respectful discussions is the point think people want to talk rather than argue to prove they are right at this point The slogan is supposed to be divisive to get people to talk,Hope_speech,Images_SD/SD_HS_0217.jpg
god gave us choice and my choice is to lovennnThat kid is so sweet,Hope_speech,Images_SD/SD_HS_0218.jpg
We are so lucky and fortunate to have someone so smart and so dedicated to us and the cause,Hope_speech,Images_SD/SD_HS_0219.jpg
why is black lives matter even thing,Hope_speech,Images_SD/SD_HS_0220.jpg
KEEP PEACE AND LOVE YOUR HEARTS,Hope_speech,Images_SD/SD_HS_0221.jpg
This video isnt about rights Its about stopping the cultural idea that women cannot go into STEM because its perceived as masculine profession lot of female classmates grew up with wer told constantly that girls cant do math Its cultural issue,Hope_speech,Images_SD/SD_HS_0222.jpg
as much as dont really agree with annie she was really polite about it and respectful,Hope_speech,Images_SD/SD_HS_0223.jpg
My choice is to love my heart love him bro,Hope_speech,Images_SD/SD_HS_0224.jpg
This was so powerful and appreciate conversations with kids This is beautiful thing that you are doing and one of the greatest conversations Ive ever watched Shoutout to some of the parents because the kids were pretty mature,Hope_speech,Images_SD/SD_HS_0225.jpg
OMG wish could be one of the kids would love to talk about this LGBTQS we are together Always fighting for our rights are not alone,Hope_speech,Images_SD/SD_HS_0226.jpg
Where is the law here Anyone can do anything Where is democracy BTW dont like the statue and think it was bad to have it in the first place But my question is still valid This is not the way This is anarchy,Hope_speech,Images_SD/SD_HS_0227.jpg
There is only ONE race The HUMAN race,Hope_speech,Images_SD/SD_HS_0228.jpg
Im sorry but cant fight racism with racism blacks can be as racist as whites all racism is wrong doesnt matter who the race is,Hope_speech,Images_SD/SD_HS_0229.jpg
Every life does matter Example,Hope_speech,Images_SD/SD_HS_0230.jpg
dont think testing school kids on science is really indicative of STEM aptitude Girls brains develop faster and they are typically better students early on Also,Hope_speech,Images_SD/SD_HS_0231.jpg
all lives matter isnt discriminating along racial lines,Hope_speech,Images_SD/SD_HS_0232.jpg
Actually it depends on Great many things All lives matter,Hope_speech,Images_SD/SD_HS_0233.jpg
You can believe in that it is not easy but its posible xoxo,Hope_speech,Images_SD/SD_HS_0234.jpg
god gave us choice my choice is to love,Hope_speech,Images_SD/SD_HS_0235.jpg
Inclusion will only work when people show up ready to include themselves instead of sitting around,Hope_speech,Images_SD/SD_HS_0236.jpg
Omggg these kids give me hope for humanity,Hope_speech,Images_SD/SD_HS_0237.jpg
rou Im chemical engineer from South America What Ive learned in my college years is that to earn your degree you dont need to be that smart though it certainly helps,Hope_speech,Images_SD/SD_HS_0238.jpg
Is Alive you can be lesbian and Christian,Hope_speech,Images_SD/SD_HS_0239.jpg
am an 8th grade girl and want to be Biomedic engineer,Hope_speech,Images_SD/SD_HS_0240.jpg
mdnayoure beacon of hope in dark unpredictable worldthank you for standing up and continuing the fight for changei love you,Hope_speech,Images_SD/SD_HS_0241.jpg
Its so nice seeing the these comments Im pan myself and it always makes me so happy seeing others like me,Hope_speech,Images_SD/SD_HS_0242.jpg
Conversation therapy is so disturbing to me and should be illegal,Hope_speech,Images_SD/SD_HS_0243.jpg
She saved mine as well Thank you with all my heart,Hope_speech,Images_SD/SD_HS_0244.jpg
Im in my fourth year studying civil engineering and have had very similar thing happen to me in class where was the only girl out of 40 studentsnIts lot more common then you think,Hope_speech,Images_SD/SD_HS_0245.jpg
Thank you for sharing such an inspiring story of yours am Filipina,Hope_speech,Images_SD/SD_HS_0246.jpg
You have to check out the trailer for imperium all the easily offended are coming out of their hidey holes Its sad Just scroll through the comments and you will find cancer its disgusting to see people find way to hate movie that is purposefully being as neutral as possible while also making statement on the worlds problems Please want to see your opinion,Hope_speech,Images_SD/SD_HS_0247.jpg
Madonna educates people on many thingsShes there because shes destined for itShe does lot of good admirable things,Hope_speech,Images_SD/SD_HS_0248.jpg
In my Engineering and Architecture Department around half the students are women It has really come long way as to decades ago where only handful of women are in class Our landscape architecture and chemical engineering graduates are all women Why have no idea to be honest,Hope_speech,Images_SD/SD_HS_0249.jpg
The things that she has done are magnificentShe has personally flewn to Mexico to buy her friend some medicine for AIDSThis is not your everyday type of womanShes so intelligent tooI dont think shes appreciated enough,Hope_speech,Images_SD/SD_HS_0250.jpg
Shes so about on the verge of tears This is PURE Shes an awesome human being love you MadonnanThanks for all youve done came out this year,Hope_speech,Images_SD/SD_HS_0251.jpg
You cant change the world with hate you just make hate and you cant change people without showing changing in yourself if someone going stay corrupted the rest of the world aint going to change for you and some people and going to change you just got to be happy in your life amongst world full of haters,Hope_speech,Images_SD/SD_HS_0252.jpg
Ashton Levry get what youre saying but at the same time why should they defend people that we say all lives matter if were all created equal shouldnt there be all right for us to say all lives matter because honestly think we do matter we all matter but even if youre what youre saying is true then it shouldnt hurt your feelings that we say all lives matter no offense,Hope_speech,Images_SD/SD_HS_0253.jpg
She has never been afraid to say these are my friends and love themnThis was well before it was fashionable to embrace the gaysnShe and Elizabeth Taylor were throwing millions of dollars towards AIDS research in the beginning,Hope_speech,Images_SD/SD_HS_0254.jpg
cant imagine family putting their child thru tortuous conversion program Embrace and love your kids for who they are,Hope_speech,Images_SD/SD_HS_0255.jpg
You are AWESOME and so inspiring,Hope_speech,Images_SD/SD_HS_0256.jpg
This made me tear up Hello from South Africa hope you didnt give up,Hope_speech,Images_SD/SD_HS_0257.jpg
Lol was thinking sthg on similar lines based on the body language pose etc Its fine Love to that person Its hard to go through anything like that,Hope_speech,Images_SD/SD_HS_0258.jpg
The lives of recidivists are not important And it doesnt matter about skin color,Hope_speech,Images_SD/SD_HS_0259.jpg
It wasnt erected as symbol of slavery it wasnt symbol of racial profiling it was erected as historical significance for what he did to help build in the city on the basis of your argument youd have idiots destroying 90 of all historical buildings and monuments in the uk Protest peacefully not ok to go around defacing property as mass mob Abide by the law or face the consequencesstupid sheeple committing crimes an eye for an eye is not acceptable democracy and justice is,Hope_speech,Images_SD/SD_HS_0260.jpg
This is so inspiring always watch this when feel discouraged,Hope_speech,Images_SD/SD_HS_0261.jpg
Animal lives also falls into all lives matter,Hope_speech,Images_SD/SD_HS_0262.jpg
She is now she came out few months back and Im there for it,Hope_speech,Images_SD/SD_HS_0263.jpg
all lives matter without that we never have peace so to me forever all lives matter,Hope_speech,Images_SD/SD_HS_0264.jpg
dude serious Theres people watching videos about innocent Muslims living their daily lives but yet there are those western comments hating on them and calling them terrorists somehow those people deserve more positive attention than LGBT since innocent muslims are getting killed nJust an example on how stupid your comment was,Hope_speech,Images_SD/SD_HS_0265.jpg
So he saying white lives doesnt but Ill always say all lives matter,Hope_speech,Images_SD/SD_HS_0266.jpg
Her eyes are so beautiful Very striking You can tell this is very heartfelt and emotional and genuine She has become very soft spoken here and it says much to the love she has in her heart for the underdog and those who suffer Wonderful Madonna,Hope_speech,Images_SD/SD_HS_0267.jpg
Im pursuing civil engineering and most of my classmates are boys tho,Hope_speech,Images_SD/SD_HS_0268.jpg
All lives matter implies that all lives matter It doesnt mean to say that certain group of peoples lives dont matter It may also include groups that dont face any oppression and groups that do It also implies that the oppressed groups should be equal to the nonoppressed group,Hope_speech,Images_SD/SD_HS_0269.jpg
The things she says are truly inspiring It really feels like all of the engineering world has been constructed by old white men and is targeted towards old white men,Hope_speech,Images_SD/SD_HS_0270.jpg
TheLegend27 Is Alive just because your Christian doesnt mean you cant be lesbian know someone who is Christian and lesbian,Hope_speech,Images_SD/SD_HS_0271.jpg
She came out,Hope_speech,Images_SD/SD_HS_0272.jpg
All humanity matters,Hope_speech,Images_SD/SD_HS_0273.jpg
say it differently Human lives matter If only black lives matter then someone is racistnWhen pull man out of ditch hes not white or black or brown,Hope_speech,Images_SD/SD_HS_0274.jpg
Im Christian and dont know how someone who can claim to love Jesus do these things to person This is unjust and cruel We are told to love everyone equally and cant stand for this Im so sorry people actually had to go through this Have wonderful day and stay strong you beautiful person Dont let anyone tell you who you can and cant be,Hope_speech,Images_SD/SD_HS_0275.jpg
If have learned anything from this woman it is that corporations dictate way too much by deciding how girls and boys should live Dont let corporation dictate what your child should play with as these toys influence alot You as the consumer decide what the demand is and the supply will come Imma share this video to somebody,Hope_speech,Images_SD/SD_HS_0276.jpg
Lets talk about the fact that we are in the middle of serious pandemic and people are dying left and right Thats where our focus should be right now Not about whos life matters and whose doesnt Stop the madness please,Hope_speech,Images_SD/SD_HS_0277.jpg
Were all equal right,Hope_speech,Images_SD/SD_HS_0278.jpg
The word survivor is kinda being over usedmiss used When think someone survived something assume they almost died know conversion therapy is terrible,Hope_speech,Images_SD/SD_HS_0279.jpg
hope he helps her come out of the closet,Hope_speech,Images_SD/SD_HS_0280.jpg
She saved my life and gave me new hope,Hope_speech,Images_SD/SD_HS_0281.jpg
Im from the UAE and they respect everyone,Hope_speech,Images_SD/SD_HS_0282.jpg
Can people please stop saying Annie should come out of the closet or she is in for rude awakening Like really guys Dont judge her off of her appearance You are going off of stereotypes,Hope_speech,Images_SD/SD_HS_0283.jpg
Lexus Fox Women in western countries dont choose to go into those fields because of lack of interest and that is due to cultural reasonsIn third world countries live in one engineering is not predominantly male fieldIn fact didnt know it was in the western world until watched this video and read some stats on it,Hope_speech,Images_SD/SD_HS_0284.jpg
want to be chemical engineer soon hope will become in the future,Hope_speech,Images_SD/SD_HS_0285.jpg
Im so sorry for what has happened to you by so called Christians Im Christian and were here to love and meet others were they are not force our beliefs onto others and hurt people Thats never what Jesus intended and apologize for them,Hope_speech,Images_SD/SD_HS_0286.jpg
am so so lucky to have Madonna in my life nAfter all these years of ups and downs,Hope_speech,Images_SD/SD_HS_0287.jpg
Good on the women choosing these fields instead of the whiners that say more women should be in STEM but hold degree in social justice or similar pointless crap Be the change you want to see,Hope_speech,Images_SD/SD_HS_0288.jpg
God gave us choice My choice is to love,Hope_speech,Images_SD/SD_HS_0289.jpg
stands for Brave nL stands for LoyalnA stands for AwsomenC stands for Courageous nK stands for Kind nnDont hate on people for the colour of their skin,Hope_speech,Images_SD/SD_HS_0290.jpg
Can we please stop stereotyping homosexual women looks Thank you,Hope_speech,Images_SD/SD_HS_0291.jpg
We are one nation under god after allnAll men are created equal in the eyes of GOD nso people should start treating people the way they want to be treated,Hope_speech,Images_SD/SD_HS_0292.jpg
cant believe that people like me are put through such abuse It breaks my spirit,Hope_speech,Images_SD/SD_HS_0293.jpg
All lives matter Anything else is literally creating division,Hope_speech,Images_SD/SD_HS_0294.jpg
All Lives Matter,Hope_speech,Images_SD/SD_HS_0295.jpg
This is for everyone am an 11 year old female want to be mechanic or engineer since made helicopter in DT have always been bit of tomboy since was young had poweranger action figures and loved marvel and DC and loads of action films when was about seven bunch of girls pushed me in to ditch and hit me with sticks was to scared to fight back but to strong to cry just stood there let them hit me and call me transgender until finally plucked up the courage to fight back stood there then as they were coming towards me took risk and dived into the thorns they missed me by millimetres so took the opportunity to run home ran to my bedroom and cried and years later still have problems with it but just want to give my message that we are all equal no matter race,Hope_speech,Images_SD/SD_HS_0296.jpg
of course all lives matter Including of course black lives,Hope_speech,Images_SD/SD_HS_0297.jpg
Nobody ever said one life matters Its just bringing awareness that black lives matter Did they say ONLY black lives matter,Hope_speech,Images_SD/SD_HS_0298.jpg
am bisexual and am scared to tell my parents because am only ten years old so they wouldnt understand me the only one who knows this secret is KantaDiya she is also bisexual she is my dads another wife that no one knows about except me,Hope_speech,Images_SD/SD_HS_0299.jpg
If women can go into engineering without being judged,Hope_speech,Images_SD/SD_HS_0300.jpg
find it difficult to say that hate Islamic culture but not the individual people,Hope_speech,Images_SD/SD_HS_0301.jpg
am Roman Catholic believe that we should not mistreat members of the LGBT community We should always treat them with respect and to love them with Gods grace and power,Hope_speech,Images_SD/SD_HS_0302.jpg
All Lives Matter,Hope_speech,Images_SD/SD_HS_0303.jpg
dont agree with conversion therapy,Hope_speech,Images_SD/SD_HS_0304.jpg
This is so good As woman who loved math but never had anyone suggest engineering thank you have two girls and dream of all opportunities for them Thank you,Hope_speech,Images_SD/SD_HS_0305.jpg
ALL LIVES MATTERS we should be in this movement not there were only there kind matters,Hope_speech,Images_SD/SD_HS_0306.jpg
havent come out to my family yet They arent religious they think that it doesnt matter who you like You just have to be good person but Im still so scared to tell them Ive told my friends My best friends were fine with it,Hope_speech,Images_SD/SD_HS_0307.jpg
am kid who dreams of being an aerospace engineer at nasa,Hope_speech,Images_SD/SD_HS_0308.jpg
This is great video As female engineer run into all of these struggles on daily basis also had hard time learning spatial skills and struggled in drawingCAD class GoldieBlox is great first step to helping get more girls interested in engineering and build their confidence in STEM,Hope_speech,Images_SD/SD_HS_0309.jpg
All lives matter end of story,Hope_speech,Images_SD/SD_HS_0310.jpg
JESUS CHRIST died for all lives from Adam to the last person born on earth ALL LIVES MATTER,Hope_speech,Images_SD/SD_HS_0311.jpg
Rizki religion is choice whereas homosexuality is something youre born with,Hope_speech,Images_SD/SD_HS_0312.jpg
Women should have the oportunity to follow their dreams despite anyone telling them NO you cant,Hope_speech,Images_SD/SD_HS_0313.jpg
BLM winning hearts and minds wherever they go,Hope_speech,Images_SD/SD_HS_0314.jpg
Racism is part of Capitalism,Hope_speech,Images_SD/SD_HS_0315.jpg
Conversion Therapy aka Abuse Segregation isnt thing in America anymore We have already accepted that were all equal and that we dont have to be segregated,Hope_speech,Images_SD/SD_HS_0316.jpg
remember watching this when was fifth or sixth grader when didnt really have clue about what was interested After four years,Hope_speech,Images_SD/SD_HS_0317.jpg
Because being straight is the norm and people assume that everybody is straight Because lot of people are homophobic you grow up hating yourself and being fearful to say who you truly are,Hope_speech,Images_SD/SD_HS_0318.jpg
There is only ONE racethe human race,Hope_speech,Images_SD/SD_HS_0319.jpg
saw people saying that engineering is not thing capable for girls From that day decided to be an engineer and shut those peoples mouths,Hope_speech,Images_SD/SD_HS_0320.jpg
So surviving from mental abuse isnt considered survivor They wanted to strip his identity from him Maybe think before you leave comment,Hope_speech,Images_SD/SD_HS_0321.jpg
gx np We are all human,Hope_speech,Images_SD/SD_HS_0322.jpg
agree racism is aids But tearing down the statue is utter bullshit Its not like people go there to admire him,Hope_speech,Images_SD/SD_HS_0323.jpg
This video is so inspiring because im goin to study to becomr an enginner,Hope_speech,Images_SD/SD_HS_0324.jpg
are such an inspiration,Hope_speech,Images_SD/SD_HS_0325.jpg
Madonna if only you realised how much you affected my life through your music and passion you have brought me so many happy moments and for countless others,Hope_speech,Images_SD/SD_HS_0326.jpg
dont understand how people can just not agree with homosexuality like its not something you agree with you just have to accept it because thats just how some people are,Hope_speech,Images_SD/SD_HS_0327.jpg
grew up being supported by my chemical engineer father that taught me math with so much joy and love,Hope_speech,Images_SD/SD_HS_0328.jpg
Now for premise am not American and dont get the whole context and details of this issue but according to my research meaning stats some from the FBI black lives are disproportionately hurt by police brutality compared to other races,Hope_speech,Images_SD/SD_HS_0329.jpg
Beating someone with Bible Have they ever actually read the book To say nothing of the fact that beating someone to get them to do something is liable to make them more determined not to Of course it doesnt work anyone who expects otherwise is kidding himself,Hope_speech,Images_SD/SD_HS_0330.jpg
Id hug this guy And if were at the conversion therapy Id act like Ian from Shameless and free everyone,Hope_speech,Images_SD/SD_HS_0331.jpg
ALL LIVES MATTER The current discussions are racist and those who call out others being racist,Hope_speech,Images_SD/SD_HS_0332.jpg
am so grateful to live in an environment where rarely get to hear things like engineering is not for women When was little,Hope_speech,Images_SD/SD_HS_0333.jpg
Every lives matter all lives matter God bless Us all God said love one another,Hope_speech,Images_SD/SD_HS_0334.jpg
Madonna has always been philanthropist for the LGBT community,Hope_speech,Images_SD/SD_HS_0335.jpg
Skrezo Loving the same gender is sin Then good chunk of the population is sinner There is nothing wrong with being LGBTQ,Hope_speech,Images_SD/SD_HS_0336.jpg
So like boys like sexually Like would marry boy But kinda like girls romantically And Im not against romantic feelings towards the same gender Now sexually dont support it but will be there for anyone who is support people not for what they do but for their spirit and compassion towards everyone Pls dont come at me,Hope_speech,Images_SD/SD_HS_0337.jpg
Anderson would say the reason why so many people are on welfare is for historic reasons lot of black families got economically screwed over from the time when they were enslaved to the 20s and even today know it sounds hypocritical for me to say this after my previous comment was about white guilt,Hope_speech,Images_SD/SD_HS_0338.jpg
Tran Thank you so much for your support,Hope_speech,Images_SD/SD_HS_0339.jpg
All lives matter says God,Hope_speech,Images_SD/SD_HS_0340.jpg
All Lives Matter Follow the laws and be productive citizens in society then your life will matter otherwise you put your life in danger and it will not matter,Hope_speech,Images_SD/SD_HS_0341.jpg
some comments under this video honestly make me want to throw up why are so many of you assuming that religious girls gender and sexuality thought this community were way smarter than this,Hope_speech,Images_SD/SD_HS_0342.jpg
God created all humans,Hope_speech,Images_SD/SD_HS_0343.jpg
all lives matter but black lives are not currently being treated equally the goal of the BLM movement is to create equality not supremacy,Hope_speech,Images_SD/SD_HS_0344.jpg
You can do it Believe in yourself,Hope_speech,Images_SD/SD_HS_0345.jpg
smh atleast you got the choice said am doing software engineering and the response got made me lose hope before even started anyway rebuilt my hope and am doing it it dont matter,Hope_speech,Images_SD/SD_HS_0346.jpg
Thats horrible and inexcusable to do to another human being even more so child Whether person agrees with homosexuality or not DOES NOT give them the right to play God and judge another on their sexual preferences believe in reading the Bible and showing love and acceptance in one another and focus on verses such as John,Hope_speech,Images_SD/SD_HS_0347.jpg
God gave us choice and choose to love so powerful Sadly not all Christians think like this,Hope_speech,Images_SD/SD_HS_0348.jpg
guess this is better start to getting us back to where we were before with childrens toys just dont see the reason for toy companys to have gone that route in the first place Or maybe our culture should stop genderizing professions Though,Hope_speech,Images_SD/SD_HS_0349.jpg
im sitting here watching this and when he says god gave us choice my choice is to love im trying not to cry bc my family doesn know yet told my mom but not really anybody else in my family,Hope_speech,Images_SD/SD_HS_0350.jpg
Im and by watching this video want to be gaming scientist,Hope_speech,Images_SD/SD_HS_0351.jpg
Barth am all for people being happy,Hope_speech,Images_SD/SD_HS_0352.jpg
All lives matter even little EVEN LITTLE ABORTED BABIES THAT HAVE BEEN KIILLED ALL LIVES MATTER EVEN THE BABIES AN CHILDERN WHO HAVE BEEN KILLED BY THEIR PARTENTS AN CHILD MOSLESTERS AN SO ON ALL LIVES MATTER TO GOD TOO AN THAT MEANS ALL LIVES,Hope_speech,Images_SD/SD_HS_0353.jpg
All lives Matter god created all people equal,Hope_speech,Images_SD/SD_HS_0354.jpg
All lives matter to God including the unborn Its time to stop calling this country racist Do you remember what color our last president was And remember there was only one Martin Luther King Jr Dont try to reincarnate him God rest his soul,Hope_speech,Images_SD/SD_HS_0355.jpg
All lives matter includes every life,Hope_speech,Images_SD/SD_HS_0356.jpg
Id agree if she didnt say that homosexuality was sin But she did,Hope_speech,Images_SD/SD_HS_0357.jpg
If someone says to you black lives matter then you reply all lives matter that really says lot about who you are,Hope_speech,Images_SD/SD_HS_0358.jpg
Every life matters dont understand why these people would boo that,Hope_speech,Images_SD/SD_HS_0359.jpg
am woman and an Engineer and feel like fit in just fine,Hope_speech,Images_SD/SD_HS_0360.jpg
All lives are sacred all lives matter,Hope_speech,Images_SD/SD_HS_0361.jpg
cant believe live In world where saying all lives are important is condemnable :person facepalming:,Hope_speech,Images_SD/SD_HS_0362.jpg
If person goes to war it is all lives matter You rely on the person next to you as much as heshe is relying on you,Hope_speech,Images_SD/SD_HS_0363.jpg
Exactly guess thats not what theyre fighting for Obviously So many innocent people have died Business is ruined people hurt and injuredfor what For whos behalf How can one justify this thought the whole point was for the country to come together for the good of the country and for everyone,Hope_speech,Images_SD/SD_HS_0364.jpg
was just accepted into Purdue Universitys engineering school and Im so excited never had any interest in engineering until took physics class and fell in love Being massive creative person this is such relief Knowing dont have to give that up to be an engineer You are such massive inspiration Thank you so much,Hope_speech,Images_SD/SD_HS_0365.jpg
Through all the years her music got me through some tough sht will always be grateful :orange heart:,Hope_speech,Images_SD/SD_HS_0366.jpg
jzizzles Im Christian and my family loves all people,Hope_speech,Images_SD/SD_HS_0367.jpg
Yesterday was the day just received my results and were accepted to the bigger institute of engineering of my country nThan here started the critics of my family and teachers what Youre girl Go and study medical science and leave engineering for boys Youre crazy You just lost your good grades for engineering while you could study biology of become doctor Why this speech helped me so much to realize that yes its possible to succed in engineering EVEN IF Im girl,Hope_speech,Images_SD/SD_HS_0368.jpg
YouTube Account it is her right to think that though She isnt stopping anyone from using their rights,Hope_speech,Images_SD/SD_HS_0369.jpg
Being girl is not just about pink color and dolls and homie stuffs It is more than that We all are equal Thanks for giving this wonderful speech and sharing ur thoughts with this world am really glad,Hope_speech,Images_SD/SD_HS_0370.jpg
The founder of the Toronto Pride event made statement after pride day was over basically saying that BLM will not dictate to pride what they can or cant do He only signed their demands to move them along,Hope_speech,Images_SD/SD_HS_0371.jpg
She is cool and inspiring too,Hope_speech,Images_SD/SD_HS_0372.jpg
Theres good chance the religious girl just said what she knew she had to say because she knows her community will probably watch the video,Hope_speech,Images_SD/SD_HS_0373.jpg
Jenny Yao am asking for 5050 with strong protections against misandric discrimination Males in those professions are double victims of capitalisms wage scale inequalities and also sexism against men in those professions,Hope_speech,Images_SD/SD_HS_0374.jpg
Im so glad my parents always gave me puzzles and remote controlled cars and let me tinker on small appliances as kid was never drawn to baby dolls and Princess shit,Hope_speech,Images_SD/SD_HS_0375.jpg
Rojas Just because she looks certain way doesnt mean shes in denial or anything,Hope_speech,Images_SD/SD_HS_0376.jpg
dont agree with heterosexuality Does that make any fucking sense How can you agreedisagree over what someone IS If you say youre straight,Hope_speech,Images_SD/SD_HS_0377.jpg
am rooting for you Dont listen to naysayers If you want to be gaming scientist,Hope_speech,Images_SD/SD_HS_0378.jpg
cried That was extremely touching Thank you,Hope_speech,Images_SD/SD_HS_0379.jpg
Beatiful It was inspiring for me,Hope_speech,Images_SD/SD_HS_0380.jpg
they mean that the fact that girls dont normally choose STEM fields is because we are socialized to be interested in other stuff Which is bad thing because when someone does break the norm,Hope_speech,Images_SD/SD_HS_0381.jpg
was an engineer and starting to be an 8th grade math teacher just this year at 53,Hope_speech,Images_SD/SD_HS_0382.jpg
All are like unto GodnAnd we should be ashamed to thing we are above someone nJesus Christ said no better love then this but he who lays down his lift for his friendsnAnd that is just what Jesus Christ did for all who ever lived nTo him each of us mattersnWho are we to say one color is above anothernWhite people died to free slaves And Black people died to keep our country free We owe lot to bothnAll lives matter,Hope_speech,Images_SD/SD_HS_0383.jpg
All you need to do is let girls choose their own subjects Dont make other girls have to choose what you want them too Give them their own options In fact Ive never heard anyone tell girls that they cant choose engineering or science Let them choose what they enjoy,Hope_speech,Images_SD/SD_HS_0384.jpg
If it is accepted that all lives matter,Hope_speech,Images_SD/SD_HS_0385.jpg
Not agreeing with someones sexuality is like not agreeing with someones skin colour Its part of who they are nnIs there an aversion therapy for being heterosexual,Hope_speech,Images_SD/SD_HS_0386.jpg
used to mix potions and experiment the outcome on my dolls Im currently working on degree in Computer Science with an engineering focus love this video,Hope_speech,Images_SD/SD_HS_0387.jpg
started crying when she quoted the mom who said You can be anything So many people do not realize how important it actually is for girls to believe that,Hope_speech,Images_SD/SD_HS_0388.jpg
Keep hanging in there totally get you darling am doing Electrical engineering am african so get you,Hope_speech,Images_SD/SD_HS_0389.jpg
Keep up the good work Debbie always like to work with female engineers,Hope_speech,Images_SD/SD_HS_0390.jpg
internalized homophobia is sadnhope that any closeted kid can stay save until they feel ready to come out,Hope_speech,Images_SD/SD_HS_0391.jpg
All Lives Matter,Hope_speech,Images_SD/SD_HS_0392.jpg
We are equal humans nAll of us are equaln:handshake::handshake::handshake::handshake::handshake::handshake::handshake:,Hope_speech,Images_SD/SD_HS_0393.jpg
ALL LIVES MATTERnALL LIVES MATTERnALL LIVES MATTERnALL LIVES MATTERnALL LIVES MATTERnALL LIVES MATTERnALL LIVES MATTERnALL LIVES MATTERnALL LIVES MATTERnIts not controversial when you pay taxes,Hope_speech,Images_SD/SD_HS_0394.jpg
God straight up says love everyone so to me that over powers everything,Hope_speech,Images_SD/SD_HS_0395.jpg
Now want to be engineer,Hope_speech,Images_SD/SD_HS_0396.jpg
Not matter if you like man or woman god love you all equal,Hope_speech,Images_SD/SD_HS_0397.jpg
agree that there are some bad cops yes Ill admit it But most are good agree George shouldnt have been killed but it seems the cop just over estimated his strength,Hope_speech,Images_SD/SD_HS_0398.jpg
think he handled that very well in way that made it both very real for them while keeping it within what they could handle Well done Marcus,Hope_speech,Images_SD/SD_HS_0399.jpg
Shoutout to Annie for being so real Despite her beliefs,Hope_speech,Images_SD/SD_HS_0400.jpg
Can just say Theres like no proof that God hates Gays,Hope_speech,Images_SD/SD_HS_0401.jpg
No we are all from earth and Africans can live in America so what if you arent from that place,Hope_speech,Images_SD/SD_HS_0402.jpg
Yes it is controversial to say at this time after this tragedy all lives matter Yet Its shame for America to say black lives matter 2020 still stuck with racism It means black life is worth less If feels bad to hear it As human specie we have lot more to learn and need to have some humility We were just hit by virus,Hope_speech,Images_SD/SD_HS_0403.jpg
What dont understand about most of these comments is that people are saying that girls with short hair are automatically lesbians or the clothes theyre wearing Looks dont Define Who You Are It doesnt mean if girl has short hair or if theyre clothes not girly enough doesnt mean girls are automatically lesbians You cant just put label on someone and call them something that they are not without knowing their real lives and stories,Hope_speech,Images_SD/SD_HS_0404.jpg
Joannot Fampionona Thats changing the definition of violence completelynnAnd about those cases these women present they sound to me like exaggerations made by them What do you do everyone gets ask that not only women And being surprised that someone is an engineer is normal,Hope_speech,Images_SD/SD_HS_0405.jpg
And we are happy you are not giving up on us,Hope_speech,Images_SD/SD_HS_0406.jpg
And women in engineering are perfectly competent agree,Hope_speech,Images_SD/SD_HS_0407.jpg
This is extremely inspiring as im applying for colleges now to become chemical engineer really hope this sort of attention to the lack of female engineers only increases,Hope_speech,Images_SD/SD_HS_0408.jpg
All Lives Matter Remember Jessica Doty Whitaker,Hope_speech,Images_SD/SD_HS_0409.jpg
got degree in chemical engineering because of this video still cannot believe did it Still debating if it was good decision but hey it cant be undone now XD,Hope_speech,Images_SD/SD_HS_0410.jpg
GOD LOVES ALL OF MANKIND HE HIS NO RESPECTABLE PERSON IN HIS LOVE ALL LIVES MATTER,Hope_speech,Images_SD/SD_HS_0411.jpg
feel the same way with being pilot Im women and Im headed down the road of becoming commercial pilot Only of women are pilots really hope to see more women join these professions,Hope_speech,Images_SD/SD_HS_0412.jpg
have always loved her and her soul Madonna you are amazingly inspirational,Hope_speech,Images_SD/SD_HS_0413.jpg
This was so inspiring to meNowadays many people doubt about women becoming engineersBut Im sure next generation is going to make changeIm from Argentina and next year Ill finish high school and will study environmental engineering,Hope_speech,Images_SD/SD_HS_0414.jpg
Thats incredible Keep it up,Hope_speech,Images_SD/SD_HS_0415.jpg
All lives matter Anything else is racism,Hope_speech,Images_SD/SD_HS_0416.jpg
If you think saying ALL LIVES MATTER then dont say BLACK LIVES MATTER It works BOTH ways folks The BLACK LIVES MATTER statement is offensive to me,Hope_speech,Images_SD/SD_HS_0417.jpg
The problems is that one doesnt negate the other If All Lives Matter then what is the problem with saying Black Lives Matter or Blue Lives Matter They are part of the All am correct Not like when the constitution said We hold these truths to be selfevident,Hope_speech,Images_SD/SD_HS_0418.jpg
all live matter key word ALL meaning ALSO black lives,Hope_speech,Images_SD/SD_HS_0419.jpg
WE NEED MORE GIRLS IN THE STEM FIELDS JOIN US,Hope_speech,Images_SD/SD_HS_0420.jpg
Is Alive Im Christian and Im Lesbian,Hope_speech,Images_SD/SD_HS_0421.jpg
How about more women pouring concrete,Hope_speech,Images_SD/SD_HS_0422.jpg
Im sorry but saying black lives matter is excluding other races which it in itself is racist,Hope_speech,Images_SD/SD_HS_0423.jpg
Charlotte Hansen Im Christian and my job is to love everyone no matter what makes them different from me These kids are so cute and very respectful,Hope_speech,Images_SD/SD_HS_0424.jpg
look to day when people will not be judged by the color of their skin,Hope_speech,Images_SD/SD_HS_0425.jpg
when someone says dont agree with homosexuality is like hating people who are left handed,Hope_speech,Images_SD/SD_HS_0426.jpg
All lives matter to JesusI will side with the Lord,Hope_speech,Images_SD/SD_HS_0427.jpg
RESPECT LGBTQ PEOPLE SUPPORTING YALL TILL MY LOVE GIVES OUT :star-struck:,Hope_speech,Images_SD/SD_HS_0428.jpg
think its cool that you give people voice to speak out with here on this channel,Hope_speech,Images_SD/SD_HS_0429.jpg
This is the best vid in this channel Marcus was so good with these kids and the kids were open Even Amy when she said that she was open to it hope that Amy changes her mind eventually,Hope_speech,Images_SD/SD_HS_0430.jpg
You inspired me to keep moving on my engineering program You are amazing thanks alot,Hope_speech,Images_SD/SD_HS_0431.jpg
God gave us choice,Hope_speech,Images_SD/SD_HS_0432.jpg
Im female marine engineer and also graduated from naval academy with rank of 2nd Lieutenant Reservist and used to work as third mechanic engineer onboard very large crude oil tanker vessels,Hope_speech,Images_SD/SD_HS_0433.jpg
18 literally was bisexual when was SEVEN,Hope_speech,Images_SD/SD_HS_0434.jpg
IncredibleAwesomeso uplifting and inspiring THANK YOU,Hope_speech,Images_SD/SD_HS_0435.jpg
Doesnt matter what religion practice or if even believe in god,Hope_speech,Images_SD/SD_HS_0436.jpg
Conversion therapy should be illegal Doesnt it go against the protection of natural rights,Hope_speech,Images_SD/SD_HS_0437.jpg
wont give up bc were there for me and you continue here have to fight too,Hope_speech,Images_SD/SD_HS_0438.jpg
remember when she performed cpr on me after rescuing me from the water,Hope_speech,Images_SD/SD_HS_0439.jpg
Tenacious Tacosnthere tends to be this antagonism towards women stating their point of view because it is automatically viewed as misandrist and discriminatory against men when paradigms like sexism and racism are not symmetrical because of the historical precedents where one group has been favored more than another These scholarship initiatives are merely attempts to balance an unbalanced game Not to take from opportunities that were already there supplement not supplant Theres enough to go around,Hope_speech,Images_SD/SD_HS_0440.jpg
SHE LITERALLY SUPPORTED THE LGBT COMMUNITY BEFORE ANYBODY EVER DID PEOPLE DONT UNDERTAND HOW IT WASNT COOL OR TRENDY TO SUPPORT THEM,Hope_speech,Images_SD/SD_HS_0441.jpg
Im trump supporter Im anti Islam and anti feminism BUT Im pro LGBT pro womens rights just not for all the femenazi BS,Hope_speech,Images_SD/SD_HS_0442.jpg
Yes all lives matter,Hope_speech,Images_SD/SD_HS_0443.jpg
wanna be civil engineer too Youre not alone Go ahead You can do it,Hope_speech,Images_SD/SD_HS_0444.jpg
Every life on this world matters,Hope_speech,Images_SD/SD_HS_0445.jpg
Smokey didnt say knew what color skin you had also you said cant throw it in white peoples faces dont even know if whoever wrote the comment is white and just cause it happened in the past does not mean racism just suddenly disappears Black people are the ones that are oppressed sir but if you want to talk abt white people they arent oppressed so good for them Also Im literally half white Im not blaming white people for what happened not every white person is racist sir thats not what said,Hope_speech,Images_SD/SD_HS_0446.jpg
All lives matter Especially children lives matter THE MOST End child trafficking End wars End hunger Children are our future We need focus on them,Hope_speech,Images_SD/SD_HS_0447.jpg
Prayer Corner nI understand and agree 100 whith what youre saying and Im also proud ChristiannI was just saying that the people the commenter asked about must have some power if the higher authorities are covering up their mistakes instead of taking the correct actions against themnI listen to and admire alot of priests and what they say and how they livenMy point was that alot of people follow the leaders of the religion any religion blindly,Hope_speech,Images_SD/SD_HS_0448.jpg
Hey have respect for All Lives MATTER Its the TRUTH that is being ignored The Politicians are creating narrative that diverts attention away from our Childrens Safety,Hope_speech,Images_SD/SD_HS_0449.jpg
Also my choice is to love is more powerful statement than think that child realized That is incredibly beautiful and heartwarming to hear,Hope_speech,Images_SD/SD_HS_0450.jpg
All Lives Matter Not Just Black,Hope_speech,Images_SD/SD_HS_0451.jpg
If all lives matter then all lives should be treated the same But its not when you are arresting white people but killing black people so yes BLM,Hope_speech,Images_SD/SD_HS_0452.jpg
thats funny because last time checkednn1Women are smarter than mennnOnce women started demanding equal rights,Hope_speech,Images_SD/SD_HS_0453.jpg
My mom told me that if someone really believes in their religion that will except you for who you are not who you arnt,Hope_speech,Images_SD/SD_HS_0454.jpg
As someone who dosnt really feel comfortable saying Im religious but would say my beliefs fall most closely to Christianity and attends church regularly this whole concept of conversation therapy disgusts me have read the Bible through and through Yes the Bible does say that homosexual actions are sinful It also says thousand other things are sinful things we are all guilty off in our lifetime the Bible clearly says all sin is forgivable The Bible says the greatest commandment is love Jesus when faced with the option to condemn chose love over and over and over again He forgave and he showed compassion In fact the only people Jesus was super blunt or mean with Was not the drunkerds,Hope_speech,Images_SD/SD_HS_0455.jpg
My grandpa was an engineer and he bought me my first LEGO set at years old 13 years later Im more than half way through my ME degree,Hope_speech,Images_SD/SD_HS_0456.jpg
Blake Eloise dont hate anyone actually,Hope_speech,Images_SD/SD_HS_0457.jpg
ALL lives matter Otherwise its racism,Hope_speech,Images_SD/SD_HS_0458.jpg
its 2am and Im watching this and crying at how inspirational this is as female engineering student this really motivates me to not lose faith,Hope_speech,Images_SD/SD_HS_0459.jpg
dont watch things that doesnt interest me Why this world has to be so negative am praying and many others are as well Take care,Hope_speech,Images_SD/SD_HS_0460.jpg
All lives matter Idiocracy at its finest,Hope_speech,Images_SD/SD_HS_0461.jpg
There are no words to describe her influence in so many areas As long time fan am still discovering new things every day She leads the pack,Hope_speech,Images_SD/SD_HS_0462.jpg
All Lives Matter believe its not the color if your skin its your personality other then in pleasant notes hair eyes dress You can see they all see Black and or white All Lives matter,Hope_speech,Images_SD/SD_HS_0463.jpg
If we exclude women we are only getting half of the best humanity has to offer This is why having women in tech is vital,Hope_speech,Images_SD/SD_HS_0464.jpg
Came out and fought back because of her New and ungrateful generation has no clue what she has done for us,Hope_speech,Images_SD/SD_HS_0465.jpg
This whole conversion therapy thing is messed up It makes all Christians look like terrible people even though God says to love everyone,Hope_speech,Images_SD/SD_HS_0466.jpg
Thank you so much We can do anything,Hope_speech,Images_SD/SD_HS_0467.jpg
Wtf is up with the negativity by men here Just because shes building toys for girls and encouraging them to go for engineering majors,Hope_speech,Images_SD/SD_HS_0468.jpg
Her speech got me through the toughest parts of my engineering student life Ill be graduating next semester and Im super excited for whats to come,Hope_speech,Images_SD/SD_HS_0469.jpg
Love Wins have always thought that grew up with her and her music Music today is auto tuned BS They call her old,Hope_speech,Images_SD/SD_HS_0470.jpg
All Lives Matter There are two races,Hope_speech,Images_SD/SD_HS_0471.jpg
All lives matter There said it God bless you sir dont know you from diddly squat have respect for you Because you wear the badge and the uniform You come across all kinds of people good or bad God bless you and men and women that are in law enforcement Some cops do good no matter what There is good and bad in all people Just remember folks we bleed the same color God bless the USA We need his blessings bad,Hope_speech,Images_SD/SD_HS_0472.jpg
It does something Emotional and physical harm,Hope_speech,Images_SD/SD_HS_0473.jpg
Debbie am glad you got through it nI myself am an chemical engineering student soon am going to be in my final year and to be honest soooo feel like dont fit in nmy grades arent that good nd ofc dont have that good spatial skills and sometimes look at my male classmates and think are we doing the same major And am soo afraid that what am going to do after my graduation nAll of these fears time and time build up and feel like maybe didnt pick the right major but hearing your experience was helpful thank you will try not to give up,Hope_speech,Images_SD/SD_HS_0474.jpg
All lives matter thats it Move on now,Hope_speech,Images_SD/SD_HS_0475.jpg
This woman is genius What great speech,Hope_speech,Images_SD/SD_HS_0476.jpg
Some Random Girl Im sorry youre in the situation hope that youll find an environment that is accepting,Hope_speech,Images_SD/SD_HS_0477.jpg
This video almost made me cry The struggle is real,Hope_speech,Images_SD/SD_HS_0478.jpg
Yes all lives matter because we are all human,Hope_speech,Images_SD/SD_HS_0479.jpg
relate to her so much,Hope_speech,Images_SD/SD_HS_0480.jpg
That one girl whos like do not agree with homosexuality nnnGirl you got short haircut the bottom of your jeans cuffed sweater and its bergundy ish Your not any part of Lgbtq thats lie You dont agree with Lgbtq people thats lie You probably said that because your family and your church are watching She will come out in few months or years Btw people hating Lgbtq people and they are religious people God says not to hate anyone so like its the same wrong Also have family who isnt religious but is religious if you know what mean and respect anyone no matter what and if thats who they are let them be who they are evn if dont agree,Hope_speech,Images_SD/SD_HS_0481.jpg
Religion is between you and God You dont have to force it on someone OR hate on anybody because they think differently,Hope_speech,Images_SD/SD_HS_0482.jpg
omg we are the people All LIFES ARE important,Hope_speech,Images_SD/SD_HS_0483.jpg
Keep up the good work Debbie always like to work with female engineers,Hope_speech,Images_SD/SD_HS_0484.jpg
Racism is the belief that one race is superior than another dont see how being conscious of your race makes you believe that any embrace is superior,Hope_speech,Images_SD/SD_HS_0485.jpg
dont hear anywhere in this video saying black lives matter too So you are against black lives if you dont say black lives matter So there is no other choice but agree to say black lives matter in less you want to be labeled as bad person:thinking face: You want people to support movement that agrees with organization that the person is against :thinking face: Im not white but have to say All Lives Matter even the ones that BLM doesnt support,Hope_speech,Images_SD/SD_HS_0486.jpg
If white person says white lives matter he she is racist If black person says black lives matter he she is fighter for civil rights What nonsense,Hope_speech,Images_SD/SD_HS_0487.jpg
my sister do math know girls do lot of math we need more girl perpective in ingeniering like this womennthe man engineers make bridges,Hope_speech,Images_SD/SD_HS_0488.jpg
God gave us choice My choice is to love PRINT THIS EVERYWHERE,Hope_speech,Images_SD/SD_HS_0489.jpg
ALL LIVES MATTER young old black white brown god made us all cuz he loves us all thats it bottom line,Hope_speech,Images_SD/SD_HS_0490.jpg
My goodness these kids are so enlightened So smart,Hope_speech,Images_SD/SD_HS_0491.jpg
am Catholic and the thought of conversion therapy on anybody disgusts me know that the Jesus serve is NOT the same one that this person unfortunately had to experience God is love and the way he was treated was NOT love so NOT God like what that little boy said God is love and chose to love,Hope_speech,Images_SD/SD_HS_0492.jpg
All lives matter ridiculous to think otherwise,Hope_speech,Images_SD/SD_HS_0493.jpg
makes me really proud to say that 40 of my engineering class is female,Hope_speech,Images_SD/SD_HS_0494.jpg
Not everyone is supportive of my choice and Ive lost some friends because they dont believe can do it Its great though wish had friends like yours,Hope_speech,Images_SD/SD_HS_0495.jpg
If she comes out at this point it must be choice nnjk annie we all support you no matter what,Hope_speech,Images_SD/SD_HS_0496.jpg
All lives matter includes black lives and others as well People dont seem to understand that Cant imagine prioritising one race and completely ignoring other races No matter how small or big the situation is,Hope_speech,Images_SD/SD_HS_0497.jpg
If ur lgbt and ur parents are like his urge you to not come out until you are old enough so you know safe place to go or old enough to leave,Hope_speech,Images_SD/SD_HS_0498.jpg
Anurag Pal how is she forcefully making do engineering Shes trying to inspire If dont want to do it thats your choice but shes trying to encourage the ppl that do want to do it as career choice dont get how anything she does is forcefull,Hope_speech,Images_SD/SD_HS_0499.jpg
Racism is an individual trait Dont impose racism to certain group Obama won two times because of white votes Just because certain number of individual showed something wrong you can say that whole race is racist,Hope_speech,Images_SD/SD_HS_0500.jpg
All life matter Jesus tells us all life matter,Hope_speech,Images_SD/SD_HS_0501.jpg
God gave me choice and my choice is to love omg he was so pure wanna raise my kid to be like that kid Whoever his parent is,Hope_speech,Images_SD/SD_HS_0502.jpg
Obviously all lives matter the movement is saying that their lives AlSO matter When black people are being targeted and their trying to state that theyre black lives matter,Hope_speech,Images_SD/SD_HS_0503.jpg
ohhh your storys so relatable Dont give up What your doing is great,Hope_speech,Images_SD/SD_HS_0504.jpg
These kids are really mature and understanding nThe girl with short hair probably didnt grow up in environment that allowed her to develop her own opinions and values,Hope_speech,Images_SD/SD_HS_0505.jpg
Thank You For All YOUVE Done for Our Community,Hope_speech,Images_SD/SD_HS_0506.jpg
You are such an inspiration would buy this toy for my daughters too,Hope_speech,Images_SD/SD_HS_0507.jpg
The boy who said god gave us choice and my choice is to love is the purest,Hope_speech,Images_SD/SD_HS_0508.jpg
OmG love this talk Debbie that was amazing Lovely,Hope_speech,Images_SD/SD_HS_0509.jpg
All people of good character matter,Hope_speech,Images_SD/SD_HS_0510.jpg
the kid who said his choice is to love thats fantastic kid,Hope_speech,Images_SD/SD_HS_0511.jpg
This man is inspirational loved this,Hope_speech,Images_SD/SD_HS_0512.jpg
Only people can understand Madonna who has gone through so much pain as she did the battle losing her son and other emotional things,Hope_speech,Images_SD/SD_HS_0513.jpg
Im Catholic as well and the way some people abuse the bible in order to hurt others is abhorrent do not agree with conversion therapy at all,Hope_speech,Images_SD/SD_HS_0514.jpg
All life matter That simple,Hope_speech,Images_SD/SD_HS_0515.jpg
Ill be honest this speech did not inspire me She made it seem like they dont encourage women to do well in engineering As Chemical Engineering student have been nothing but supported by teachers and other classmates in my program to succeed and do well The STEM field wants more women in the field women just dont choose to be in the field The majority of women want to be in other careers like teaching or business Most of the girls that have talked to ask me why would want to be into major like this Its not problem of women not being encouraged to be in engineering,Hope_speech,Images_SD/SD_HS_0516.jpg
Thank you Im studying engineering right now and your speech inspire me lot,Hope_speech,Images_SD/SD_HS_0517.jpg
All Lives Matter,Hope_speech,Images_SD/SD_HS_0518.jpg
Saying dont agree with homosexuality is the equivalent of saying dont agree with left handed people,Hope_speech,Images_SD/SD_HS_0519.jpg
Im teenage girl now and im considering electronics engineering in the future How was it,Hope_speech,Images_SD/SD_HS_0520.jpg
she literally came out as bisexual,Hope_speech,Images_SD/SD_HS_0521.jpg
Rebekah nHonestly Think logically for two seconds nIf you were so nice and so caring,Hope_speech,Images_SD/SD_HS_0522.jpg
If said white lives matter itd be the same thing We all bleed one color,Hope_speech,Images_SD/SD_HS_0523.jpg
Sure wished played with legos as young child,Hope_speech,Images_SD/SD_HS_0524.jpg
the blm movement could do so much more to get respect out of the community,Hope_speech,Images_SD/SD_HS_0525.jpg
my choice is to love GIVE THIS KID SOME PRICE FOR THE BEST SENTENCE EVER,Hope_speech,Images_SD/SD_HS_0526.jpg
agree She seems to be in denial Being homosexual is not choice did not choose to be heterosexual,Hope_speech,Images_SD/SD_HS_0527.jpg
god gave us choice my choice is to loveni cried,Hope_speech,Images_SD/SD_HS_0528.jpg
Religion has no place in the 21st Century,Hope_speech,Images_SD/SD_HS_0529.jpg
It is absolutely cultural issue What great speech,Hope_speech,Images_SD/SD_HS_0530.jpg
All lives matter What the police done to George Floyd isnt right,Hope_speech,Images_SD/SD_HS_0531.jpg
Everyone on this episode was super insightful,Hope_speech,Images_SD/SD_HS_0532.jpg
ALL LIVES MATTER and that includes black lives enough said anyone that believes otherwise is ignorant and wrong,Hope_speech,Images_SD/SD_HS_0533.jpg
am girl when told my family about me doing engineering my brother saud to me get over your self girls dont do engineering well it kind broke my heart dont know what to do now,Hope_speech,Images_SD/SD_HS_0534.jpg
Yea All Lives Matter,Hope_speech,Images_SD/SD_HS_0535.jpg
People need to blame themselves for their own selfish bad behaviour,Hope_speech,Images_SD/SD_HS_0536.jpg
Black lives are included in all lives,Hope_speech,Images_SD/SD_HS_0537.jpg
Is conversion therapy illegal because it often times involves physical and mental abuse or do people just ignore that,Hope_speech,Images_SD/SD_HS_0538.jpg
She saved my life,Hope_speech,Images_SD/SD_HS_0539.jpg
If it wasnt for Truth or Dare wouldnt have come out unashamed and proud like did Madonna and that movie enabled me to be me from the start and save lots of time self hating Thank you,Hope_speech,Images_SD/SD_HS_0540.jpg
ALL LIVE MATTER All controversy over this is caused by racist bigots Black lives mater is racist statement and supports segregation Black lives matter supports black supremacy just as KKK supports white supremacy Black lives matter and KKK ate both equally racist Plain and simple,Hope_speech,Images_SD/SD_HS_0541.jpg
All lives do matter though,Hope_speech,Images_SD/SD_HS_0542.jpg
Tyrone Marcus god loves everyone no matter what,Hope_speech,Images_SD/SD_HS_0543.jpg
am bisexual came out of the closet years ago to tell my parents had crush on my BFF This was after had dates with boys My parents were okay with this cried because was afraid that they were the type of parents know other people have whod beat up their kid or kick them out of the house just for being LBGTQ Unfortunately,Hope_speech,Images_SD/SD_HS_0544.jpg
after watching this video feel more confident in me what have chosen in past Mechanical Engineering,Hope_speech,Images_SD/SD_HS_0545.jpg
im 12 years old and im bisexual,Hope_speech,Images_SD/SD_HS_0546.jpg
Tapiokapuddin It just means that you dont consider it okay but you dont care if others do and you still accept and respect them Its kind of like saying you dont agree with like politician and what they stand for or something but you dont hate or frown upon anyone who does Thats all,Hope_speech,Images_SD/SD_HS_0547.jpg
of the soul its refreshing to see such guys Most guys on these type of videos comment kitchen jokes Its not easy for women in STEM because they are constantly told to go back to the kitchen which is exactly why these videos are needed but even then manbabies tell you that your cognitive ability isnt any good even though they themselves cant do math,Hope_speech,Images_SD/SD_HS_0548.jpg
Im so proud for her,Hope_speech,Images_SD/SD_HS_0549.jpg
God gave us choice my choice is to love teared up,Hope_speech,Images_SD/SD_HS_0550.jpg
You can be anything,Hope_speech,Images_SD/SD_HS_0551.jpg
am doing aerospace engineering am in my first yearTbh was little doubtful but this video inspired me alot Thanks,Hope_speech,Images_SD/SD_HS_0552.jpg
Its not like feel can not because Im woman just dont want to and there is nothing wrong with that there is nothing can not do because Im woman this is just not the path want to take,Hope_speech,Images_SD/SD_HS_0553.jpg
If all lives matter to God,Hope_speech,Images_SD/SD_HS_0554.jpg
Everyone hating on the girl who disagrees with homosexuality needs to think of this from younger persons perspective Shes still child She hasnt matured and hasnt been able to experience enough to formulate her own opinions yet She may have beliefs based on how her parents raised her Doesnt mean shes homophobic,Hope_speech,Images_SD/SD_HS_0555.jpg
These comments are funny but please keep in mind shes human being,Hope_speech,Images_SD/SD_HS_0556.jpg
Do not give up hope not matter what,Hope_speech,Images_SD/SD_HS_0557.jpg
Yall need to stop this whole shes young shell come out of the closet eventually sounds lot like every conversation an lgbt survivor has had,Hope_speech,Images_SD/SD_HS_0558.jpg
Candra Rakhmasari nYES using religion to abuse someone and take away their rites goes against the golden rule Do onto others as you want done to you It goes against peace when treating people with hate It makes me so mad when people use religion to abuse other people,Hope_speech,Images_SD/SD_HS_0559.jpg
Jessica Walker think most people dont even know what you are trying to argue about agree with you Most people may or may not like homosexuals but its just an opinion its really not like they hate them personally dont support homosexuality but also dont hate them just dont support them in general do have one friend who is bi but dont really mind that hes bi just as long as he doesnt act odd around me Also,Hope_speech,Images_SD/SD_HS_0560.jpg
Its very special to understand the real meaning of life This flower is for madonna,Hope_speech,Images_SD/SD_HS_0561.jpg
To the ones who think or feel not all religious people are bad In this case we are assuming christianity for right know There are bad Christians no lie this is true but also lot of Christians are kind are excepting So be kind used to hate Christians because thought they would hate me back But realized not all of them will hate me,Hope_speech,Images_SD/SD_HS_0562.jpg
The definition of racism is when one colour is portrayed as more superior than another,Hope_speech,Images_SD/SD_HS_0563.jpg
just think love is love if you like boys you like boys if you like girls you like girls you dont have to change be yourself Im bi theres nothing wrong about it,Hope_speech,Images_SD/SD_HS_0564.jpg
swear Juan is secret Dem,Hope_speech,Images_SD/SD_HS_0565.jpg
Rebekah heterosexual Saying don agree with homosexuality seems to me so weird like don agree with redhaired people Homosexuals and redhaired people don need your blessing or permission You believe in your god if you want but,Hope_speech,Images_SD/SD_HS_0566.jpg
All Lives Matter,Hope_speech,Images_SD/SD_HS_0567.jpg
mdnayoure beacon of hope in dark unpredictable worldthank you for standing up and continuing the fight for changei love you,Hope_speech,Images_SD/SD_HS_0568.jpg
dont agree with homosexuality sounds as stupid as dont agree with being Its fact about someone,Hope_speech,Images_SD/SD_HS_0569.jpg
What is wrong with you people nThese are kids You are all sick,Hope_speech,Images_SD/SD_HS_0570.jpg
All lives matter That includes black lives We need to get on our knees and seek God and his will Putting God first in life is putting your self first God has your best interest in mind You are important to God,Hope_speech,Images_SD/SD_HS_0571.jpg
Im hispanic female studying computer science,Hope_speech,Images_SD/SD_HS_0572.jpg
So were supposed to feel bad for black people Get outta here Sanders all lives matter where all equal,Hope_speech,Images_SD/SD_HS_0573.jpg
Im guy and played Barbie doll when was kid But chose electrical engineering to be my major while was in college And now Im engineer Hahaha still think Barbie dolls are pretty Whats wrong with guys playing Barbie,Hope_speech,Images_SD/SD_HS_0574.jpg
This was extremely inspiring,Hope_speech,Images_SD/SD_HS_0575.jpg
Pretty and smart,Hope_speech,Images_SD/SD_HS_0576.jpg
The fact is that racism points fingers in All directions There are both good and bad people of all cultures and nationalities To say ALL LIVES MATTER does NOT exclude African Americans It would be constructive peaceful way of bringing us ALL as equals Now ALL LIVES MATTER would promote putting an end to racism once and for all,Hope_speech,Images_SD/SD_HS_0577.jpg
KNEW SHE MADE GOLDIBLOCKS was thinking that while she was talking about trying to get girls interested in engineering,Hope_speech,Images_SD/SD_HS_0578.jpg
Weather your white or black just think for solitary second suppose you were white and it is all of sudden that it was illegal to say all live matter and only black lives matter was allowed to matter how would that make your kind feelnnIf were all of you would heavily think about not caring for only one nationality one race and only one skin color and think about each and every ounce of life that is on this planet because every single day everyone is killing one another and if you all dont stop its going to keep on going until there is no more life on this planet nnAll life matters because all life is precious nnLike Hannity said if you all dont have the courage to speak out and say ALL Lives MATTER then you all are political racist cowereds nnGod bless you Hannity,Hope_speech,Images_SD/SD_HS_0579.jpg
Since when LIfe was defined by the colour of the skin of it Holder in this society everyone can live the LIfe they envisionMorgan Freeman and Denzel Washington are examples of this Claim,Hope_speech,Images_SD/SD_HS_0580.jpg
am really glad that Imanaged to see this video ITs nice to know that engineering is not only for nerds and geeks Its for anyone who would like to put some effort,Hope_speech,Images_SD/SD_HS_0581.jpg
This made me cry Im Hispanic,Hope_speech,Images_SD/SD_HS_0582.jpg
God gave us choice my choice is to love would die for that kid,Hope_speech,Images_SD/SD_HS_0583.jpg
It would have been nice Im female engineer but no work will take me in So,Hope_speech,Images_SD/SD_HS_0584.jpg
know there is some sexism in the workforce and there is no doubt about that But the thing that hate is that these people are basically saying with all these stupid percentages that men need to change and help women into engineering and men are the problem that there arent really any women in that field And that is completely wrong the main reason that there arent any women in engineering is because women just dont choose to go into that line of work its as simple as that,Hope_speech,Images_SD/SD_HS_0585.jpg
Just leave her alone She wouldnt want to look at the comment finding people asking about her sexuality because thats weird Its none of our business,Hope_speech,Images_SD/SD_HS_0586.jpg
Jesus died on the cross for all of us,Hope_speech,Images_SD/SD_HS_0587.jpg
thought all lives mattered,Hope_speech,Images_SD/SD_HS_0588.jpg
100 sounds like something my daughter would LOVE She is always building and making things out of boxes and tape and paper and pretty much anything she can get her hands on,Hope_speech,Images_SD/SD_HS_0589.jpg
Johnson nHer comment wasnt emotional at allnIt pointed out the reality you are ignoring moronWomen get uncomfortable when theyre treated unfairly and that is somehow their fault So instead of killing off sexism women in your world should just put up with itnOK,Hope_speech,Images_SD/SD_HS_0590.jpg
by peaceful protests not violence or criminal damage,Hope_speech,Images_SD/SD_HS_0591.jpg
Great Thoughts with positive outcomes and Inspiring new generation,Hope_speech,Images_SD/SD_HS_0592.jpg
was going for brainless,Hope_speech,Images_SD/SD_HS_0593.jpg
Im sorry to say this but dont think that she can do very much in order to inspire girls to become engineers with her product as it still heavily relies on the parents buying them believe that the real issue isnt getting girls interested in engineering but rather to prevent parents from pushing their kids into stereotypical roles because think that the families that buy Miss Sterlings books are the same that would have also gotten their girls variety of toys,Hope_speech,Images_SD/SD_HS_0594.jpg
literally started crying out of happiness you go girl the world is ready for some change and we are no longer afraid to make it,Hope_speech,Images_SD/SD_HS_0595.jpg
She literally introduced the world to the ballroom scenes Especially in time when homosexuality was taboo,Hope_speech,Images_SD/SD_HS_0596.jpg
Blue Lives Matter Black Lives Matter Hispanic Lives Matter Asian Lives Matter White Lives Matter ETCAll Lives Matter Defend the Police Reduce crime Stop resisting arrest Stop talking back Obey the Law Respect the Police and anyone in Authority Simple Rule Criminals are like Children You need to punish bad behaviors Law and Order and JusticeA Civilized Society,Hope_speech,Images_SD/SD_HS_0597.jpg
Ita about how hard you work,Hope_speech,Images_SD/SD_HS_0598.jpg
totally agree all lives matter,Hope_speech,Images_SD/SD_HS_0599.jpg
My choice is to love and live life,Hope_speech,Images_SD/SD_HS_0600.jpg
Guess how came out of the closet Well didnt have to My ex best friend did it for me And guess what she did She was the first person told,Hope_speech,Images_SD/SD_HS_0601.jpg
Im atheist and still support and agree with the LGBTQ community,Hope_speech,Images_SD/SD_HS_0602.jpg
ALL LIVES MATTER Any thing else is racist,Hope_speech,Images_SD/SD_HS_0603.jpg
Well she was fighting for us in the mainstream media when no one was,Hope_speech,Images_SD/SD_HS_0604.jpg
All lives matter is better than black lives matter All lives matter included black lives,Hope_speech,Images_SD/SD_HS_0605.jpg
GUESS WHAT feminism IS about empowering women and if didnt watch the video,Hope_speech,Images_SD/SD_HS_0606.jpg
Rebekah also If loving someone will send me to ever lasting tormmet Than taking that hell loved in love Ive had it for life time and if had choice thtta if love someone Ill be sent away to hell Im gonna love that person with all my heart No matter the hell Ill experience,Hope_speech,Images_SD/SD_HS_0607.jpg
This is great As middle school science teacher know and see how our culture does not seem to support females in science Ive started engineering projects this year and they have been well received by all boys and girlsnnIn reply to the comment about men not being in elementary Ed dont see men as not being encouraged to be teachers There is no culture saying men arent smart enough to be teachers However it seems girls may think they are not smart enough lot of it is misconceptions about what engineers are and donnIn response to the victim comment She is being an example for young girls that even if you are told you cant do something you should try again and not give up Teaching young girls to persevere and work hard is not bad thing,Hope_speech,Images_SD/SD_HS_0608.jpg
As woman studying engineering,Hope_speech,Images_SD/SD_HS_0609.jpg
All lives matter speak for all black people when apologize for BLM,Hope_speech,Images_SD/SD_HS_0610.jpg
How did it go Please dont give up,Hope_speech,Images_SD/SD_HS_0611.jpg
mensah if black lives matter how do you take out the black from BLOOD What makes person BLACK my son is white but looks black,Hope_speech,Images_SD/SD_HS_0612.jpg
We all cannot dismiss the influence she has had in the progress for change in LGBTQ rights,Hope_speech,Images_SD/SD_HS_0613.jpg
All lives matter one race is not above another,Hope_speech,Images_SD/SD_HS_0614.jpg
We are so lucky and fortunate to have someone so smart and so dedicated to us and the cause,Hope_speech,Images_SD/SD_HS_0615.jpg
God gave us choice and chose to love EXCUSE ME WHILE GO CRY THIS KID IS TOO CUTE,Hope_speech,Images_SD/SD_HS_0616.jpg
feel sorry for her being raised in that kind of environment,Hope_speech,Images_SD/SD_HS_0617.jpg
wont give up bc were there for me and you continue here have to fight too,Hope_speech,Images_SD/SD_HS_0618.jpg
dont really get it when ppl say they dont agree with homosexuality Even when its said in the most respectful way possible Like what is there to disagree with If youre not hurting anybody let em be,Hope_speech,Images_SD/SD_HS_0619.jpg
im womannThis is all nice and dardy,Hope_speech,Images_SD/SD_HS_0620.jpg
Im currently doing civil engineering im girl and im on wheelchair which makes it even worse everone looks ar me like Im crazy how are you going to go on site those are the few demoralizing question get and this video made me cry so much And have to say it is not fair there are more boys than girls it is intimidating,Hope_speech,Images_SD/SD_HS_0621.jpg
Watching this video just made my day Im planning on being software engineer and was scared about how hard it is and how girls cant be in that field and all that But right now,Hope_speech,Images_SD/SD_HS_0622.jpg
Why ever bother to come out,Hope_speech,Images_SD/SD_HS_0623.jpg
Yo for real why do all of you guys care so much about what her sexuality is gonna be Because she has short hair and wears cuff jeans lot of people wear cuff jeans and have short hair that arent LGBT Im okay if she does become LGBT,Hope_speech,Images_SD/SD_HS_0624.jpg
yeah because he was being abused and starved at 14 thats illegal,Hope_speech,Images_SD/SD_HS_0625.jpg
All lives matter Did God tell them something more that he didnt tell the rest of us There are some parts of this country that they havent seen how impoverished these areas are,Hope_speech,Images_SD/SD_HS_0626.jpg
The girl with the red sweater handled that conversation SO WELL am LGBTQ and wouldnt have been offended having conversation with her She was nice and still respected the guy,Hope_speech,Images_SD/SD_HS_0627.jpg
ALL LIVES MATTER If you feel as if you deserve more well get up off your Put your guns down stop killing and robbing,Hope_speech,Images_SD/SD_HS_0628.jpg
Having homossexual relationships used to be normal in old Greecer The Spartans accepted it as way of creating bond between warriors,Hope_speech,Images_SD/SD_HS_0629.jpg
Davis Im not white and believe that all lives matter Isnt it bit racist to assume that all black people agree with your values,Hope_speech,Images_SD/SD_HS_0630.jpg
we need to all join together ALL LIVES MATTERS,Hope_speech,Images_SD/SD_HS_0631.jpg
im not saying racism doest exist butwhen you generalize all of one race that is racismits black and whitenwhen we stop racism then all lives matter,Hope_speech,Images_SD/SD_HS_0632.jpg
yamiGAJw queer is basically an umbrella term for someone who is not straight or not cis cis means someone who identifies with the gender they were assigned at birth,Hope_speech,Images_SD/SD_HS_0633.jpg
dont believe in lying about yourself to make other people happy Spot on,Hope_speech,Images_SD/SD_HS_0634.jpg
NELICOPTER Ikr they always do this dont understand why they think its so amazing that if they work in specific job if theyre females,Hope_speech,Images_SD/SD_HS_0635.jpg
What an inspiration,Hope_speech,Images_SD/SD_HS_0636.jpg
This is absolutely amazing cant express enough how much good this attitude is doing the world,Hope_speech,Images_SD/SD_HS_0637.jpg
All lives matter and how Because when we stand before out maker we will answer for every life every soul we Pass and mistreat Whole wor going to hell in hand basket grandma use to say Be prepared to answer for those you hurt or mistreat or lead astray,Hope_speech,Images_SD/SD_HS_0638.jpg
Corpus Thats good Still along way to go though,Hope_speech,Images_SD/SD_HS_0639.jpg
mensah Get Over Yourself because we all live and die Just look for PEOPLE NOT COLOR,Hope_speech,Images_SD/SD_HS_0640.jpg
What about the lack of women in construction,Hope_speech,Images_SD/SD_HS_0641.jpg
Lehman So it would be ok for group of allwhite people to walk around with banners that say White lives matter and shout it out to all black peoplewhite people die tooand we know its sad and enraging and emotional but we cant afford to seperate ourselves like thatseperation and segregation IS racismdont fight racism by being racistjust be Human All lives matter,Hope_speech,Images_SD/SD_HS_0642.jpg
so scared cry ever night praying my friend will be ok praying nothing happens just cause shes not the colour of me dont mean not there for her she the only person loved with my whole heart thats not my family but she like sister to me,Hope_speech,Images_SD/SD_HS_0643.jpg
Stop treating people of different races differently and demanding bias in favor of certain races Duh,Hope_speech,Images_SD/SD_HS_0644.jpg
Its really amazing how reality changed recently study civil engeenering and the bilans between female and male is around 5050 and its normal,Hope_speech,Images_SD/SD_HS_0645.jpg
Im an LGBTQ kid dont know if Im bi or lesbian,Hope_speech,Images_SD/SD_HS_0646.jpg
my choice is to love,Hope_speech,Images_SD/SD_HS_0647.jpg
