text,label,image
If ur lgbt and ur parents are like his urge you to not come out until you are old enough so you know safe place to go or old enough to leave,Hope_speech,Images_SD/SD_HS_0498.jpg
know You should treat people as people and not colors,Hope_speech,Images_SD/SD_HS_0073.jpg
This whole conversion therapy thing is messed up It makes all Christians look like terrible people even though God says to love everyone,Hope_speech,Images_SD/SD_HS_0466.jpg
Jessica Walker think most people dont even know what you are trying to argue about agree with you Most people may or may not like homosexuals but its just an opinion its really not like they hate them personally dont support homosexuality but also dont hate them just dont support them in general do have one friend who is bi but dont really mind that hes bi just as long as he doesnt act odd around me Also,Hope_speech,Images_SD/SD_HS_0560.jpg
Its very special to understand the real meaning of life This flower is for madonna,Hope_speech,Images_SD/SD_HS_0561.jpg
We are all Childs of God STOP politics divide us,Hope_speech,Images_SD/SD_HS_0020.jpg
am die hard Atheist and was raised in christian home 18 years until left for college recently got into debate with some bible bashing door knockers explained that knew about Christianity and all the lies that it promise me and never game me told them Jesus hates,Non_hope_speech,Images_SD/SD_NHS_0252.jpg
Im black american and agree with you All lives matter cause God would want us to say and stand by that,Hope_speech,Images_SD/SD_HS_0028.jpg
Rebekah nHonestly Think logically for two seconds nIf you were so nice and so caring,Hope_speech,Images_SD/SD_HS_0522.jpg
As we see nearly years on,Non_hope_speech,Images_SD/SD_NHS_0616.jpg
Sasha Dumse no god makes people fall in love with each other their own hearts and feelings do,Non_hope_speech,Images_SD/SD_NHS_0090.jpg
If youre 25 and youve been straight all your life,Non_hope_speech,Images_SD/SD_NHS_0620.jpg
Have whole lotta hope,Non_hope_speech,Images_SD/SD_NHS_0525.jpg
Can you link the source Really need it atm,Non_hope_speech,Images_SD/SD_NHS_0462.jpg
RESPECT LGBTQ PEOPLE SUPPORTING YALL TILL MY LOVE GIVES OUT :star-struck:,Hope_speech,Images_SD/SD_HS_0428.jpg
Replace it with george floyd statue,Non_hope_speech,Images_SD/SD_NHS_0171.jpg
Men think with their brains and women think with their emotionsnnThinking with emotions is semantically invalid statement If you mean to say that women react impulsively to their emotions,Non_hope_speech,Images_SD/SD_NHS_0451.jpg
yall are talking about the girl that said dont agree with homosexualality but my best bet is that shes part of the lgbtq community and is just trying her best to hide her true sexuality because shes scared or ashamed that she wont be accepted,Non_hope_speech,Images_SD/SD_NHS_0332.jpg
Why is she dressed like Michael Jackson,Non_hope_speech,Images_SD/SD_NHS_0469.jpg
Where is the law here Anyone can do anything Where is democracy BTW dont like the statue and think it was bad to have it in the first place But my question is still valid This is not the way This is anarchy,Hope_speech,Images_SD/SD_HS_0227.jpg
This inspired me so much As CS major,Hope_speech,Images_SD/SD_HS_0162.jpg
GUESS WHAT feminism IS about empowering women and if didnt watch the video,Hope_speech,Images_SD/SD_HS_0606.jpg
remember when she performed cpr on me after rescuing me from the water,Hope_speech,Images_SD/SD_HS_0439.jpg
mean you cant really choose who you fall in love with maybe she was just bi all along,Hope_speech,Images_SD/SD_HS_0191.jpg
feel sorry for her being raised in that kind of environment,Hope_speech,Images_SD/SD_HS_0617.jpg
JESUS CHRIST died for all lives from Adam to the last person born on earth ALL LIVES MATTER,Hope_speech,Images_SD/SD_HS_0311.jpg
What seems SATANIC here is you,Non_hope_speech,Images_SD/SD_NHS_0496.jpg
Wtf is up with the negativity by men here Just because shes building toys for girls and encouraging them to go for engineering majors,Hope_speech,Images_SD/SD_HS_0468.jpg
Sam Abesh Lol yeah Ive been taken off lists to visit hangars before take aerospace eng and when asked why,Non_hope_speech,Images_SD/SD_NHS_0123.jpg
Every being is essentially justified by the mere fact it exists That is universal truth Then beings come to relative arrangements among themselves,Hope_speech,Images_SD/SD_HS_0084.jpg
Its ridiculous to believe all lives do not Matter JESUS died on the cross for we are all Gods Children,Non_hope_speech,Images_SD/SD_NHS_0302.jpg
relate to her so much,Hope_speech,Images_SD/SD_HS_0480.jpg
that would just be uhhhpUrE mEaN,Non_hope_speech,Images_SD/SD_NHS_0497.jpg
Just leave her alone She wouldnt want to look at the comment finding people asking about her sexuality because thats weird Its none of our business,Hope_speech,Images_SD/SD_HS_0586.jpg
This is great video As female engineer run into all of these struggles on daily basis also had hard time learning spatial skills and struggled in drawingCAD class GoldieBlox is great first step to helping get more girls interested in engineering and build their confidence in STEM,Hope_speech,Images_SD/SD_HS_0309.jpg
All lives matter if you judge any act for the color of skin regardless what color you are YOU ARE RACEST plane and simple,Non_hope_speech,Images_SD/SD_NHS_0044.jpg
leaving the world isnt as scary as it sounds,Non_hope_speech,Images_SD/SD_NHS_0043.jpg
Clip No they dont,Non_hope_speech,Images_SD/SD_NHS_0231.jpg
USA is imploding,Non_hope_speech,Images_SD/SD_NHS_0085.jpg
Listen to Yuri Bezmenov on Youtube Back in 1984 he explains what is happening now in 2020 am scared of communism and Antifa even here in Scandinavia,Non_hope_speech,Images_SD/SD_NHS_0639.jpg
They already up to do it morons,Non_hope_speech,Images_SD/SD_NHS_0502.jpg
Id just yeet the book back at them,Non_hope_speech,Images_SD/SD_NHS_0404.jpg
She saved mine as well Thank you with all my heart,Hope_speech,Images_SD/SD_HS_0244.jpg
She is cool and inspiring too,Hope_speech,Images_SD/SD_HS_0372.jpg
Tagerius well thats something at least,Non_hope_speech,Images_SD/SD_NHS_0424.jpg
Wow This is amazing You are changing the world for better,Hope_speech,Images_SD/SD_HS_0139.jpg
wanna be civil engineer too Youre not alone Go ahead You can do it,Hope_speech,Images_SD/SD_HS_0444.jpg
Ben Lynch but that sailor was just living his life,Non_hope_speech,Images_SD/SD_NHS_0646.jpg
Ita about how hard you work,Hope_speech,Images_SD/SD_HS_0598.jpg
its nothing about racismits about people who want to do work for theyre living and those who wants everything to come free crime doesnt pay is the lesson from this but people turns now it around and whine about every hammeroid that they got from sitting their whole life this is sick shit and so fucked up,Non_hope_speech,Images_SD/SD_NHS_0125.jpg
All lives matter says God,Hope_speech,Images_SD/SD_HS_0340.jpg
would tell her to shut up and sing but dont think she can sing anymore cans she Wasnt the best to begin with Lady Gaga is much better think gays need to stick with Gaga,Non_hope_speech,Images_SD/SD_NHS_0630.jpg
Thank you for sharing such an inspiring story of yours am Filipina,Hope_speech,Images_SD/SD_HS_0246.jpg
BobbityBob19 Priti Patel is priti fit,Non_hope_speech,Images_SD/SD_NHS_0130.jpg
Im atheist and still support and agree with the LGBTQ community,Hope_speech,Images_SD/SD_HS_0602.jpg
Stone Agreed She really should have gotten it first Bill Clinton certainly did advocate for LGBTQ rights but not until much later Madonna was doing it long before it was fashionable,Hope_speech,Images_SD/SD_HS_0068.jpg
People are allowed to have opinions :person shrugging: Most likely she gained that opinion from family membersreligion Even if not theres no need to shame her for having an opinion,Non_hope_speech,Images_SD/SD_NHS_0270.jpg
and MSNBC is the Left version of Fox,Non_hope_speech,Images_SD/SD_NHS_0035.jpg
Posidonlusional because ALM isnt addressing the concerns of BLM BLM is trying to fix various problems in the black community,Non_hope_speech,Images_SD/SD_NHS_0626.jpg
literally started crying out of happiness you go girl the world is ready for some change and we are no longer afraid to make it,Hope_speech,Images_SD/SD_HS_0595.jpg
Rhodesia is name only used by bitter white former colonists who can move on with their lives,Non_hope_speech,Images_SD/SD_NHS_0402.jpg
There is no one way that engineers dress,Non_hope_speech,Images_SD/SD_NHS_0164.jpg
Religion is between you and God You dont have to force it on someone OR hate on anybody because they think differently,Hope_speech,Images_SD/SD_HS_0482.jpg
Princess Di liberals love promises like PLANS,Non_hope_speech,Images_SD/SD_NHS_0101.jpg
She is now she came out few months back and Im there for it,Hope_speech,Images_SD/SD_HS_0263.jpg
was lucky to have parents that let me play with construction toys,Hope_speech,Images_SD/SD_HS_0112.jpg
My inspiration,Hope_speech,Images_SD/SD_HS_0176.jpg
Through all the years her music got me through some tough sht will always be grateful :orange heart:,Hope_speech,Images_SD/SD_HS_0366.jpg
God loves us all lets move on and FIX the citiesnTroops home spent on all communitiesnGood luck from Australia,Non_hope_speech,Images_SD/SD_NHS_0316.jpg
You cant get wand and be like Bippity Boppity Boo,Non_hope_speech,Images_SD/SD_NHS_0477.jpg
Chance Mckinney used to do that before even thought that might be bi but still dont know,Non_hope_speech,Images_SD/SD_NHS_0282.jpg
ALL LIVES MATTERS we should be in this movement not there were only there kind matters,Hope_speech,Images_SD/SD_HS_0306.jpg
pray to get the chance to thank her for keeping me alive during very bad time in my life as young teen She is legend beyond legends Thank you Madonna,Hope_speech,Images_SD/SD_HS_0213.jpg
well it is book its written or printed work consisting of pages glued or sewn together along one side and bound in covers thats book,Non_hope_speech,Images_SD/SD_NHS_0133.jpg
Shes so about on the verge of tears This is PURE Shes an awesome human being love you MadonnanThanks for all youve done came out this year,Hope_speech,Images_SD/SD_HS_0251.jpg
OmG love this talk Debbie that was amazing Lovely,Hope_speech,Images_SD/SD_HS_0509.jpg
If Black Lives Matter then WHY are so many black babies being ABORTED Dont they matter as well Im all for ALL LIVES MATTER,Non_hope_speech,Images_SD/SD_NHS_0362.jpg
Keep hanging in there totally get you darling am doing Electrical engineering am african so get you,Hope_speech,Images_SD/SD_HS_0389.jpg
am rooting for you Dont listen to naysayers If you want to be gaming scientist,Hope_speech,Images_SD/SD_HS_0378.jpg
Its not controversial to say all lives matter Haha thats nuts:face with hand over mouth:,Non_hope_speech,Images_SD/SD_NHS_0166.jpg
HardynFine Any argument you put up can be disproved Go ahead Shoot By the way,Non_hope_speech,Images_SD/SD_NHS_0506.jpg
Chloe Faye mean they are there to hear his story,Non_hope_speech,Images_SD/SD_NHS_0156.jpg
BOOOO WE WANT EQUALITY BUT LETS BE RACIST TO EVERYONE ELSE WHO ISNT OUR SKIN COLOR BOOOOO,Non_hope_speech,Images_SD/SD_NHS_0011.jpg
Until we start to acknowledge that we systematically oppress and discriminate against blacks,Non_hope_speech,Images_SD/SD_NHS_0129.jpg
God gave us choice my choice is to love teared up,Hope_speech,Images_SD/SD_HS_0550.jpg
TA If you are getting good marks then it will shut them up And if your marks are poor then it is understandable why they think that but still not okay,Non_hope_speech,Images_SD/SD_NHS_0527.jpg
hans kasper No one ever said white lives doesnt matter Why dont white Americans start their own protest instead of trying to forcefully join and switch the agenda In no way is it double standard,Non_hope_speech,Images_SD/SD_NHS_0530.jpg
Prayer Corner nI understand and agree 100 whith what youre saying and Im also proud ChristiannI was just saying that the people the commenter asked about must have some power if the higher authorities are covering up their mistakes instead of taking the correct actions against themnI listen to and admire alot of priests and what they say and how they livenMy point was that alot of people follow the leaders of the religion any religion blindly,Hope_speech,Images_SD/SD_HS_0448.jpg
god gave us choice,Non_hope_speech,Images_SD/SD_NHS_0334.jpg
cant we just be excellent to each other and party on,Non_hope_speech,Images_SD/SD_NHS_0254.jpg
Slavery the most heinous and disgusting crimes ever We cant honour slave traders as heroes,Hope_speech,Images_SD/SD_HS_0069.jpg
KNEW SHE MADE GOLDIBLOCKS was thinking that while she was talking about trying to get girls interested in engineering,Hope_speech,Images_SD/SD_HS_0578.jpg
cant imagine family putting their child thru tortuous conversion program Embrace and love your kids for who they are,Hope_speech,Images_SD/SD_HS_0255.jpg
agree that there are some bad cops yes Ill admit it But most are good agree George shouldnt have been killed but it seems the cop just over estimated his strength,Hope_speech,Images_SD/SD_HS_0398.jpg
And women in engineering are perfectly competent agree,Hope_speech,Images_SD/SD_HS_0407.jpg
and throwing away boxsets of roots,Non_hope_speech,Images_SD/SD_NHS_0398.jpg
All Lives Matter,Hope_speech,Images_SD/SD_HS_0392.jpg
Im computer science major and feel the same way Im often visibly one of only two or three assume women in the lectures of 100 Computing related students,Hope_speech,Images_SD/SD_HS_0026.jpg
will always be thankful for Madonna Shes reason Im not afraid to be me even have portrait of her,Hope_speech,Images_SD/SD_HS_0172.jpg
Pritchard not true,Non_hope_speech,Images_SD/SD_NHS_0595.jpg
am pursuing electrical engineering and donno why this brought me in tears,Hope_speech,Images_SD/SD_HS_0050.jpg
But she clearly says that she doesnt agree with homosexuality,Non_hope_speech,Images_SD/SD_NHS_0168.jpg
Rahi Da Silva you straight up took the words out my mouth brother Thanks brother,Non_hope_speech,Images_SD/SD_NHS_0224.jpg
Davis Im not white and believe that all lives matter Isnt it bit racist to assume that all black people agree with your values,Hope_speech,Images_SD/SD_HS_0630.jpg
Madonna its time to visit your dentist and get some teeth whitening,Non_hope_speech,Images_SD/SD_NHS_0315.jpg
Repent for what Are we casting stones What did Jesus say about that Hypocrite,Non_hope_speech,Images_SD/SD_NHS_0175.jpg
It wasnt erected as symbol of slavery it wasnt symbol of racial profiling it was erected as historical significance for what he did to help build in the city on the basis of your argument youd have idiots destroying 90 of all historical buildings and monuments in the uk Protest peacefully not ok to go around defacing property as mass mob Abide by the law or face the consequencesstupid sheeple committing crimes an eye for an eye is not acceptable democracy and justice is,Hope_speech,Images_SD/SD_HS_0260.jpg
that would just be,Non_hope_speech,Images_SD/SD_NHS_0188.jpg
Charlotte Hansen Im Christian and my job is to love everyone no matter what makes them different from me These kids are so cute and very respectful,Hope_speech,Images_SD/SD_HS_0424.jpg
What disgraceful time Bring back the 80s please,Non_hope_speech,Images_SD/SD_NHS_0322.jpg
doubt everyone in the world would choose to be homosexual so calm down honey,Non_hope_speech,Images_SD/SD_NHS_0468.jpg
FBLM TAG THE BATHROOM WALLS AROUND THE WORLD,Non_hope_speech,Images_SD/SD_NHS_0534.jpg
Anurag Pal how is she forcefully making do engineering Shes trying to inspire If dont want to do it thats your choice but shes trying to encourage the ppl that do want to do it as career choice dont get how anything she does is forcefull,Hope_speech,Images_SD/SD_HS_0499.jpg
Griffin god is not our creator hes is figure conjured up by the human mind to explain things that long time ago we didnt understand like how we came to be and how the earth was formed,Non_hope_speech,Images_SD/SD_NHS_0064.jpg
Love Wins have always thought that grew up with her and her music Music today is auto tuned BS They call her old,Hope_speech,Images_SD/SD_HS_0470.jpg
swear Juan is secret Dem,Hope_speech,Images_SD/SD_HS_0565.jpg
my guy true shit,Non_hope_speech,Images_SD/SD_NHS_0541.jpg
Can we please stop stereotyping homosexual women looks Thank you,Hope_speech,Images_SD/SD_HS_0291.jpg
Again He got killed for using false money,Non_hope_speech,Images_SD/SD_NHS_0557.jpg
We are all equal in the eyes of our Lord God and Lord Jesus ALL LIVES MATTER,Hope_speech,Images_SD/SD_HS_0115.jpg
How easy is it to amend the constitution to remove term limits Im not American so wouldnt know feel as long as the president is democratically elected,Hope_speech,Images_SD/SD_HS_0048.jpg
cant believe that people like me are put through such abuse It breaks my spirit,Hope_speech,Images_SD/SD_HS_0293.jpg
dont just get people tearing down historic concentration camps Some things serve purpose of education and reflection on past atrocities the statue is not an ACTIVE and 21st century racist icon,Non_hope_speech,Images_SD/SD_NHS_0635.jpg
wouldnt stop laughing for years if all the people doing this died from C19,Non_hope_speech,Images_SD/SD_NHS_0098.jpg
Haskins if you wear mask youre an idiot Hinder your immune system ans get hypercapnia Lol,Non_hope_speech,Images_SD/SD_NHS_0163.jpg
No offense but what does Asians have to do with this No hate tho Im Asian myself,Non_hope_speech,Images_SD/SD_NHS_0022.jpg
dont understand how people can just not agree with homosexuality like its not something you agree with you just have to accept it because thats just how some people are,Hope_speech,Images_SD/SD_HS_0327.jpg
love how YouTube once again didnt notify me of this live event,Non_hope_speech,Images_SD/SD_NHS_0223.jpg
The sheriff is correct black lives matter has been destructive in its naturen This ideology that they give people is very misleadingnnnAll lives matter if you put color in front of it you yourself are separating segregating and potentially have become racist or biased on one group of persons by their color of their skin,Non_hope_speech,Images_SD/SD_NHS_0172.jpg
want to add that this is highly inspiring to that choice,Hope_speech,Images_SD/SD_HS_0029.jpg
YouTube Account it is her right to think that though She isnt stopping anyone from using their rights,Hope_speech,Images_SD/SD_HS_0369.jpg
My choice is to love and live life,Hope_speech,Images_SD/SD_HS_0600.jpg
All Lives Matter,Hope_speech,Images_SD/SD_HS_0518.jpg
Diana finally an opened minded Christian thank god for you We need more people like you in this world,Hope_speech,Images_SD/SD_HS_0088.jpg
race that has done nothing for the betterment of mankind certainly has lot to say,Non_hope_speech,Images_SD/SD_NHS_0384.jpg
SHE LITERALLY SUPPORTED THE LGBT COMMUNITY BEFORE ANYBODY EVER DID PEOPLE DONT UNDERTAND HOW IT WASNT COOL OR TRENDY TO SUPPORT THEM,Hope_speech,Images_SD/SD_HS_0441.jpg
just wanted to send you ie Debbie word of encouragement,Hope_speech,Images_SD/SD_HS_0022.jpg
willholt11 Omg you are so dumb,Non_hope_speech,Images_SD/SD_NHS_0062.jpg
Such passionate woman She is so under appreciated One day shell be gone,Non_hope_speech,Images_SD/SD_NHS_0234.jpg
Im Christian but agree and support homosexuality and the LGBTQ community understand that everyone is different and is free to believe in what they want but if you are against homosexuality because of the bible then simply think of how God would much prefer you to spread kindness than hate At the end of the day if you dont agree with it then simply keep it to yourself and think before you spread hate,Hope_speech,Images_SD/SD_HS_0035.jpg
David McDonial thats shame They way you react tells me other wise But ur not the only person in the world who lies to themselfs Its common forgive you,Non_hope_speech,Images_SD/SD_NHS_0240.jpg
yes they did Except thankfully that never actually happened,Non_hope_speech,Images_SD/SD_NHS_0529.jpg
Never said that but ok,Non_hope_speech,Images_SD/SD_NHS_0347.jpg
God wants understanding and acceptance of others Thats it Literally the number one rule is love thy neighbor nThese people Smh,Hope_speech,Images_SD/SD_HS_0216.jpg
Sheriff Clarke is awesome Whoring for votes Plantation Politics Im going to use those quotes later,Non_hope_speech,Images_SD/SD_NHS_0076.jpg
Yeah all lives matter dude that includes black lives ALL means every what is it just like ofcourse every life matters besides black lives so we absolutely need to call it black lives matter to make people realize that or am right and black lives matter is racist,Hope_speech,Images_SD/SD_HS_0195.jpg
am kid who dreams of being an aerospace engineer at nasa,Hope_speech,Images_SD/SD_HS_0308.jpg
id yeet dictionary at them,Non_hope_speech,Images_SD/SD_NHS_0399.jpg
find it difficult to say that hate Islamic culture but not the individual people,Hope_speech,Images_SD/SD_HS_0301.jpg
We are equal humans nAll of us are equaln:handshake::handshake::handshake::handshake::handshake::handshake::handshake:,Hope_speech,Images_SD/SD_HS_0393.jpg
Butter So her jeans defines her sexuality now Waoh,Non_hope_speech,Images_SD/SD_NHS_0120.jpg
Gotta appreciate that when Juan Williams was talking literally everyone interrupted him gotta love fox for not letting people speak,Non_hope_speech,Images_SD/SD_NHS_0095.jpg
Skrezo Loving the same gender is sin Then good chunk of the population is sinner There is nothing wrong with being LGBTQ,Hope_speech,Images_SD/SD_HS_0336.jpg
The Democratic Party is more dangerous to America than ISIS,Hope_speech,Images_SD/SD_HS_0101.jpg
George Floyd held gun on pregnant woman dressed as cop Whats wrong with you,Non_hope_speech,Images_SD/SD_NHS_0516.jpg
Im senior high school girl want to become successful civil engineer This talk gives me courage Thanks debbie you inspire me more,Hope_speech,Images_SD/SD_HS_0123.jpg
RL Noob ikr that audience is happy and all when someone stands for their own race but when its different race they get all defensive and make themselves look like the victim,Non_hope_speech,Images_SD/SD_NHS_0475.jpg
Black lives Black Vote,Non_hope_speech,Images_SD/SD_NHS_0561.jpg
came out and started dating my best friend,Hope_speech,Images_SD/SD_HS_0166.jpg
Yall need to stop this whole shes young shell come out of the closet eventually sounds lot like every conversation an lgbt survivor has had,Hope_speech,Images_SD/SD_HS_0558.jpg
All lives matter to God including the unborn Its time to stop calling this country racist Do you remember what color our last president was And remember there was only one Martin Luther King Jr Dont try to reincarnate him God rest his soul,Hope_speech,Images_SD/SD_HS_0355.jpg
Wilson It means,Non_hope_speech,Images_SD/SD_NHS_0412.jpg
CNN analyst Juan Williams,Non_hope_speech,Images_SD/SD_NHS_0005.jpg
ALL lives matterincluding the unborn,Hope_speech,Images_SD/SD_HS_0037.jpg
All Lives Matter Not Just Black,Hope_speech,Images_SD/SD_HS_0451.jpg
this is SIMPLEyou are what you worship never was taught that in school correct ALL people are made in Gods image end of story want to choose another form of worship btw,Non_hope_speech,Images_SD/SD_NHS_0088.jpg
think Ive found where all the over 55s chill on YT lol,Non_hope_speech,Images_SD/SD_NHS_0284.jpg
present are your parents homophobic my parents are,Non_hope_speech,Images_SD/SD_NHS_0327.jpg
Who is she fighting,Non_hope_speech,Images_SD/SD_NHS_0569.jpg
Only one race the Human Race,Hope_speech,Images_SD/SD_HS_0044.jpg
is Lord Savior Because pointing gun at the belly of pregnant woman while robbing her house is totally minor matter,Non_hope_speech,Images_SD/SD_NHS_0266.jpg
am so grateful to live in an environment where rarely get to hear things like engineering is not for women When was little,Hope_speech,Images_SD/SD_HS_0333.jpg
indeed they are Such is the conclusion of judging them by the content of their character,Non_hope_speech,Images_SD/SD_NHS_0598.jpg
of course you reached your goal,Hope_speech,Images_SD/SD_HS_0122.jpg
dont agree with conversion therapy,Hope_speech,Images_SD/SD_HS_0304.jpg
am an 8th grade girl and want to be Biomedic engineer,Hope_speech,Images_SD/SD_HS_0240.jpg
Hes great interviewer,Non_hope_speech,Images_SD/SD_NHS_0437.jpg
Randomgirlwhosings0804 Why does she feel the need to have to agree or not agree with someones sexuality Why does any Christian its really weird there is nothing for you to agree with,Hope_speech,Images_SD/SD_HS_0156.jpg
This is good officer we need more like him,Non_hope_speech,Images_SD/SD_NHS_0114.jpg
This video isnt about rights Its about stopping the cultural idea that women cannot go into STEM because its perceived as masculine profession lot of female classmates grew up with wer told constantly that girls cant do math Its cultural issue,Hope_speech,Images_SD/SD_HS_0222.jpg
Badger idc if youre gonna claim something,Non_hope_speech,Images_SD/SD_NHS_0547.jpg
think it took her while to realize that she can approach things in different way not the way that she went about it,Hope_speech,Images_SD/SD_HS_0009.jpg
Is this today or four years ago,Non_hope_speech,Images_SD/SD_NHS_0609.jpg
wouldnt hit my child with book saying THE POWER OF CHRIST COMPELS YOU just because they came out as LGBTQ,Non_hope_speech,Images_SD/SD_NHS_0026.jpg
No we are all from earth and Africans can live in America so what if you arent from that place,Hope_speech,Images_SD/SD_HS_0402.jpg
They do but,Non_hope_speech,Images_SD/SD_NHS_0492.jpg
Im all in for equality but think what the future holds for USA is akin to the aftermath of Nazi rule in Germany The German government is now very apologetic to the Jews People Whites maybe will become very sensitive to slight black person According to me,Non_hope_speech,Images_SD/SD_NHS_0509.jpg
All Lives Matter,Hope_speech,Images_SD/SD_HS_0567.jpg
LG she seems very sad in an emotional way,Non_hope_speech,Images_SD/SD_NHS_0498.jpg
Im in my fourth year studying civil engineering and have had very similar thing happen to me in class where was the only girl out of 40 studentsnIts lot more common then you think,Hope_speech,Images_SD/SD_HS_0245.jpg
God bless So happy that got out of all that stronger person God is love And love is love,Hope_speech,Images_SD/SD_HS_0106.jpg
Heres our demands Stop killing us for no good reason We dont want to die,Hope_speech,Images_SD/SD_HS_0120.jpg
All lives matter What the police done to George Floyd isnt right,Hope_speech,Images_SD/SD_HS_0531.jpg
She has old lady voice,Non_hope_speech,Images_SD/SD_NHS_0524.jpg
People should never have to be ashamed of their race or anything else None of us are responsible for what people in the past did We are responsible for what we do in our present ALL LIVES MATTER Thanks for your post Zackary,Hope_speech,Images_SD/SD_HS_0051.jpg
think Jaun is either ignorant or racist cant,Non_hope_speech,Images_SD/SD_NHS_0584.jpg
What panel,Non_hope_speech,Images_SD/SD_NHS_0459.jpg
When the sheriff first came on the public scene many years ago,Non_hope_speech,Images_SD/SD_NHS_0371.jpg
This was not the appropriate video to put this in have some respect rest in piece gorge Floyd,Non_hope_speech,Images_SD/SD_NHS_0179.jpg
was just accepted into Purdue Universitys engineering school and Im so excited never had any interest in engineering until took physics class and fell in love Being massive creative person this is such relief Knowing dont have to give that up to be an engineer You are such massive inspiration Thank you so much,Hope_speech,Images_SD/SD_HS_0365.jpg
Ashton Levry get what youre saying but at the same time why should they defend people that we say all lives matter if were all created equal shouldnt there be all right for us to say all lives matter because honestly think we do matter we all matter but even if youre what youre saying is true then it shouldnt hurt your feelings that we say all lives matter no offense,Hope_speech,Images_SD/SD_HS_0253.jpg
But you can be girly and know lot of technical stuff,Hope_speech,Images_SD/SD_HS_0075.jpg
Also did some of you forget we in pandemic,Non_hope_speech,Images_SD/SD_NHS_0161.jpg
These protest are about the systematic killings of blacks by the authorities and racism that exist within the western system,Non_hope_speech,Images_SD/SD_NHS_0204.jpg
omg we are the people All LIFES ARE important,Hope_speech,Images_SD/SD_HS_0483.jpg
They say that politics is the second oldest profession,Non_hope_speech,Images_SD/SD_NHS_0632.jpg
As an American,Non_hope_speech,Images_SD/SD_NHS_0388.jpg
Byuriii the joke is on those who judge,Non_hope_speech,Images_SD/SD_NHS_0463.jpg
Its hard to trust wikipedia,Non_hope_speech,Images_SD/SD_NHS_0216.jpg
Ineedthat incredible jacket shes wearing,Non_hope_speech,Images_SD/SD_NHS_0289.jpg
438 Racists viewed this,Non_hope_speech,Images_SD/SD_NHS_0499.jpg
Jonathan Mason could also agree on one thing agree to disagree because no matter how many ways someone says something Im always going to think all lives matter because were all lives matter means is you matter other personal matters the world matters nobody should be treated like they dont matter when it comes down to it its all about ethics In fairness at the end of the day isnt that racisms weakness let me tell you this its not just about me its about everyone including yourself you should have right be treated fairly and dont have anything against you just saying believe the answer to getting rid of racism fairness caring about everyone no matter what their color is everybodys life matters including you care about even whats fair your side my side their side because dont like racism rather be solution to the problem then sit there and tell people but only my life matters when in reality thats bunch of baloney it doesnt matter what color you are your life matters and youre important as anybody else how could that be bad thing,Hope_speech,Images_SD/SD_HS_0092.jpg
He was abusive as well His wife said that before she divorced him,Non_hope_speech,Images_SD/SD_NHS_0392.jpg
This guy is totally right Im white man and love what am listening to here and there opinion on what is going on We do not hear enough from the black community on what is going on,Non_hope_speech,Images_SD/SD_NHS_0259.jpg
Shes just such beautiful person Very touching interview,Non_hope_speech,Images_SD/SD_NHS_0345.jpg
Thank you Im studying engineering right now and your speech inspire me lot,Hope_speech,Images_SD/SD_HS_0517.jpg
Plantation politics Exactly,Non_hope_speech,Images_SD/SD_NHS_0390.jpg
ohhh your storys so relatable Dont give up What your doing is great,Hope_speech,Images_SD/SD_HS_0504.jpg
All life is from God not just black,Hope_speech,Images_SD/SD_HS_0087.jpg
Should all the castles built by the normans in Wales be demolished too this is all ballocks,Non_hope_speech,Images_SD/SD_NHS_0456.jpg
Equality is where all lives are equal,Hope_speech,Images_SD/SD_HS_0194.jpg
Agreed this will fuel racism damn sure,Non_hope_speech,Images_SD/SD_NHS_0436.jpg
she saved my life too and am not exaggerating,Hope_speech,Images_SD/SD_HS_0014.jpg
Stop treating people of different races differently and demanding bias in favor of certain races Duh,Hope_speech,Images_SD/SD_HS_0644.jpg
All lives matter Anything else is racism,Hope_speech,Images_SD/SD_HS_0416.jpg
All Lives Matter,Hope_speech,Images_SD/SD_HS_0295.jpg
Im pansexual and mentally and physically disabled,Non_hope_speech,Images_SD/SD_NHS_0453.jpg
burger imagine house is on fire,Non_hope_speech,Images_SD/SD_NHS_0237.jpg
mask Is dumb so whi sold slaves to americans mr big brain,Non_hope_speech,Images_SD/SD_NHS_0421.jpg
My mom teaches high school physics,Hope_speech,Images_SD/SD_HS_0186.jpg
This is 2020 and statues like these belong in museum now,Non_hope_speech,Images_SD/SD_NHS_0303.jpg
Yup My friends have given up on liberalism centrists What difference day makes Jesus not good,Non_hope_speech,Images_SD/SD_NHS_0068.jpg
lol Im laughing so hard at someone who survived through being forced into manual labor and survived being starved omg what fucking joke it is haha,Non_hope_speech,Images_SD/SD_NHS_0309.jpg
The lives of recidivists are not important And it doesnt matter about skin color,Hope_speech,Images_SD/SD_HS_0259.jpg
354 ancient egypt no longer exists And they were not built by slaves,Non_hope_speech,Images_SD/SD_NHS_0103.jpg
This truly hurts my heart God does not want anyone to hate anyone God is LOVE and FORGIVENESS All sin is equal,Hope_speech,Images_SD/SD_HS_0173.jpg
nAnd When look at the pyramids dont think they are literal structures to guide pharaoh into the afterlife,Non_hope_speech,Images_SD/SD_NHS_0428.jpg
Well she was fighting for us in the mainstream media when no one was,Hope_speech,Images_SD/SD_HS_0604.jpg
Im doing STEM and we have 19 students in our class,Hope_speech,Images_SD/SD_HS_0041.jpg
The world is going to end everything 2020,Non_hope_speech,Images_SD/SD_NHS_0605.jpg
Black lives never mattered in the amerikkka thats why its being said kinda obvious right,Non_hope_speech,Images_SD/SD_NHS_0637.jpg
She was being respectful though dont see how someone cant agree with something youre born with but if theyre being nice thats all that matters,Hope_speech,Images_SD/SD_HS_0168.jpg
this is what call an inspiring video good for you girl im ordering one of your toys,Hope_speech,Images_SD/SD_HS_0182.jpg
Im female marine engineer and also graduated from naval academy with rank of 2nd Lieutenant Reservist and used to work as third mechanic engineer onboard very large crude oil tanker vessels,Hope_speech,Images_SD/SD_HS_0433.jpg
The word survivor is kinda being over usedmiss used When think someone survived something assume they almost died know conversion therapy is terrible,Hope_speech,Images_SD/SD_HS_0279.jpg
said tech not STEMnnItd kinda hard to give or even collect stats on something like that Any study that tried to show it would be called sexist and lot of the tech people encounter,Non_hope_speech,Images_SD/SD_NHS_0549.jpg
pats you on the back its okay,Hope_speech,Images_SD/SD_HS_0104.jpg
ALL LIVES MATTER The current discussions are racist and those who call out others being racist,Hope_speech,Images_SD/SD_HS_0332.jpg
If all lives matter then all lives should be treated the same But its not when you are arresting white people but killing black people so yes BLM,Hope_speech,Images_SD/SD_HS_0452.jpg
Yknowmy gaydar is going off around Anniecloset case,Non_hope_speech,Images_SD/SD_NHS_0444.jpg
dont agree with homosexuality but have friends who are homosexualnnThats like white person saying theyre racist but they have black,Hope_speech,Images_SD/SD_HS_0025.jpg
This video is awesome Im 15 year old girl who will probably go into engineering at uni and cant wait,Hope_speech,Images_SD/SD_HS_0153.jpg
ALL LIVES MATTERnALL LIVES MATTERnALL LIVES MATTERnALL LIVES MATTERnALL LIVES MATTERnALL LIVES MATTERnALL LIVES MATTERnALL LIVES MATTERnALL LIVES MATTERnIts not controversial when you pay taxes,Hope_speech,Images_SD/SD_HS_0394.jpg
Rubin Please help me understand sorry,Non_hope_speech,Images_SD/SD_NHS_0636.jpg
Some Random Girl Im sorry youre in the situation hope that youll find an environment that is accepting,Hope_speech,Images_SD/SD_HS_0477.jpg
Hates not going to get you anywhere in the world,Hope_speech,Images_SD/SD_HS_0098.jpg
say it differently Human lives matter If only black lives matter then someone is racistnWhen pull man out of ditch hes not white or black or brown,Hope_speech,Images_SD/SD_HS_0274.jpg
World You ought to know by now,Non_hope_speech,Images_SD/SD_NHS_0432.jpg
Everyone hating on the girl who disagrees with homosexuality needs to think of this from younger persons perspective Shes still child She hasnt matured and hasnt been able to experience enough to formulate her own opinions yet She may have beliefs based on how her parents raised her Doesnt mean shes homophobic,Hope_speech,Images_SD/SD_HS_0555.jpg
My mom told me that if someone really believes in their religion that will except you for who you are not who you arnt,Hope_speech,Images_SD/SD_HS_0454.jpg
my choice is to love,Hope_speech,Images_SD/SD_HS_0647.jpg
Life is tough but its alot tougher when you are stupid,Non_hope_speech,Images_SD/SD_NHS_0363.jpg
Racism is part of Capitalism,Hope_speech,Images_SD/SD_HS_0315.jpg
Racism is the belief that one race is superior than another dont see how being conscious of your race makes you believe that any embrace is superior,Hope_speech,Images_SD/SD_HS_0485.jpg
Came out and fought back because of her New and ungrateful generation has no clue what she has done for us,Hope_speech,Images_SD/SD_HS_0465.jpg
The anti racists are the true racists nnI was making longer comment but my browser mysteriously stopped working,Non_hope_speech,Images_SD/SD_NHS_0024.jpg
ALL LIVES MATTER and that includes black lives enough said anyone that believes otherwise is ignorant and wrong,Hope_speech,Images_SD/SD_HS_0533.jpg
am woman and an Engineer and feel like fit in just fine,Hope_speech,Images_SD/SD_HS_0360.jpg
out of 10 She uses her platform And were better off because of it,Hope_speech,Images_SD/SD_HS_0042.jpg
All Lives Matter AlwaysnIf you dont like it,Hope_speech,Images_SD/SD_HS_0212.jpg
people have been campaigning for the removal for some time now They didnt listen,Non_hope_speech,Images_SD/SD_NHS_0195.jpg
There are as many if not more whites killed be the police,Non_hope_speech,Images_SD/SD_NHS_0356.jpg
feel the same way with being pilot Im women and Im headed down the road of becoming commercial pilot Only of women are pilots really hope to see more women join these professions,Hope_speech,Images_SD/SD_HS_0412.jpg
Very well said Gentlemen All lives matter Bernie wanted to vote for you but not no more because ALSO MATTER am Hispanic,Hope_speech,Images_SD/SD_HS_0064.jpg
This made me cry Im Hispanic,Hope_speech,Images_SD/SD_HS_0582.jpg
good luck You can do it,Non_hope_speech,Images_SD/SD_NHS_0346.jpg
Dont use another movement to downplay something else Both are equally important but never say what about this when the attention is on something else That doesnt mean it isnt important,Non_hope_speech,Images_SD/SD_NHS_0591.jpg
Id hug this guy And if were at the conversion therapy Id act like Ian from Shameless and free everyone,Hope_speech,Images_SD/SD_HS_0331.jpg
dude serious Theres people watching videos about innocent Muslims living their daily lives but yet there are those western comments hating on them and calling them terrorists somehow those people deserve more positive attention than LGBT since innocent muslims are getting killed nJust an example on how stupid your comment was,Hope_speech,Images_SD/SD_HS_0265.jpg
Windsor new york,Non_hope_speech,Images_SD/SD_NHS_0533.jpg
Thats rare motherson scenario,Non_hope_speech,Images_SD/SD_NHS_0328.jpg
she literally came out as bisexual,Hope_speech,Images_SD/SD_HS_0521.jpg
Crystal needs to rule THE WHOLE WORLD she is so so mature wanna conatulate her parents,Hope_speech,Images_SD/SD_HS_0027.jpg
This was extremely inspiring,Hope_speech,Images_SD/SD_HS_0575.jpg
yamiGAJw queer is basically an umbrella term for someone who is not straight or not cis cis means someone who identifies with the gender they were assigned at birth,Hope_speech,Images_SD/SD_HS_0633.jpg
when,Non_hope_speech,Images_SD/SD_NHS_0191.jpg
Men are feminin too Somebody lied to all of us smh,Non_hope_speech,Images_SD/SD_NHS_0333.jpg
Tapiokapuddin It just means that you dont consider it okay but you dont care if others do and you still accept and respect them Its kind of like saying you dont agree with like politician and what they stand for or something but you dont hate or frown upon anyone who does Thats all,Hope_speech,Images_SD/SD_HS_0547.jpg
makes me really proud to say that 40 of my engineering class is female,Hope_speech,Images_SD/SD_HS_0494.jpg
Oh for the love of God ALL LIVES MATTER will not apologize for saying this Im an RN for 30 yrs treat ALL lives with empathy compassion,Hope_speech,Images_SD/SD_HS_0070.jpg
These kids are so sweet Well done,Non_hope_speech,Images_SD/SD_NHS_0013.jpg
Po they are treating it that way Manson would be happy in these days as they are pushing for his beloved race war,Non_hope_speech,Images_SD/SD_NHS_0209.jpg
If women can go into engineering without being judged,Hope_speech,Images_SD/SD_HS_0300.jpg
All lives matter white black all human life is precious,Hope_speech,Images_SD/SD_HS_0091.jpg
Well Democrats supported Obama,Non_hope_speech,Images_SD/SD_NHS_0568.jpg
Annie think her name is she out here with buzz cut,Non_hope_speech,Images_SD/SD_NHS_0131.jpg
of course all lives matter Including of course black lives,Hope_speech,Images_SD/SD_HS_0297.jpg
Djelloul Because its immoral,Non_hope_speech,Images_SD/SD_NHS_0434.jpg
Wishing you love light on your journey,Non_hope_speech,Images_SD/SD_NHS_0176.jpg
love this video lot So inspiring wanna be computer engineer someday but dont like math and science but Im not bad at it In fact my grade ranges from 91 and up in both areas They say just need practice to be really good in it,Hope_speech,Images_SD/SD_HS_0107.jpg
queen to the LGBTQ Community,Hope_speech,Images_SD/SD_HS_0177.jpg
Lives Matter If you have to have color before those two words youre racist,Hope_speech,Images_SD/SD_HS_0105.jpg
Keep up the good work Debbie always like to work with female engineers,Hope_speech,Images_SD/SD_HS_0484.jpg
dont think testing school kids on science is really indicative of STEM aptitude Girls brains develop faster and they are typically better students early on Also,Hope_speech,Images_SD/SD_HS_0231.jpg
Shetty yes great one no what it takes to be an engineerI am also female mechanical engineering,Hope_speech,Images_SD/SD_HS_0040.jpg
Im helluva engineer and the fact that am an attractive female means nothing You cheapen the degree by isolating women from men graduated from GT in 1988 It was,Hope_speech,Images_SD/SD_HS_0181.jpg
Thats itnnAll lives matter no doubt,Hope_speech,Images_SD/SD_HS_0150.jpg
Lol was thinking sthg on similar lines based on the body language pose etc Its fine Love to that person Its hard to go through anything like that,Hope_speech,Images_SD/SD_HS_0258.jpg
Why are all these kids smarter than me,Non_hope_speech,Images_SD/SD_NHS_0417.jpg
Because like Im so educated because like Ive been to like Bristol uni like and they like taught me to like hate myself for being white like Absolute special needs,Non_hope_speech,Images_SD/SD_NHS_0177.jpg
am so so lucky to have Madonna in my life nAfter all these years of ups and downs,Hope_speech,Images_SD/SD_HS_0287.jpg
am female and will be starting mechanical engineering in the fall this is so inspiring wow,Hope_speech,Images_SD/SD_HS_0189.jpg
willholt11 You tell me What honest statements about Black people have you made why are you making them Do you know any Black people What are you afraid of Does Black Lives Matter,Non_hope_speech,Images_SD/SD_NHS_0277.jpg
White people own other humans as slaves for hundreds of yearsnnBlack people finally tear down those statues because enough is enough and things need to be saidnnWhite people Hey,Non_hope_speech,Images_SD/SD_NHS_0162.jpg
This was years ago,Non_hope_speech,Images_SD/SD_NHS_0405.jpg
Agreed Idiotic behaviour like this will only fuel racism,Non_hope_speech,Images_SD/SD_NHS_0027.jpg
What data is Juan referring to when he says clearly there is an excessive use of police force,Non_hope_speech,Images_SD/SD_NHS_0178.jpg
Stranger Here who isnt,Non_hope_speech,Images_SD/SD_NHS_0203.jpg
All life matter That simple,Hope_speech,Images_SD/SD_HS_0515.jpg
White lives are not more important than black lives Black lives have been over looked How many Presidents,Non_hope_speech,Images_SD/SD_NHS_0074.jpg
Better late than ever,Non_hope_speech,Images_SD/SD_NHS_0014.jpg
think she is an indigo spirit they are like angels but more aggressive like warriors because they are here to change the old outdated paradigms,Non_hope_speech,Images_SD/SD_NHS_0174.jpg
The girl is the red sweatshirt is very obviously some form of LGBT Theres something more than just tomboy vibes coming from her,Non_hope_speech,Images_SD/SD_NHS_0298.jpg
Lynn We come from different countries Youve obviously been brainwashed by socialism used to think the same way,Non_hope_speech,Images_SD/SD_NHS_0535.jpg
All lives matter That includes black lives We need to get on our knees and seek God and his will Putting God first in life is putting your self first God has your best interest in mind You are important to God,Hope_speech,Images_SD/SD_HS_0571.jpg
Exactly absolute bell ends the lot of them Disgraceful behaviour and it only goes against them and there cause Most of these probates have been on ten week holiday and getting 80 of there wages while doing nothing This how they repay the kindness mindless anarchy People laughing and cheering its pathelic This is massive two fingers up the nurses and doctors Pandemic is the priority everything is secondary at the minute,Hope_speech,Images_SD/SD_HS_0011.jpg
Conversion therapy should be illegal Doesnt it go against the protection of natural rights,Hope_speech,Images_SD/SD_HS_0437.jpg
mdnayoure beacon of hope in dark unpredictable worldthank you for standing up and continuing the fight for changei love you,Hope_speech,Images_SD/SD_HS_0568.jpg
was going for brainless,Hope_speech,Images_SD/SD_HS_0593.jpg
So did he survive suicide attempt or anything You can only survive if your life is in actual danger Hes victim,Non_hope_speech,Images_SD/SD_NHS_0414.jpg
Nettie Holmes brother it is called joke,Non_hope_speech,Images_SD/SD_NHS_0023.jpg
My goodness these kids are so enlightened So smart,Hope_speech,Images_SD/SD_HS_0491.jpg
Sunshine littlephilly bro you are Who are you to tell someone they will burn for being in love Your god may preach hate and violence but spreading that message makes you part of the problem and shoving your hate down peoples throats is simply wrong,Non_hope_speech,Images_SD/SD_NHS_0113.jpg
God Pro life Pro Gun but both at the end of the day have unfounded beliefs,Non_hope_speech,Images_SD/SD_NHS_0207.jpg
God created all humans,Hope_speech,Images_SD/SD_HS_0343.jpg
And even if it actually was,Non_hope_speech,Images_SD/SD_NHS_0490.jpg
mensah if black lives matter how do you take out the black from BLOOD What makes person BLACK my son is white but looks black,Hope_speech,Images_SD/SD_HS_0612.jpg
know there is some sexism in the workforce and there is no doubt about that But the thing that hate is that these people are basically saying with all these stupid percentages that men need to change and help women into engineering and men are the problem that there arent really any women in that field And that is completely wrong the main reason that there arent any women in engineering is because women just dont choose to go into that line of work its as simple as that,Hope_speech,Images_SD/SD_HS_0585.jpg
Shes also stuttering ton and cant look the guy in the eye She came out while after this video,Non_hope_speech,Images_SD/SD_NHS_0628.jpg
This speech was really inspiringit has given great solution to my confusionlm clear now,Hope_speech,Images_SD/SD_HS_0147.jpg
Every time read the comments section in this and other types of videos where women describe their experiences,Non_hope_speech,Images_SD/SD_NHS_0476.jpg
shes in denial,Non_hope_speech,Images_SD/SD_NHS_0621.jpg
Eric Miner Depends in the program There are some that is specific time frame and others that are like institutional places They send them to live there until they are cured,Non_hope_speech,Images_SD/SD_NHS_0418.jpg
All lives do not matter cause white people didnt get lynched this week,Non_hope_speech,Images_SD/SD_NHS_0138.jpg
Well probably because the parents do want kids to go crazy so its become rule And ive seen in other Kids meet blank the parents be pulled up She mayve been scared,Non_hope_speech,Images_SD/SD_NHS_0081.jpg
Exactly guess thats not what theyre fighting for Obviously So many innocent people have died Business is ruined people hurt and injuredfor what For whos behalf How can one justify this thought the whole point was for the country to come together for the good of the country and for everyone,Hope_speech,Images_SD/SD_HS_0364.jpg
The boy who said god gave us choice and my choice is to love is the purest,Hope_speech,Images_SD/SD_HS_0508.jpg
Jesse Pollack some people just dont get it as long as they stay in their corner you stay in your corner,Non_hope_speech,Images_SD/SD_NHS_0053.jpg
People say it because its truthful Your problems arent bigger than my problems Your life isnt more worthy of being talked about than my life You arent better just because you say you are ALL LIVES MATTER If you really think that statement is meant to silence black people,Non_hope_speech,Images_SD/SD_NHS_0004.jpg
People need to blame themselves for their own selfish bad behaviour,Hope_speech,Images_SD/SD_HS_0536.jpg
Never was great fan but this does change my opinion of her,Hope_speech,Images_SD/SD_HS_0030.jpg
No they fight about their black skin thats it We should be take care of ourselfs too,Non_hope_speech,Images_SD/SD_NHS_0274.jpg
live on the premise,Non_hope_speech,Images_SD/SD_NHS_0433.jpg
All lives matter Anything else is literally creating division,Hope_speech,Images_SD/SD_HS_0294.jpg
NERII NYA how do you know Are you pretending to be Christian There are lot of FAKE ones and that is grave mistake did you read the Bible for saying that is false,Non_hope_speech,Images_SD/SD_NHS_0375.jpg
Wonder if the police will stop Carl marxs statue being destroyed or nelson Mandelas,Non_hope_speech,Images_SD/SD_NHS_0117.jpg
God gave us choice and choose to love so powerful Sadly not all Christians think like this,Hope_speech,Images_SD/SD_HS_0348.jpg
Native Indians lifes matter,Non_hope_speech,Images_SD/SD_NHS_0323.jpg
Alan Hunt says the guy who cant spell amazing,Non_hope_speech,Images_SD/SD_NHS_0518.jpg
these videos make me love kids so much more cant wait to raise compassionate little humans,Non_hope_speech,Images_SD/SD_NHS_0144.jpg
Then what are we all arguing aboutnBINGO,Non_hope_speech,Images_SD/SD_NHS_0467.jpg
As someone who dosnt really feel comfortable saying Im religious but would say my beliefs fall most closely to Christianity and attends church regularly this whole concept of conversation therapy disgusts me have read the Bible through and through Yes the Bible does say that homosexual actions are sinful It also says thousand other things are sinful things we are all guilty off in our lifetime the Bible clearly says all sin is forgivable The Bible says the greatest commandment is love Jesus when faced with the option to condemn chose love over and over and over again He forgave and he showed compassion In fact the only people Jesus was super blunt or mean with Was not the drunkerds,Hope_speech,Images_SD/SD_HS_0455.jpg
This was so inspiring to meNowadays many people doubt about women becoming engineersBut Im sure next generation is going to make changeIm from Argentina and next year Ill finish high school and will study environmental engineering,Hope_speech,Images_SD/SD_HS_0414.jpg
Oh yeah didnt realize talking about mens issues was class problem of blaming womennKinda like how feminist dont give shit about mens issues or mens rightnfeminism today is hate group,Non_hope_speech,Images_SD/SD_NHS_0233.jpg
Frederick Uzokwe oppression is worse than deathnHeard it all now,Non_hope_speech,Images_SD/SD_NHS_0208.jpg
It is pathetic to develop interest in some professional field by giving kids toys,Non_hope_speech,Images_SD/SD_NHS_0570.jpg
OMG wish could be one of the kids would love to talk about this LGBTQS we are together Always fighting for our rights are not alone,Hope_speech,Images_SD/SD_HS_0226.jpg
Not single person has died from it Not one Its no different than Alcoholics Anonymous where people try to help you stay away from bad behavior,Non_hope_speech,Images_SD/SD_NHS_0272.jpg
weed is illegal,Non_hope_speech,Images_SD/SD_NHS_0623.jpg
Complains about stereotypes of women in STEM but then admits what the real issue is,Hope_speech,Images_SD/SD_HS_0190.jpg
Hold up saw the comments and was looking for that little girl Now just realized who the little girl is How butch,Non_hope_speech,Images_SD/SD_NHS_0588.jpg
Its torture not therapy,Non_hope_speech,Images_SD/SD_NHS_0438.jpg
its 2am and Im watching this and crying at how inspirational this is as female engineering student this really motivates me to not lose faith,Hope_speech,Images_SD/SD_HS_0459.jpg
Why cant you let the guy finish his point Silly conversation,Non_hope_speech,Images_SD/SD_NHS_0325.jpg
Lexus Fox Women in western countries dont choose to go into those fields because of lack of interest and that is due to cultural reasonsIn third world countries live in one engineering is not predominantly male fieldIn fact didnt know it was in the western world until watched this video and read some stats on it,Hope_speech,Images_SD/SD_HS_0284.jpg
Suffering He better apologise on his twitter account otherwise well cancel him for something he did near on 200years ago Some idiot,Non_hope_speech,Images_SD/SD_NHS_0450.jpg
TheLegend27 Is Alive just because your Christian doesnt mean you cant be lesbian know someone who is Christian and lesbian,Hope_speech,Images_SD/SD_HS_0271.jpg
Aelor omfg All lives DO matter But atm blm because lot of blacks are dying as result of police brutality and racism If kid gets hurt and is in need kf bandage,Non_hope_speech,Images_SD/SD_NHS_0264.jpg
Every life is equal,Hope_speech,Images_SD/SD_HS_0130.jpg
This man is inspirational loved this,Hope_speech,Images_SD/SD_HS_0512.jpg
poland write in English dont understand what your reply,Non_hope_speech,Images_SD/SD_NHS_0192.jpg
Yes Black lives matter but anti American socialism should have no part or say in the future of true Bible believing black Americans or their children and thei families Take care,Hope_speech,Images_SD/SD_HS_0142.jpg
because the focus and advantages wont be on just the morons,Non_hope_speech,Images_SD/SD_NHS_0367.jpg
Anderson would say the reason why so many people are on welfare is for historic reasons lot of black families got economically screwed over from the time when they were enslaved to the 20s and even today know it sounds hypocritical for me to say this after my previous comment was about white guilt,Hope_speech,Images_SD/SD_HS_0338.jpg
Rellie Wise literally not even half,Non_hope_speech,Images_SD/SD_NHS_0488.jpg
THAT SHERIFF IS STRAIT HARDCORE BRO:rolling on the floor laughing:nAND YOU WILL GET TICKET EVERY TIME NO WARNINGS,Non_hope_speech,Images_SD/SD_NHS_0578.jpg
Bennion have you seen him or talked to him lately or are you just reffering to the character named god in those fantasy books that were written in time where you could have child as your wife and everybody thought we are the center of the universe,Non_hope_speech,Images_SD/SD_NHS_0059.jpg
Applaud the protesters,Non_hope_speech,Images_SD/SD_NHS_0536.jpg
Smokey didnt say knew what color skin you had also you said cant throw it in white peoples faces dont even know if whoever wrote the comment is white and just cause it happened in the past does not mean racism just suddenly disappears Black people are the ones that are oppressed sir but if you want to talk abt white people they arent oppressed so good for them Also Im literally half white Im not blaming white people for what happened not every white person is racist sir thats not what said,Hope_speech,Images_SD/SD_HS_0446.jpg
You can believe in that it is not easy but its posible xoxo,Hope_speech,Images_SD/SD_HS_0234.jpg
Why do we have to keep us separate in communities,Non_hope_speech,Images_SD/SD_NHS_0374.jpg
It sounds like these women are upset about being treated just like everyone else in the workforce,Non_hope_speech,Images_SD/SD_NHS_0354.jpg
Im and by watching this video want to be gaming scientist,Hope_speech,Images_SD/SD_HS_0351.jpg
All Lives Matter believe its not the color if your skin its your personality other then in pleasant notes hair eyes dress You can see they all see Black and or white All Lives matter,Hope_speech,Images_SD/SD_HS_0463.jpg
KEEP PEACE AND LOVE YOUR HEARTS,Hope_speech,Images_SD/SD_HS_0221.jpg
Spot on bro People divide instead of unite And that is what the elite wants This war agaist races is total bs All lives should matter There are bad and good people of all ethinicity,Hope_speech,Images_SD/SD_HS_0074.jpg
They have no clue,Non_hope_speech,Images_SD/SD_NHS_0416.jpg
You have to be impressed by Sheriff Clarke He sees the suffering first hand the rest just have theories about it,Non_hope_speech,Images_SD/SD_NHS_0268.jpg
LMFAO Yah you right feminists,Non_hope_speech,Images_SD/SD_NHS_0552.jpg
No they dont read books,Non_hope_speech,Images_SD/SD_NHS_0079.jpg
Darryl wouldnt be surprised if this somehow actually got black people to start hating black people,Non_hope_speech,Images_SD/SD_NHS_0222.jpg
More whites killed by cops than blacks killed by cops think we need movement to combat the brutalization of white citizens by the police nnWHITE LIVES MATTER,Non_hope_speech,Images_SD/SD_NHS_0429.jpg
When hear black lives matter but not all lives matter feel like they are saying my life dont matter So if my life dont matter so why should care about anyone elses life,Non_hope_speech,Images_SD/SD_NHS_0448.jpg
am really glad that Imanaged to see this video ITs nice to know that engineering is not only for nerds and geeks Its for anyone who would like to put some effort,Hope_speech,Images_SD/SD_HS_0581.jpg
Can you believe it,Non_hope_speech,Images_SD/SD_NHS_0087.jpg
All lives matter no just black see if black cop did this to white man nobody would care of course he didnt deserve to die like this nobody should but still if this was vice versa people wouldnt care and know because this has happened in the past and nobody protested for him,Hope_speech,Images_SD/SD_HS_0113.jpg
TJ its hostage situation cheJay,Non_hope_speech,Images_SD/SD_NHS_0466.jpg
this is disgusting these protestors should be shot but instead the media celebrate these racist black rioters itsokaytobewhite,Non_hope_speech,Images_SD/SD_NHS_0633.jpg
Kids meet an Xbox player,Non_hope_speech,Images_SD/SD_NHS_0170.jpg
She came out,Hope_speech,Images_SD/SD_HS_0272.jpg
love all people regardless of race,Hope_speech,Images_SD/SD_HS_0149.jpg
For ages thought BLM was type of sandwich,Non_hope_speech,Images_SD/SD_NHS_0531.jpg
All LIVES MATTERnI believe this is true,Hope_speech,Images_SD/SD_HS_0114.jpg
kolb invite you to review the dictionary definition of brought,Non_hope_speech,Images_SD/SD_NHS_0358.jpg
All lives matter even little EVEN LITTLE ABORTED BABIES THAT HAVE BEEN KIILLED ALL LIVES MATTER EVEN THE BABIES AN CHILDERN WHO HAVE BEEN KILLED BY THEIR PARTENTS AN CHILD MOSLESTERS AN SO ON ALL LIVES MATTER TO GOD TOO AN THAT MEANS ALL LIVES,Hope_speech,Images_SD/SD_HS_0353.jpg
she may just like her hair short but anyways if she doesnt maybe its internalised homophobia,Non_hope_speech,Images_SD/SD_NHS_0146.jpg
No one is trying to change the past,Non_hope_speech,Images_SD/SD_NHS_0522.jpg
Digging the Misfits poster in the back,Non_hope_speech,Images_SD/SD_NHS_0413.jpg
All lives matter is better than black lives matter All lives matter included black lives,Hope_speech,Images_SD/SD_HS_0605.jpg
Lets all go out stealing,Non_hope_speech,Images_SD/SD_NHS_0482.jpg
The president is not doing any of this its the democrats thats calls the all of this,Non_hope_speech,Images_SD/SD_NHS_0249.jpg
Yes all lives matter because we are all human,Hope_speech,Images_SD/SD_HS_0479.jpg
hope he helps her come out of the closet,Hope_speech,Images_SD/SD_HS_0280.jpg
Uh Do you even know how to spell Judaism No you do not Get lost 12 year old,Non_hope_speech,Images_SD/SD_NHS_0228.jpg
guess this is better start to getting us back to where we were before with childrens toys just dont see the reason for toy companys to have gone that route in the first place Or maybe our culture should stop genderizing professions Though,Hope_speech,Images_SD/SD_HS_0349.jpg
Its cultural because girls in 3rd world societies go for jobs they dont enjoy but that pay well,Hope_speech,Images_SD/SD_HS_0198.jpg
all lives matter isnt discriminating along racial lines,Hope_speech,Images_SD/SD_HS_0232.jpg
That kid that asked for tips on how to be good friend is an incredible person Wonderful Take that and go far kid You have beautiful life ahead of you Youll always be loved :orange heart:,Hope_speech,Images_SD/SD_HS_0179.jpg
Omggg these kids give me hope for humanity,Hope_speech,Images_SD/SD_HS_0237.jpg
How come none of these guys arent bringing up FBI STATISTICS,Non_hope_speech,Images_SD/SD_NHS_0625.jpg
Po0fy Thanks Im so glad that your fellow man in adult consenting relationships are your enemy Please stop using computers,Non_hope_speech,Images_SD/SD_NHS_0544.jpg
It is absolutely cultural issue What great speech,Hope_speech,Images_SD/SD_HS_0530.jpg
god gave us choice my choice is to love,Hope_speech,Images_SD/SD_HS_0235.jpg
Lets talk about the fact that we are in the middle of serious pandemic and people are dying left and right Thats where our focus should be right now Not about whos life matters and whose doesnt Stop the madness please,Hope_speech,Images_SD/SD_HS_0277.jpg
This comment is amasing Wishing you more happiness sir and to continue to inspire dreams and aspirations in the minds of these young children,Hope_speech,Images_SD/SD_HS_0010.jpg
God straight up says love everyone so to me that over powers everything,Hope_speech,Images_SD/SD_HS_0395.jpg
THOUGHT THE PERSON WHO DIDNT AGREE WITH HOMOSEXUALITY WAS THE HOMOSEXUAL,Non_hope_speech,Images_SD/SD_NHS_0576.jpg
Rebekah also If loving someone will send me to ever lasting tormmet Than taking that hell loved in love Ive had it for life time and if had choice thtta if love someone Ill be sent away to hell Im gonna love that person with all my heart No matter the hell Ill experience,Hope_speech,Images_SD/SD_HS_0607.jpg
BLM is not racists if it were wouldnt be defending it here,Non_hope_speech,Images_SD/SD_NHS_0422.jpg
ALL LIVES MATTER If you feel as if you deserve more well get up off your Put your guns down stop killing and robbing,Hope_speech,Images_SD/SD_HS_0628.jpg
Where are the police Kneeling in front of thugs,Non_hope_speech,Images_SD/SD_NHS_0109.jpg
Sandberg if you are saying that in response to BLM then let me give you lesson The reason black lives matter started was because we want all lives to matter Saying all lives matter is just being selfish and wanting to not feel like the bad guy Because whites arent bad,Hope_speech,Images_SD/SD_HS_0180.jpg
Um yes love doctor who lmao love crystal,Non_hope_speech,Images_SD/SD_NHS_0443.jpg
Yeah Her name is crystal and shes in most of the videos,Non_hope_speech,Images_SD/SD_NHS_0604.jpg
Beautiful and honest interview She has taught me so much She continues to fight the haters Inspiring me always,Hope_speech,Images_SD/SD_HS_0012.jpg
some comments under this video honestly make me want to throw up why are so many of you assuming that religious girls gender and sexuality thought this community were way smarter than this,Hope_speech,Images_SD/SD_HS_0342.jpg
Most of the violent acts in the Bible took place before actual christians in small section of the book where the Canaanites were still around Youre ignoring most of the book which is peaceful,Non_hope_speech,Images_SD/SD_NHS_0213.jpg
white couple completely screwed up by media and years of leftist indoctrination preparing them for this hideous assault on civilisation,Non_hope_speech,Images_SD/SD_NHS_0037.jpg
All Lives Matter,Hope_speech,Images_SD/SD_HS_0133.jpg
New software may be answer for police dept abuse to be ended finallynRemember redlining by banks on loans to designated areas of cities loans were too risky to give too blacks Now fuming police Depts and their unions support will try it with new spin Soon Google earth and algorithims will take the address and zip to tell an officer if call is to an extremely hazardous RED or safe GREEN ZonesnTHEY WILL RESPOND AT THEIR DISCRETION WITH NO REPERCUSSIONS BY POLICE DEPT ALLOWEDA RESULT OF UNION NEGOTIATIONSnPolice are not obligated to go into an overly dangerous situation and sacrifice their life and blacks being lost needlessly,Non_hope_speech,Images_SD/SD_NHS_0134.jpg
LMAO Throw him in there too,Non_hope_speech,Images_SD/SD_NHS_0056.jpg
Republicunt Trump supporter logic all lives matter He deserved to die he was thug Fucking pathetic hypocrites,Non_hope_speech,Images_SD/SD_NHS_0560.jpg
Omg TJ is Christian now,Non_hope_speech,Images_SD/SD_NHS_0012.jpg
RAMPHISA they scream karma believe in it yet think they are not responsible for their ancestors crimes Lmbao We dgaf who is protesting for whites,Non_hope_speech,Images_SD/SD_NHS_0034.jpg
This was so powerful and appreciate conversations with kids This is beautiful thing that you are doing and one of the greatest conversations Ive ever watched Shoutout to some of the parents because the kids were pretty mature,Hope_speech,Images_SD/SD_HS_0225.jpg
Removal of the statue has not solved anything unless reforms in all departments are done that how justice wil be achievedu can end up destroying whole city with that mind thats why wisdom is necessary as seek justice,Non_hope_speech,Images_SD/SD_NHS_0586.jpg
Rose Homosexuality cant be changed nor is it choice,Hope_speech,Images_SD/SD_HS_0001.jpg
why is black lives matter even thing,Hope_speech,Images_SD/SD_HS_0220.jpg
dont hear anywhere in this video saying black lives matter too So you are against black lives if you dont say black lives matter So there is no other choice but agree to say black lives matter in less you want to be labeled as bad person:thinking face: You want people to support movement that agrees with organization that the person is against :thinking face: Im not white but have to say All Lives Matter even the ones that BLM doesnt support,Hope_speech,Images_SD/SD_HS_0486.jpg
So right on so many levels,Non_hope_speech,Images_SD/SD_NHS_0206.jpg
WE WILL NEVER GIVE UP LGBTQI RISE,Hope_speech,Images_SD/SD_HS_0144.jpg
God is not partial all lives matter even those that dont know Him,Non_hope_speech,Images_SD/SD_NHS_0244.jpg
as swede hearing tj trying to pronounce swedish words was laughing my ass of,Non_hope_speech,Images_SD/SD_NHS_0063.jpg
Exactly and thats why they hate it,Non_hope_speech,Images_SD/SD_NHS_0382.jpg
want to be chemical engineer soon hope will become in the future,Hope_speech,Images_SD/SD_HS_0285.jpg
You have to check out the trailer for imperium all the easily offended are coming out of their hidey holes Its sad Just scroll through the comments and you will find cancer its disgusting to see people find way to hate movie that is purposefully being as neutral as possible while also making statement on the worlds problems Please want to see your opinion,Hope_speech,Images_SD/SD_HS_0247.jpg
God gave us choice,Hope_speech,Images_SD/SD_HS_0432.jpg
But not in asia tho,Non_hope_speech,Images_SD/SD_NHS_0048.jpg
Baby Lives Matter,Non_hope_speech,Images_SD/SD_NHS_0038.jpg
This is great As middle school science teacher know and see how our culture does not seem to support females in science Ive started engineering projects this year and they have been well received by all boys and girlsnnIn reply to the comment about men not being in elementary Ed dont see men as not being encouraged to be teachers There is no culture saying men arent smart enough to be teachers However it seems girls may think they are not smart enough lot of it is misconceptions about what engineers are and donnIn response to the victim comment She is being an example for young girls that even if you are told you cant do something you should try again and not give up Teaching young girls to persevere and work hard is not bad thing,Hope_speech,Images_SD/SD_HS_0608.jpg
saw people saying that engineering is not thing capable for girls From that day decided to be an engineer and shut those peoples mouths,Hope_speech,Images_SD/SD_HS_0320.jpg
Somewhere along the line Dems are funding these goalless protests,Non_hope_speech,Images_SD/SD_NHS_0121.jpg
Conversion Therapy aka Abuse Segregation isnt thing in America anymore We have already accepted that were all equal and that we dont have to be segregated,Hope_speech,Images_SD/SD_HS_0316.jpg
All lives matter implies that all lives matter It doesnt mean to say that certain group of peoples lives dont matter It may also include groups that dont face any oppression and groups that do It also implies that the oppressed groups should be equal to the nonoppressed group,Hope_speech,Images_SD/SD_HS_0269.jpg
Black lives matter is racist and delusional,Non_hope_speech,Images_SD/SD_NHS_0519.jpg
like her creation Keep dreaming girl,Hope_speech,Images_SD/SD_HS_0109.jpg
That is absolutely contradiction though Apples are real But you cant disagree with apples Homosexuality is real And you cant disagree with it,Hope_speech,Images_SD/SD_HS_0093.jpg
am abhorred by what happened to George Floyd am white and am not racist But it is clear that racists have usurped this movement They are racists against freedom and against our constitutional liberties These racists want to destroy everything that has been gained for blacks and for whites in this country They want to bring tyranny and oppression giving control to the Democratic Left who have oppressed so many for so long Stand up America And stop them now,Hope_speech,Images_SD/SD_HS_0004.jpg
This video is so inspiring because im goin to study to becomr an enginner,Hope_speech,Images_SD/SD_HS_0324.jpg
To say anything for vote Shameful,Non_hope_speech,Images_SD/SD_NHS_0478.jpg
my sister do math know girls do lot of math we need more girl perpective in ingeniering like this womennthe man engineers make bridges,Hope_speech,Images_SD/SD_HS_0488.jpg
This made me tear up Hello from South Africa hope you didnt give up,Hope_speech,Images_SD/SD_HS_0257.jpg
this made me cry very inspiring,Hope_speech,Images_SD/SD_HS_0097.jpg
What in the hell is wrong with everyone Booed on stage for saying All lives matter They cant think for themselves Their thoughts are controlled by the media Pathetic,Non_hope_speech,Images_SD/SD_NHS_0457.jpg
And might not be in position to come out safely,Hope_speech,Images_SD/SD_HS_0185.jpg
The things that she has done are magnificentShe has personally flewn to Mexico to buy her friend some medicine for AIDSThis is not your everyday type of womanShes so intelligent tooI dont think shes appreciated enough,Hope_speech,Images_SD/SD_HS_0250.jpg
The definition of racism is when one colour is portrayed as more superior than another,Hope_speech,Images_SD/SD_HS_0563.jpg
funny how none of these idiots cared about this statue before today,Non_hope_speech,Images_SD/SD_NHS_0229.jpg
This guy is joke guess when he was younger the black panthers wasnt influence on him,Non_hope_speech,Images_SD/SD_NHS_0471.jpg
Pop Yeah get what youre saying Theres some things just cant get past honestly feel these last two albums shes made have been extremely dark Theres things that Ive picked up where my conscious tells me that doesnt sound or look right You know often ask myself when listening to one her songs,Non_hope_speech,Images_SD/SD_NHS_0555.jpg
NELICOPTER Ikr they always do this dont understand why they think its so amazing that if they work in specific job if theyre females,Hope_speech,Images_SD/SD_HS_0635.jpg
am doing aerospace engineering am in my first yearTbh was little doubtful but this video inspired me alot Thanks,Hope_speech,Images_SD/SD_HS_0552.jpg
Fellow Catholic checking in,Non_hope_speech,Images_SD/SD_NHS_0158.jpg
They have always had chips on their shoulders,Non_hope_speech,Images_SD/SD_NHS_0199.jpg
or maybe possibly straight,Non_hope_speech,Images_SD/SD_NHS_0508.jpg
We all cannot dismiss the influence she has had in the progress for change in LGBTQ rights,Hope_speech,Images_SD/SD_HS_0613.jpg
The Clown dont agree with everything about Madonna but too am sinner but let me ask you somethingwho turned all the men into sinnersIt goes both ways,Non_hope_speech,Images_SD/SD_NHS_0141.jpg
conversion therapy subjects people to abuse and many people who survive it end up with some sort of trauma disorder,Hope_speech,Images_SD/SD_HS_0169.jpg
am bisexual and am scared to tell my parents because am only ten years old so they wouldnt understand me the only one who knows this secret is KantaDiya she is also bisexual she is my dads another wife that no one knows about except me,Hope_speech,Images_SD/SD_HS_0299.jpg
This video almost made me cry The struggle is real,Hope_speech,Images_SD/SD_HS_0478.jpg
She turned 61 just months after this interview,Non_hope_speech,Images_SD/SD_NHS_0512.jpg
This is how the Irish problem startednPoliticians must listen to the peoplenStatues firstnThen what,Non_hope_speech,Images_SD/SD_NHS_0369.jpg
That would be just pure mean,Non_hope_speech,Images_SD/SD_NHS_0306.jpg
My choice is to love Could you give me some tips or something to be good friend to my friend Such sweet,Non_hope_speech,Images_SD/SD_NHS_0006.jpg
Provocateur why are you bringing tattoos into this So what if someone gets tattoo,Non_hope_speech,Images_SD/SD_NHS_0383.jpg
really dont think you have the authority to decide whether someone would benefit from US prison or not,Non_hope_speech,Images_SD/SD_NHS_0614.jpg
What do mean by snowflakes man,Non_hope_speech,Images_SD/SD_NHS_0573.jpg
grew up being supported by my chemical engineer father that taught me math with so much joy and love,Hope_speech,Images_SD/SD_HS_0328.jpg
so you have to be british to like british show,Non_hope_speech,Images_SD/SD_NHS_0241.jpg
All Lives Matter,Hope_speech,Images_SD/SD_HS_0036.jpg
Madonna if only you realised how much you affected my life through your music and passion you have brought me so many happy moments and for countless others,Hope_speech,Images_SD/SD_HS_0326.jpg
You inspired me to keep moving on my engineering program You are amazing thanks alot,Hope_speech,Images_SD/SD_HS_0431.jpg
by peaceful protests not violence or criminal damage,Hope_speech,Images_SD/SD_HS_0591.jpg
Political arroganceignorance is what got the world in the mess it is in,Non_hope_speech,Images_SD/SD_NHS_0301.jpg
We shouldnt be arresting and arresting black people for year See if the world gets lot safer,Non_hope_speech,Images_SD/SD_NHS_0243.jpg
Same here never saw it as something wouldnt be able to do if wanted to And never thought being female should play part in that Who cares if there are fewer women in the engineering fields than men Im here because wanted to work on engineering projects,Hope_speech,Images_SD/SD_HS_0134.jpg
What does TONY TIMKA think Hmmmm,Non_hope_speech,Images_SD/SD_NHS_0065.jpg
yh you did cause his names Jules,Non_hope_speech,Images_SD/SD_NHS_0143.jpg
Andrea Mendenhall white people can never win good god,Non_hope_speech,Images_SD/SD_NHS_0611.jpg
Steven grow up,Non_hope_speech,Images_SD/SD_NHS_0647.jpg
There are lot of adults that could learn from these kids Great job parents,Hope_speech,Images_SD/SD_HS_0005.jpg
gaming but history is the problem Perhaps if everyone could let go of the past rather than obsess over past glory and mistakes that caused trauma or create separation perhaps humans could start to move forward as species,Non_hope_speech,Images_SD/SD_NHS_0256.jpg
Absolutely horrible thats still thing,Non_hope_speech,Images_SD/SD_NHS_0532.jpg
There all making people hate them,Non_hope_speech,Images_SD/SD_NHS_0336.jpg
Nice guy not easy sad too,Non_hope_speech,Images_SD/SD_NHS_0016.jpg
All Lives Matter,Hope_speech,Images_SD/SD_HS_0303.jpg
cough cough cough cough coudies,Non_hope_speech,Images_SD/SD_NHS_0410.jpg
She looks amazing,Non_hope_speech,Images_SD/SD_NHS_0344.jpg
But cop pulling up car deep each car can say it gang have force number,Non_hope_speech,Images_SD/SD_NHS_0407.jpg
Im really tired of these gender stuff,Hope_speech,Images_SD/SD_HS_0118.jpg
LovelyLPSCrew OP said internalized dont think youre understanding the point lol,Non_hope_speech,Images_SD/SD_NHS_0093.jpg
Its Maya did say BL dont am an immigrant in this country and know more than someone else what it is like to be different But will keep saying that ALL LIVES MATTER ASIAN who was discriminated because of covid BTW,Hope_speech,Images_SD/SD_HS_0057.jpg
Wth why cant people just be like him,Non_hope_speech,Images_SD/SD_NHS_0373.jpg
Sutherland Ofcourse,Non_hope_speech,Images_SD/SD_NHS_0111.jpg
This video is so inspiring cant wait to start engineering in university in September,Hope_speech,Images_SD/SD_HS_0071.jpg
Needed going in the water wtf is there such disgusting monument there for anyway,Non_hope_speech,Images_SD/SD_NHS_0084.jpg
Unborn lives matter the most,Non_hope_speech,Images_SD/SD_NHS_0148.jpg
Obviously you lead boring life if youre here watching this video and you find it boring mean,Non_hope_speech,Images_SD/SD_NHS_0581.jpg
that would just be uh pure mean shes so cute omg,Non_hope_speech,Images_SD/SD_NHS_0409.jpg
Well he is right,Non_hope_speech,Images_SD/SD_NHS_0305.jpg
Shes in the Guinness Book of World Records as the most selling female recording artists of all time,Non_hope_speech,Images_SD/SD_NHS_0149.jpg
Boa In US women are given preference over men by,Hope_speech,Images_SD/SD_HS_0184.jpg
BLM what joke GET JOB,Non_hope_speech,Images_SD/SD_NHS_0380.jpg
Salehi exactly,Non_hope_speech,Images_SD/SD_NHS_0510.jpg
WOW FINALLY SOMEONE ELSE AGREES THERE IS ONLY ONE RACE,Non_hope_speech,Images_SD/SD_NHS_0080.jpg
If God was important they wouldnt oppose equal rights,Non_hope_speech,Images_SD/SD_NHS_0194.jpg
What is this university name Im in my last year of mechanical engineering and Im not loved to graduate as Im girl was buliing dayly and yes that is third world university,Non_hope_speech,Images_SD/SD_NHS_0342.jpg
remember watching this when was fifth or sixth grader when didnt really have clue about what was interested After four years,Hope_speech,Images_SD/SD_HS_0317.jpg
your nuts What planet do you live on Clearly you are clueless about her,Non_hope_speech,Images_SD/SD_NHS_0086.jpg
All people of good character matter,Hope_speech,Images_SD/SD_HS_0510.jpg
Im an LGBTQ kid dont know if Im bi or lesbian,Hope_speech,Images_SD/SD_HS_0646.jpg
more like you upstanding hero of little bean,Non_hope_speech,Images_SD/SD_NHS_0077.jpg
God bless and protect sherif Clarke,Non_hope_speech,Images_SD/SD_NHS_0447.jpg
That liberal dude looks like jazz raisin mixed with that John waters guy,Non_hope_speech,Images_SD/SD_NHS_0238.jpg
the kid who said his choice is to love thats fantastic kid,Hope_speech,Images_SD/SD_HS_0511.jpg
completely agree If you have natural interest in given topic,Non_hope_speech,Images_SD/SD_NHS_0135.jpg
BLM winning hearts and minds wherever they go,Hope_speech,Images_SD/SD_HS_0314.jpg
leila lalala :thinking face:maybe Ive never given it much thought,Non_hope_speech,Images_SD/SD_NHS_0184.jpg
theyre are very few now if days mostly republicans who are Christian are saying its sin at least where live,Non_hope_speech,Images_SD/SD_NHS_0096.jpg
Obama statistics Everything is just hunky dory,Non_hope_speech,Images_SD/SD_NHS_0567.jpg
Beautiful Human Being Earth,Non_hope_speech,Images_SD/SD_NHS_0218.jpg
God Bless all the Police risking their lives everyday,Non_hope_speech,Images_SD/SD_NHS_0465.jpg
You are such an inspiration would buy this toy for my daughters too,Hope_speech,Images_SD/SD_HS_0507.jpg
Also in my country female students are better than male students in every lesson Its not because they are less than girls,Hope_speech,Images_SD/SD_HS_0056.jpg
agree Just like homeless elderly Asian man got violently attacked by black man Does that man live not matter So yeah,Non_hope_speech,Images_SD/SD_NHS_0313.jpg
Sheriff and Larry Black on the outside white on the inside Sheriff and Larry Bending over for Trump,Non_hope_speech,Images_SD/SD_NHS_0622.jpg
All lives are sacred all lives matter,Hope_speech,Images_SD/SD_HS_0361.jpg
Why does this video have the date of Oct 15,Non_hope_speech,Images_SD/SD_NHS_0352.jpg
It would have been nice Im female engineer but no work will take me in So,Hope_speech,Images_SD/SD_HS_0584.jpg
Why ever bother to come out,Hope_speech,Images_SD/SD_HS_0623.jpg
Wafae Stop blaming men for womens choices of not getting into engineering and computer science,Hope_speech,Images_SD/SD_HS_0043.jpg
god gave us choice and my choice is to lovennnThat kid is so sweet,Hope_speech,Images_SD/SD_HS_0218.jpg
Bear ahhhh did the great Obama hurt your ego,Non_hope_speech,Images_SD/SD_NHS_0585.jpg
Painter youre uneducated and refuse to learn All lives matter has come to be protest against BLM That may not be how it started or how some people use that word,Non_hope_speech,Images_SD/SD_NHS_0365.jpg
Black here again,Non_hope_speech,Images_SD/SD_NHS_0046.jpg
All Lives Matter Follow the laws and be productive citizens in society then your life will matter otherwise you put your life in danger and it will not matter,Hope_speech,Images_SD/SD_HS_0341.jpg
pi Im Communist Lives Matter to those individuals in our lives but as Society we are not obligated Im Voting TRUMP 2020,Non_hope_speech,Images_SD/SD_NHS_0029.jpg
All lifes matter anyone who says other wise is rasist,Hope_speech,Images_SD/SD_HS_0205.jpg
This woman changed the world and keeps changing it Including my life Thank you,Hope_speech,Images_SD/SD_HS_0081.jpg
Jim Byrne what you just said is literally so racist and offensive:woozy face:,Non_hope_speech,Images_SD/SD_NHS_0411.jpg
Female engineer in the making and Im loving every step of the journey,Hope_speech,Images_SD/SD_HS_0003.jpg
Im black and never thought about this have changed my mind about this BLACK LIVES MATTER TOO,Non_hope_speech,Images_SD/SD_NHS_0439.jpg
This is absolutely amazing cant express enough how much good this attitude is doing the world,Hope_speech,Images_SD/SD_HS_0637.jpg
Pitner Didnt imply it was current at allnQuite simple statement,Non_hope_speech,Images_SD/SD_NHS_0400.jpg
No they dont want the truth They are soros robots,Non_hope_speech,Images_SD/SD_NHS_0548.jpg
we need to all join together ALL LIVES MATTERS,Hope_speech,Images_SD/SD_HS_0631.jpg
How are Christians ruining these kids when all of them were kind and respectful,Non_hope_speech,Images_SD/SD_NHS_0419.jpg
after watching this video feel more confident in me what have chosen in past Mechanical Engineering,Hope_speech,Images_SD/SD_HS_0545.jpg
blm will never matter,Non_hope_speech,Images_SD/SD_NHS_0235.jpg
Its amazing felt compelled to comment after being truly inspired by this woman,Hope_speech,Images_SD/SD_HS_0054.jpg
This is so inspiring always watch this when feel discouraged,Hope_speech,Images_SD/SD_HS_0261.jpg
apologise for stereotyping but the girl who said she didnt understand love,Non_hope_speech,Images_SD/SD_NHS_0001.jpg
My choice is to love my heart love him bro,Hope_speech,Images_SD/SD_HS_0224.jpg
men are assumed to be incompetent engineers as well until they do something competent to prove themselves,Non_hope_speech,Images_SD/SD_NHS_0610.jpg
This is the best vid in this channel Marcus was so good with these kids and the kids were open Even Amy when she said that she was open to it hope that Amy changes her mind eventually,Hope_speech,Images_SD/SD_HS_0430.jpg
We are all thinking it,Non_hope_speech,Images_SD/SD_NHS_0408.jpg
Beatiful It was inspiring for me,Hope_speech,Images_SD/SD_HS_0380.jpg
In the name of Black life matter Why cant protest when some people shoot in ur school,Non_hope_speech,Images_SD/SD_NHS_0142.jpg
my lives is matter,Non_hope_speech,Images_SD/SD_NHS_0189.jpg
bakkoush she was obviously raised differently than the other kids was raised extremely conservative and considered myself hardcore conservative too and stayed that way until met people that had different beliefs than my own That wasnt until was about 15 For all we know shes only just now really being exposed to these things She may change her mind on homosexuality,Hope_speech,Images_SD/SD_HS_0163.jpg
all lives matter but black lives are not currently being treated equally the goal of the BLM movement is to create equality not supremacy,Hope_speech,Images_SD/SD_HS_0344.jpg
The star was most likely chosen to fit the text,Non_hope_speech,Images_SD/SD_NHS_0145.jpg
Her eyes are so beautiful Very striking You can tell this is very heartfelt and emotional and genuine She has become very soft spoken here and it says much to the love she has in her heart for the underdog and those who suffer Wonderful Madonna,Hope_speech,Images_SD/SD_HS_0267.jpg
If person goes to war it is all lives matter You rely on the person next to you as much as heshe is relying on you,Hope_speech,Images_SD/SD_HS_0363.jpg
name What evidence All youve done thus far is appeal to your own incredulity That is not evidence No,Non_hope_speech,Images_SD/SD_NHS_0507.jpg
God gave us choice My choice is to love,Hope_speech,Images_SD/SD_HS_0289.jpg
DramaNation you dont get high by beer and beer isnt made from weed plants,Non_hope_speech,Images_SD/SD_NHS_0517.jpg
Send them back,Non_hope_speech,Images_SD/SD_NHS_0385.jpg
marcus where are the people who did this to you so can beat them with book,Non_hope_speech,Images_SD/SD_NHS_0230.jpg
Thank God he say that all lives matter,Hope_speech,Images_SD/SD_HS_0117.jpg
Ill be honest this speech did not inspire me She made it seem like they dont encourage women to do well in engineering As Chemical Engineering student have been nothing but supported by teachers and other classmates in my program to succeed and do well The STEM field wants more women in the field women just dont choose to be in the field The majority of women want to be in other careers like teaching or business Most of the girls that have talked to ask me why would want to be into major like this Its not problem of women not being encouraged to be in engineering,Hope_speech,Images_SD/SD_HS_0516.jpg
The child who said choose to love is so precious and enlightened hope more people are like them,Hope_speech,Images_SD/SD_HS_0060.jpg
So glad she didnt end up like so many celebrities have like,Non_hope_speech,Images_SD/SD_NHS_0643.jpg
hes not trying to be funny hes telling facts through the evelotinary chain of primates to humans roughly million years ago weve been the first species complex and capable enough to create third gender or at least reverse engineer gender not only that but most breeds of dogs and cats exsist today because humans are again the only species on earth capable of doing the things we do,Non_hope_speech,Images_SD/SD_NHS_0104.jpg
What about the sixyearold autistic kid that got killed by two black cops thats why all lives youre playing the race,Non_hope_speech,Images_SD/SD_NHS_0445.jpg
Im Catholic as well and the way some people abuse the bible in order to hurt others is abhorrent do not agree with conversion therapy at all,Hope_speech,Images_SD/SD_HS_0514.jpg
StAtIsTiCs are RaYsIsT,Non_hope_speech,Images_SD/SD_NHS_0449.jpg
as much as dont really agree with annie she was really polite about it and respectful,Hope_speech,Images_SD/SD_HS_0223.jpg
And we are happy you are not giving up on us,Hope_speech,Images_SD/SD_HS_0406.jpg
If it is accepted that all lives matter,Hope_speech,Images_SD/SD_HS_0385.jpg
This is for everyone am an 11 year old female want to be mechanic or engineer since made helicopter in DT have always been bit of tomboy since was young had poweranger action figures and loved marvel and DC and loads of action films when was about seven bunch of girls pushed me in to ditch and hit me with sticks was to scared to fight back but to strong to cry just stood there let them hit me and call me transgender until finally plucked up the courage to fight back stood there then as they were coming towards me took risk and dived into the thorns they missed me by millimetres so took the opportunity to run home ran to my bedroom and cried and years later still have problems with it but just want to give my message that we are all equal no matter race,Hope_speech,Images_SD/SD_HS_0296.jpg
Madonna is seriously repulsivelooking to me She has birdlike,Non_hope_speech,Images_SD/SD_NHS_0603.jpg
ETERNAL INSPIRATION nSHE SAVE MY LIFE,Hope_speech,Images_SD/SD_HS_0102.jpg
The gays are so wonderful,Hope_speech,Images_SD/SD_HS_0161.jpg
Animal lives also falls into all lives matter,Hope_speech,Images_SD/SD_HS_0262.jpg
88 no one should vandalise statue by movement that has no aim and no end they have lost their way and Will begin to distroy the country,Non_hope_speech,Images_SD/SD_NHS_0094.jpg
im 12 years old and im bisexual,Hope_speech,Images_SD/SD_HS_0546.jpg
Im pursuing civil engineering and most of my classmates are boys tho,Hope_speech,Images_SD/SD_HS_0268.jpg
We are in the times of the end as in the days of Noah were Crime is all over the world It wont be long now,Non_hope_speech,Images_SD/SD_NHS_0638.jpg
In my Engineering and Architecture Department around half the students are women It has really come long way as to decades ago where only handful of women are in class Our landscape architecture and chemical engineering graduates are all women Why have no idea to be honest,Hope_speech,Images_SD/SD_HS_0249.jpg
Weather your white or black just think for solitary second suppose you were white and it is all of sudden that it was illegal to say all live matter and only black lives matter was allowed to matter how would that make your kind feelnnIf were all of you would heavily think about not caring for only one nationality one race and only one skin color and think about each and every ounce of life that is on this planet because every single day everyone is killing one another and if you all dont stop its going to keep on going until there is no more life on this planet nnAll life matters because all life is precious nnLike Hannity said if you all dont have the courage to speak out and say ALL Lives MATTER then you all are political racist cowereds nnGod bless you Hannity,Hope_speech,Images_SD/SD_HS_0579.jpg
cant believe live In world where saying all lives are important is condemnable :person facepalming:,Hope_speech,Images_SD/SD_HS_0362.jpg
what thought the west classify asians as yellow huh,Non_hope_speech,Images_SD/SD_NHS_0211.jpg
Im bissexual conversion therapy surviver,Hope_speech,Images_SD/SD_HS_0089.jpg
How is she supposed to do that,Non_hope_speech,Images_SD/SD_NHS_0442.jpg
If she comes out at this point it must be choice nnjk annie we all support you no matter what,Hope_speech,Images_SD/SD_HS_0496.jpg
When you cant say All lives matter your racist All Lives matter,Hope_speech,Images_SD/SD_HS_0151.jpg
You speak with women in technical way,Non_hope_speech,Images_SD/SD_NHS_0045.jpg
ARREST THE KILLERS OF BREONNA TAYLOR,Non_hope_speech,Images_SD/SD_NHS_0157.jpg
Tucker Carlson is fired from Fox news republican massmedia talked too much common sense,Non_hope_speech,Images_SD/SD_NHS_0558.jpg
Im really getting sick of BLM,Non_hope_speech,Images_SD/SD_NHS_0110.jpg
Deville If theres anything stupid said its what youve just written mate Know what your talking about before you write such narrow minded nonsense im not even from the US,Non_hope_speech,Images_SD/SD_NHS_0590.jpg
Having homossexual relationships used to be normal in old Greecer The Spartans accepted it as way of creating bond between warriors,Hope_speech,Images_SD/SD_HS_0629.jpg
In actuality both the colours black and white are not colours They are lack of colour,Non_hope_speech,Images_SD/SD_NHS_0201.jpg
would never apologize for saying all lives matter,Non_hope_speech,Images_SD/SD_NHS_0217.jpg
What change does throwing over statues make Shouldnt they lobby the government What police brutality is there against blacks in the UK Even the leftist BBC doesnt say this is correct,Non_hope_speech,Images_SD/SD_NHS_0190.jpg
Ivanov it literally does more harm than good Most people who make it out of conversion end up having to get ACTUAL therapy,Non_hope_speech,Images_SD/SD_NHS_0118.jpg
know right it feels horrible to have someone assume your sexuality,Non_hope_speech,Images_SD/SD_NHS_0415.jpg
believe in all lives matter but what most people get upset about is that its protest to Black lives matter Thats the only light can shed on the BLM movement for getting upset about ALM,Non_hope_speech,Images_SD/SD_NHS_0025.jpg
Imagine going off on someone for an ongoing LGBTQ joke within the community,Non_hope_speech,Images_SD/SD_NHS_0225.jpg
Im currently doing civil engineering im girl and im on wheelchair which makes it even worse everone looks ar me like Im crazy how are you going to go on site those are the few demoralizing question get and this video made me cry so much And have to say it is not fair there are more boys than girls it is intimidating,Hope_speech,Images_SD/SD_HS_0621.jpg
all live matter key word ALL meaning ALSO black lives,Hope_speech,Images_SD/SD_HS_0419.jpg
Love her always,Non_hope_speech,Images_SD/SD_NHS_0154.jpg
When ever discussion about black lives agenda there is always someone with red herring distruction to divert the conversation,Non_hope_speech,Images_SD/SD_NHS_0596.jpg
Women should have the oportunity to follow their dreams despite anyone telling them NO you cant,Hope_speech,Images_SD/SD_HS_0313.jpg
Shrodinger Kat youre saying that people are entitled to Religion but youre also saying that they cant actually adopt the full beliefs of their religion even the ones you may personally disagree with or society may disagree with,Non_hope_speech,Images_SD/SD_NHS_0335.jpg
Who us protesting for Equality,Non_hope_speech,Images_SD/SD_NHS_0427.jpg
Can we agree all lives are equal,Non_hope_speech,Images_SD/SD_NHS_0132.jpg
ok annie you can leave now,Non_hope_speech,Images_SD/SD_NHS_0431.jpg
IT But why strongly believed in God and still do,Non_hope_speech,Images_SD/SD_NHS_0545.jpg
Im so glad my parents always gave me puzzles and remote controlled cars and let me tinker on small appliances as kid was never drawn to baby dolls and Princess shit,Hope_speech,Images_SD/SD_HS_0375.jpg
Nobody says blue lives matter,Non_hope_speech,Images_SD/SD_NHS_0210.jpg
Just be like Gary and everything Will be ok,Non_hope_speech,Images_SD/SD_NHS_0032.jpg
Were not gonna be your friend because you like doctor who,Non_hope_speech,Images_SD/SD_NHS_0018.jpg
Every Life Matters,Hope_speech,Images_SD/SD_HS_0024.jpg
PEOPLE matter We need to not care about skin color As MLK said,Hope_speech,Images_SD/SD_HS_0214.jpg
OMFG All lives matters All lives matter equallynnBut some lives are treated as if they dont matter That does not mean their lives do not matter nnLook,Non_hope_speech,Images_SD/SD_NHS_0255.jpg
rippy pancakes Slavery has been around since day one,Non_hope_speech,Images_SD/SD_NHS_0341.jpg
Not for all people And it isnt needed,Non_hope_speech,Images_SD/SD_NHS_0597.jpg
Staged and facilitated,Non_hope_speech,Images_SD/SD_NHS_0246.jpg
Whoever tries to change people is messed up nWe should learn to accept people for who they are nIf you dont agree with who someone is do not change them,Hope_speech,Images_SD/SD_HS_0193.jpg
Were all equal right,Hope_speech,Images_SD/SD_HS_0278.jpg
If you dont want kids to understand what other people have gone through then dont watch and its not brainwashing its telling kids whats wrong with religious people who take it to seriously,Hope_speech,Images_SD/SD_HS_0015.jpg
What has she done,Non_hope_speech,Images_SD/SD_NHS_0078.jpg
Candra Rakhmasari nYES using religion to abuse someone and take away their rites goes against the golden rule Do onto others as you want done to you It goes against peace when treating people with hate It makes me so mad when people use religion to abuse other people,Hope_speech,Images_SD/SD_HS_0559.jpg
Ah Glad this video popped out in my suggestion just in time am freshman in agriculture engineering And female At first,Hope_speech,Images_SD/SD_HS_0171.jpg
Elana Vital Its difficult one Historically females were considered less valuable to the tribe They cant fight,Non_hope_speech,Images_SD/SD_NHS_0546.jpg
Barth am all for people being happy,Hope_speech,Images_SD/SD_HS_0352.jpg
RACISTnR athernA nnoyingnC ommunistnI nspirednS ilencingnT actic,Non_hope_speech,Images_SD/SD_NHS_0580.jpg
What about the lack of women in construction,Hope_speech,Images_SD/SD_HS_0641.jpg
David Cobb no bell end its not what said is it,Non_hope_speech,Images_SD/SD_NHS_0214.jpg
God gave us choice My choice is to love Im not crying Youre crying What lovely young person,Hope_speech,Images_SD/SD_HS_0021.jpg
So its an insult to say,Non_hope_speech,Images_SD/SD_NHS_0108.jpg
Hillary Clinton,Non_hope_speech,Images_SD/SD_NHS_0030.jpg
Oh and by the way Im black hispanic,Non_hope_speech,Images_SD/SD_NHS_0314.jpg
nobody said you can only be those two things Of course trans people can be gay,Hope_speech,Images_SD/SD_HS_0047.jpg
She saved my life,Hope_speech,Images_SD/SD_HS_0539.jpg
Sure wished played with legos as young child,Hope_speech,Images_SD/SD_HS_0524.jpg
it is in some states but any religious organization is able to preform conversion therapy in any state,Non_hope_speech,Images_SD/SD_NHS_0115.jpg
You cant change the world with hate you just make hate and you cant change people without showing changing in yourself if someone going stay corrupted the rest of the world aint going to change for you and some people and going to change you just got to be happy in your life amongst world full of haters,Hope_speech,Images_SD/SD_HS_0252.jpg
took up an Industrial Engineering course long time ago didnt finish my course 1st year to 3rd year was doubting myself that cannot make it to the final year and when reached the 4th year that was the moment that was so eager to finish the course but unfortunately wasnt able to enrol for 2nd semester due to financial challenges When the speaker said that they were on female students in the classI remembered those days when we were also girls and no excuses on all of our classes and demos am now 36 years old dont see myself going back to study and continue the same course but really wish did,Hope_speech,Images_SD/SD_HS_0094.jpg
More ad hominems and no facts yawn,Non_hope_speech,Images_SD/SD_NHS_0052.jpg
Fernandes Darwins Theory still stands,Non_hope_speech,Images_SD/SD_NHS_0563.jpg
Look around you,Non_hope_speech,Images_SD/SD_NHS_0528.jpg
Cobb Your statement is only partially correct Whilst it is illegal to hold an adult against their will with the intent to convert them,Hope_speech,Images_SD/SD_HS_0067.jpg
If it wasnt for Truth or Dare wouldnt have come out unashamed and proud like did Madonna and that movie enabled me to be me from the start and save lots of time self hating Thank you,Hope_speech,Images_SD/SD_HS_0540.jpg
this woman changed my life,Non_hope_speech,Images_SD/SD_NHS_0033.jpg
Madonna has always been philanthropist for the LGBT community,Hope_speech,Images_SD/SD_HS_0335.jpg
Im sorry but cant fight racism with racism blacks can be as racist as whites all racism is wrong doesnt matter who the race is,Hope_speech,Images_SD/SD_HS_0229.jpg
Is Alive you can be lesbian and Christian,Hope_speech,Images_SD/SD_HS_0239.jpg
Kneel Down New Normal,Non_hope_speech,Images_SD/SD_NHS_0318.jpg
Im sorry to say this but dont think that she can do very much in order to inspire girls to become engineers with her product as it still heavily relies on the parents buying them believe that the real issue isnt getting girls interested in engineering but rather to prevent parents from pushing their kids into stereotypical roles because think that the families that buy Miss Sterlings books are the same that would have also gotten their girls variety of toys,Hope_speech,Images_SD/SD_HS_0594.jpg
Is this more of problem in the west Because if you visit other countries there are many female engineers and science majors,Hope_speech,Images_SD/SD_HS_0066.jpg
The problems that they bring up are real and are faced by women in the tech industry It may not seem like,Hope_speech,Images_SD/SD_HS_0146.jpg
All lives matter ridiculous to think otherwise,Hope_speech,Images_SD/SD_HS_0493.jpg
literally thought she was lesbian,Non_hope_speech,Images_SD/SD_NHS_0160.jpg
am man and support this,Hope_speech,Images_SD/SD_HS_0202.jpg
ALL lives matter Otherwise its racism,Hope_speech,Images_SD/SD_HS_0458.jpg
Im also studying chemical engineering also cried when watched this video:sneezing face: and totally understand how you felt,Hope_speech,Images_SD/SD_HS_0200.jpg
have always loved her and her soul Madonna you are amazingly inspirational,Hope_speech,Images_SD/SD_HS_0413.jpg
The girl that doesnt agree with homosexuality looks like she hasnt came out yet:rolling on the floor laughing:,Non_hope_speech,Images_SD/SD_NHS_0019.jpg
These kids are really mature and understanding nThe girl with short hair probably didnt grow up in environment that allowed her to develop her own opinions and values,Hope_speech,Images_SD/SD_HS_0505.jpg
All are like unto GodnAnd we should be ashamed to thing we are above someone nJesus Christ said no better love then this but he who lays down his lift for his friendsnAnd that is just what Jesus Christ did for all who ever lived nTo him each of us mattersnWho are we to say one color is above anothernWhite people died to free slaves And Black people died to keep our country free We owe lot to bothnAll lives matter,Hope_speech,Images_SD/SD_HS_0383.jpg
Its okay to be white,Non_hope_speech,Images_SD/SD_NHS_0426.jpg
Please describe the exact crime and violence BLM itself has caused and promoted,Non_hope_speech,Images_SD/SD_NHS_0386.jpg
100 this They know nothing,Non_hope_speech,Images_SD/SD_NHS_0106.jpg
Not true my friend Racism is still very high today but it is lower than it was 60 years ago,Non_hope_speech,Images_SD/SD_NHS_0494.jpg
Blue Lives Matter Black Lives Matter Hispanic Lives Matter Asian Lives Matter White Lives Matter ETCAll Lives Matter Defend the Police Reduce crime Stop resisting arrest Stop talking back Obey the Law Respect the Police and anyone in Authority Simple Rule Criminals are like Children You need to punish bad behaviors Law and Order and JusticeA Civilized Society,Hope_speech,Images_SD/SD_HS_0597.jpg
Omg luv Madonna She is my hero and will always defend her against all the haters Lets appreciate this living legend,Hope_speech,Images_SD/SD_HS_0140.jpg
My husband is male nurse,Hope_speech,Images_SD/SD_HS_0034.jpg
White lives matter Black lives matter your lives matterThe ridiculous crap needs to stop,Non_hope_speech,Images_SD/SD_NHS_0165.jpg
Brown So Im not good person because teach Gods word and have been kind to everyone here am genuine and have shown that throughout this entire thread You didnt say word,Non_hope_speech,Images_SD/SD_NHS_0381.jpg
Not matter if you like man or woman god love you all equal,Hope_speech,Images_SD/SD_HS_0397.jpg
Every life on this world matters,Hope_speech,Images_SD/SD_HS_0445.jpg
The Home Secretary is stupid coolie,Non_hope_speech,Images_SD/SD_NHS_0239.jpg
The founder of the Toronto Pride event made statement after pride day was over basically saying that BLM will not dictate to pride what they can or cant do He only signed their demands to move them along,Hope_speech,Images_SD/SD_HS_0371.jpg
Thats incredible Keep it up,Hope_speech,Images_SD/SD_HS_0415.jpg
Well you sum it up this way When whales get abused We say save the whales When the rhinos get abused and murdered for there horns We say save the rhinoceros We dont say save all animals when one in particular is getting murdered or abused You accentuate the one thats getting abused at the time,Non_hope_speech,Images_SD/SD_NHS_0608.jpg
GOD LOVES ALL OF MANKIND HE HIS NO RESPECTABLE PERSON IN HIS LOVE ALL LIVES MATTER,Hope_speech,Images_SD/SD_HS_0411.jpg
She has never been afraid to say these are my friends and love themnThis was well before it was fashionable to embrace the gaysnShe and Elizabeth Taylor were throwing millions of dollars towards AIDS research in the beginning,Hope_speech,Images_SD/SD_HS_0254.jpg
dont really understand the idea of people assuming peoples sexuality based on their appearance Like we are fighting against stereotypes but still are using stereotypes,Hope_speech,Images_SD/SD_HS_0167.jpg
Sunshine littlephilly Iv heard if believe in Jesus and know him as my saviour will go to heaven we all sin,Non_hope_speech,Images_SD/SD_NHS_0197.jpg
Cheese Oh my god youre genius,Non_hope_speech,Images_SD/SD_NHS_0361.jpg
Lets dispel with this notion that Donald Trump doesnt know what hes doing He knows exactly what hes doing,Non_hope_speech,Images_SD/SD_NHS_0600.jpg
god gave us choice,Hope_speech,Images_SD/SD_HS_0095.jpg
If white person says white lives matter he she is racist If black person says black lives matter he she is fighter for civil rights What nonsense,Hope_speech,Images_SD/SD_HS_0487.jpg
Hey im going to study electromechanical engineer but didt pay very attention to thisI never thought that all the student will be boys omg im scared where did get,Non_hope_speech,Images_SD/SD_NHS_0257.jpg
Why cant you say all lives matter but you can say black lives matter thats bit selfish,Hope_speech,Images_SD/SD_HS_0007.jpg
All life matter Jesus tells us all life matter,Hope_speech,Images_SD/SD_HS_0501.jpg
Why not they burned our history we are the creators of the world,Non_hope_speech,Images_SD/SD_NHS_0159.jpg
Well still respect you,Non_hope_speech,Images_SD/SD_NHS_0050.jpg
God Bless all the Police risking their lives everyday protecting our communities and restoring order,Hope_speech,Images_SD/SD_HS_0072.jpg
TnThe Narrative tell lie often enough and sooner or later people will believe it,Non_hope_speech,Images_SD/SD_NHS_0458.jpg
Saying dont agree with homosexuality is the equivalent of saying dont agree with left handed people,Hope_speech,Images_SD/SD_HS_0519.jpg
These protesters have completely disregarded the feelings of the majority of the people who dont want the statue to be removed And when these people actually did take it down they end up throwing it in the river Like that is the example modern society is supposed to be taking when we are all meant to be more environmentally conscious about dumping hope they are able to fish it out of the river,Hope_speech,Images_SD/SD_HS_0045.jpg
Wood How so Did we say George Floyd was savior of mankind Did he save someones life No George Floyd is one of many black people who died of police brutality and social inequality He was catalyst that finally allowed this chain reaction to explode Please understand the meaning of all this before ever thinking about posting something so despicable as this,Non_hope_speech,Images_SD/SD_NHS_0338.jpg
Im so sorry for what has happened to you by so called Christians Im Christian and were here to love and meet others were they are not force our beliefs onto others and hurt people Thats never what Jesus intended and apologize for them,Hope_speech,Images_SD/SD_HS_0286.jpg
dont watch things that doesnt interest me Why this world has to be so negative am praying and many others are as well Take care,Hope_speech,Images_SD/SD_HS_0460.jpg
really dont agree on the process he went to am Christian but dont think the Bible teaches such procedure My job is to love on people,Hope_speech,Images_SD/SD_HS_0110.jpg
White man is weak nowadaysnWhat disgrace,Non_hope_speech,Images_SD/SD_NHS_0349.jpg
What the fuk is an African American You really are propper fukked up country,Non_hope_speech,Images_SD/SD_NHS_0330.jpg
Until everyone can understand that ALL LIVES MATTER,Non_hope_speech,Images_SD/SD_NHS_0183.jpg
Churchill statue next,Non_hope_speech,Images_SD/SD_NHS_0370.jpg
Almost everything in kids education is NOT gender neutral Thats the point,Hope_speech,Images_SD/SD_HS_0187.jpg
Well granny lost the eye patch,Non_hope_speech,Images_SD/SD_NHS_0319.jpg
Im trump supporter Im anti Islam and anti feminism BUT Im pro LGBT pro womens rights just not for all the femenazi BS,Hope_speech,Images_SD/SD_HS_0442.jpg
Johnson nHer comment wasnt emotional at allnIt pointed out the reality you are ignoring moronWomen get uncomfortable when theyre treated unfairly and that is somehow their fault So instead of killing off sexism women in your world should just put up with itnOK,Hope_speech,Images_SD/SD_HS_0590.jpg
Im with the sheriff,Non_hope_speech,Images_SD/SD_NHS_0180.jpg
If all lives matter to God,Hope_speech,Images_SD/SD_HS_0554.jpg
This is extremely inspiring as im applying for colleges now to become chemical engineer really hope this sort of attention to the lack of female engineers only increases,Hope_speech,Images_SD/SD_HS_0408.jpg
Out of egypt have called my son,Non_hope_speech,Images_SD/SD_NHS_0324.jpg
Every life matters Im rich and white and Ive never been taught to hate have friend of all color cause Im purple Get it together people,Hope_speech,Images_SD/SD_HS_0206.jpg
Actually there have been very few cases of it working,Non_hope_speech,Images_SD/SD_NHS_0271.jpg
BLM sounds like fashizm That is exactly how it started back in the history,Non_hope_speech,Images_SD/SD_NHS_0493.jpg
Is Alive Im Christian and Im Lesbian,Hope_speech,Images_SD/SD_HS_0421.jpg
think Prince Andrew is utterly disgraceful :shushing face:,Non_hope_speech,Images_SD/SD_NHS_0644.jpg
God gave us choice My choice is to love That is the sweetest thing Ive ever heard,Hope_speech,Images_SD/SD_HS_0155.jpg
Not only blacks almost everybody from all races are being affected by the misuse of power shown by the police,Non_hope_speech,Images_SD/SD_NHS_0473.jpg
do kind of dislike the depiction of Maui Im from New Zealand,Non_hope_speech,Images_SD/SD_NHS_0503.jpg
Yall talking lesbian but think it more likely thats shell come out as trans,Non_hope_speech,Images_SD/SD_NHS_0372.jpg
Also Im not disagreeing with you but the enslaved bit was for every other race apart from white but still ALM,Non_hope_speech,Images_SD/SD_NHS_0377.jpg
Im STEM student and really wanted to be civil engineer,Hope_speech,Images_SD/SD_HS_0157.jpg
jzizzles Im Christian and my family loves all people,Hope_speech,Images_SD/SD_HS_0367.jpg
Madonna has been an advocate from day dot She fought so hard for and with LGBT people She is an icon and legend in every sense of the word Her heart is so pure,Hope_speech,Images_SD/SD_HS_0100.jpg
ALL LIVE MATTER All controversy over this is caused by racist bigots Black lives mater is racist statement and supports segregation Black lives matter supports black supremacy just as KKK supports white supremacy Black lives matter and KKK ate both equally racist Plain and simple,Hope_speech,Images_SD/SD_HS_0541.jpg
Robots Player He did not shoot her but he threatened to,Non_hope_speech,Images_SD/SD_NHS_0543.jpg
Its really hard to relish this slogan because it has been politicized in way that condemns blm and its motives as whole,Non_hope_speech,Images_SD/SD_NHS_0474.jpg
if your becoming racist because of slaver statue so be it,Non_hope_speech,Images_SD/SD_NHS_0202.jpg
Okey so all my life Ive wanted to be writer or actress,Non_hope_speech,Images_SD/SD_NHS_0061.jpg
Do not give up hope not matter what,Hope_speech,Images_SD/SD_HS_0557.jpg
Women today so physical labour lot more od they can do it today they couldve done it back then as wellTHERES NO excuse for not allowing women to vote or get education and sell them like property you fucking moron,Hope_speech,Images_SD/SD_HS_0063.jpg
Randomgirlwhosings0804 what is there for you to agree on when it comes to sexuality Its their sexuality You cant change it lol,Hope_speech,Images_SD/SD_HS_0204.jpg
All lives do matter though,Hope_speech,Images_SD/SD_HS_0542.jpg
She is sooo nice God bless her Love from Colombia,Hope_speech,Images_SD/SD_HS_0201.jpg
very few want him in officehes already fucked up the country has tried to be king Obama Hes just going to declare Martial law crown himself king If bloody Hillary cant buy her way into being president,Non_hope_speech,Images_SD/SD_NHS_0248.jpg
Its done Get over it It needed to be done and the government was just stalling,Non_hope_speech,Images_SD/SD_NHS_0003.jpg
All lives matter have all race in my family So sad Jesus loves us all the same and so should you,Hope_speech,Images_SD/SD_HS_0111.jpg
Her speech got me through the toughest parts of my engineering student life Ill be graduating next semester and Im super excited for whats to come,Hope_speech,Images_SD/SD_HS_0469.jpg
Joannot Fampionona Thats changing the definition of violence completelynnAnd about those cases these women present they sound to me like exaggerations made by them What do you do everyone gets ask that not only women And being surprised that someone is an engineer is normal,Hope_speech,Images_SD/SD_HS_0405.jpg
Tian Im with you sis Im half Asian and latinos is time to stand up for our other minorities ouse they matter as well ALL LIVES MATTERS,Hope_speech,Images_SD/SD_HS_0016.jpg
The things she says are truly inspiring It really feels like all of the engineering world has been constructed by old white men and is targeted towards old white men,Hope_speech,Images_SD/SD_HS_0270.jpg
The oppressed will RISE up,Non_hope_speech,Images_SD/SD_NHS_0186.jpg
girl Also my other issue is as the LGBTQ community is fighting for freedom equality they are treating anyone with different opinion as if theyve done something wrong,Hope_speech,Images_SD/SD_HS_0158.jpg
Racism is an individual trait Dont impose racism to certain group Obama won two times because of white votes Just because certain number of individual showed something wrong you can say that whole race is racist,Hope_speech,Images_SD/SD_HS_0500.jpg
Thats the dumbest op Ive seen in while The president IS the person whos running the country dumbass,Non_hope_speech,Images_SD/SD_NHS_0258.jpg
do really hope that the citizens of America Would not judge the color of their skin but the content of their character no matter what race you are or where you from do really hope that in the near or Far future that they would adopt the quote,Hope_speech,Images_SD/SD_HS_0124.jpg
Im fully aware that not everyone is Christian have NEVER said people have to do what God has said Its not my religion,Non_hope_speech,Images_SD/SD_NHS_0594.jpg
Rivas Black people,Non_hope_speech,Images_SD/SD_NHS_0520.jpg
That would just beuh pure mean love that,Non_hope_speech,Images_SD/SD_NHS_0556.jpg
it doesnt matter what your family does when you want to make career for yourself what matters is what you can or will do youre in no better position then the one who comes from poor family and also wanting to be video game developer,Hope_speech,Images_SD/SD_HS_0116.jpg
all lives matter without that we never have peace so to me forever all lives matter,Hope_speech,Images_SD/SD_HS_0264.jpg
Did the shorthaired lesbian just say dont agree with like homosexuality Im shook,Non_hope_speech,Images_SD/SD_NHS_0320.jpg
ALL LIVES MATTER young old black white brown god made us all cuz he loves us all thats it bottom line,Hope_speech,Images_SD/SD_HS_0490.jpg
BP Gaming but if say what he said Id be threatened,Non_hope_speech,Images_SD/SD_NHS_0253.jpg
Hey have respect for All Lives MATTER Its the TRUTH that is being ignored The Politicians are creating narrative that diverts attention away from our Childrens Safety,Hope_speech,Images_SD/SD_HS_0449.jpg
Athy1 Im over here trying to figure out whats it going to do nnnnDont get mad anyone who reads this,Non_hope_speech,Images_SD/SD_NHS_0116.jpg
Its not All lives do matter End of argument,Hope_speech,Images_SD/SD_HS_0148.jpg
Wow The plantation owners have really gotten the slaves fighting for them,Non_hope_speech,Images_SD/SD_NHS_0128.jpg
she is great engineer also want to become professor of civil engineering and teach uni students was really inspired by her great work,Hope_speech,Images_SD/SD_HS_0188.jpg
Can just say Theres like no proof that God hates Gays,Hope_speech,Images_SD/SD_HS_0401.jpg
Are you fcking high Brainwashed drone,Non_hope_speech,Images_SD/SD_NHS_0127.jpg
Love Sheriff Clark he is awesome,Non_hope_speech,Images_SD/SD_NHS_0054.jpg
james bolem look up the actual meaning of BLM 2020 We want equality for all races We want to end oppression We want to end killing of innocent ppl We want to end brutality We want to end stereotypes If you cant see that,Hope_speech,Images_SD/SD_HS_0203.jpg
If have learned anything from this woman it is that corporations dictate way too much by deciding how girls and boys should live Dont let corporation dictate what your child should play with as these toys influence alot You as the consumer decide what the demand is and the supply will come Imma share this video to somebody,Hope_speech,Images_SD/SD_HS_0276.jpg
Im 29yearold trans man and guarantee that wouldve said the things Annie said when was about 13 years old,Hope_speech,Images_SD/SD_HS_0023.jpg
Inspiring the next generation of Femgineers,Hope_speech,Images_SD/SD_HS_0196.jpg
Alexander Laurie Birchley what does bringing down war memorialsleaders even achieve Who would actually benefit from it Theyre literally only doing it to look good,Non_hope_speech,Images_SD/SD_NHS_0294.jpg
All lives Matter god created all people equal,Hope_speech,Images_SD/SD_HS_0354.jpg
My choice is to love nnHi Im Mike Pence,Hope_speech,Images_SD/SD_HS_0055.jpg
Black college students at MANY universities are demanding black only spaces,Non_hope_speech,Images_SD/SD_NHS_0486.jpg
BLACK LIVES MATTER IS Racist statement which pushes narrative of hate and violence IDENTIFYING HUMAN BEINGS BY THEIR SKIN COLOR IS RACIST Besides dont think that ever met BLACK person Your skin Color is not black if you really want to go there,Hope_speech,Images_SD/SD_HS_0076.jpg
could care lessmy kids lives matterand hardly anyone elses,Hope_speech,Images_SD/SD_HS_0019.jpg
Is User hrnnngngggggn marxist nsdhjdbdkdhdknnanyways the looting has mostly stopped as they have now gotten much more organizednnthe protestors have also made wishes to not be violent,Non_hope_speech,Images_SD/SD_NHS_0454.jpg
This is WONDERFUL interview Love Madonna,Non_hope_speech,Images_SD/SD_NHS_0589.jpg
Jenny Yao am asking for 5050 with strong protections against misandric discrimination Males in those professions are double victims of capitalisms wage scale inequalities and also sexism against men in those professions,Hope_speech,Images_SD/SD_HS_0374.jpg
Can ask serious question blm is wanting change but why wont blm got to the continent of Africa and protest in some of the war zone countries,Non_hope_speech,Images_SD/SD_NHS_0500.jpg
the Niller Waffer oh,Non_hope_speech,Images_SD/SD_NHS_0290.jpg
dont agree with homosexuality sounds as stupid as dont agree with being Its fact about someone,Hope_speech,Images_SD/SD_HS_0569.jpg
Its really amazing,Non_hope_speech,Images_SD/SD_NHS_0278.jpg
Is Alive Okay fine,Non_hope_speech,Images_SD/SD_NHS_0073.jpg
Morrison think phrased it wrong in the sense that never played with Legos Ive seen it,Non_hope_speech,Images_SD/SD_NHS_0150.jpg
What matter Every lives is matter,Hope_speech,Images_SD/SD_HS_0178.jpg
Literally everyone was thinking this,Non_hope_speech,Images_SD/SD_NHS_0566.jpg
Its so nice seeing the these comments Im pan myself and it always makes me so happy seeing others like me,Hope_speech,Images_SD/SD_HS_0242.jpg
think this is amazing Inspiring young girls What the heck is everyone complaining about This woman is my role model,Hope_speech,Images_SD/SD_HS_0078.jpg
God gave us choice and chose to love EXCUSE ME WHILE GO CRY THIS KID IS TOO CUTE,Hope_speech,Images_SD/SD_HS_0616.jpg
mdnayoure beacon of hope in dark unpredictable worldthank you for standing up and continuing the fight for changei love you,Hope_speech,Images_SD/SD_HS_0241.jpg
This is 100 true But your oppinion cannot change the fact that the world has race problem You can choose to ignore it but its there All lives cannot matter until black lives matter It is not possible for all lives to matter if weother races keep on blowing up innocent black people,Non_hope_speech,Images_SD/SD_NHS_0455.jpg
wait minute isnt the leader of the democrats black man come on black people all lives do matter,Non_hope_speech,Images_SD/SD_NHS_0002.jpg
am bisexual came out of the closet years ago to tell my parents had crush on my BFF This was after had dates with boys My parents were okay with this cried because was afraid that they were the type of parents know other people have whod beat up their kid or kick them out of the house just for being LBGTQ Unfortunately,Hope_speech,Images_SD/SD_HS_0544.jpg
Stupidity will never give you or anyone else break TJ,Non_hope_speech,Images_SD/SD_NHS_0100.jpg
If you need to add survivor then it is not therapy,Non_hope_speech,Images_SD/SD_NHS_0269.jpg
Go to Chicago See if Black lives matter there,Non_hope_speech,Images_SD/SD_NHS_0326.jpg
All lives matter to JesusI will side with the Lord,Hope_speech,Images_SD/SD_HS_0427.jpg
Being girl is not just about pink color and dolls and homie stuffs It is more than that We all are equal Thanks for giving this wonderful speech and sharing ur thoughts with this world am really glad,Hope_speech,Images_SD/SD_HS_0370.jpg
did you know black and white are not colors they are shades go try reading book and learn,Non_hope_speech,Images_SD/SD_NHS_0273.jpg
Not agreeing with someones sexuality is like not agreeing with someones skin colour Its part of who they are nnIs there an aversion therapy for being heterosexual,Hope_speech,Images_SD/SD_HS_0386.jpg
Well dont agree with your delusions,Non_hope_speech,Images_SD/SD_NHS_0247.jpg
We are so lucky and fortunate to have someone so smart and so dedicated to us and the cause,Hope_speech,Images_SD/SD_HS_0615.jpg
This video is not just pointless,Non_hope_speech,Images_SD/SD_NHS_0460.jpg
To the ones who think or feel not all religious people are bad In this case we are assuming christianity for right know There are bad Christians no lie this is true but also lot of Christians are kind are excepting So be kind used to hate Christians because thought they would hate me back But realized not all of them will hate me,Hope_speech,Images_SD/SD_HS_0562.jpg
Gays love you too Madonna Thank you,Non_hope_speech,Images_SD/SD_NHS_0215.jpg
Black lives matter have stupid cousin who laughed at women on Tiktok because of her complexion could not believe it Even if walked away by scolding need to get him to accept the fact that evry soul in this world is unique Weather black or white everyone matters love yall if you support us Pls give me some advice,Non_hope_speech,Images_SD/SD_NHS_0645.jpg
Rizki religion is choice whereas homosexuality is something youre born with,Hope_speech,Images_SD/SD_HS_0312.jpg
2020 is the moment that ppl wont ever forget,Non_hope_speech,Images_SD/SD_NHS_0526.jpg
not gonna lie sounds like horse race All lives matter no matter who you are,Non_hope_speech,Images_SD/SD_NHS_0618.jpg
Maybe lets stop assuming wether Annie will come out or not Kinda unfair to assume wether someone is LGBT based on the way someone looks,Hope_speech,Images_SD/SD_HS_0077.jpg
Im so proud of you keep your head high and keep fighting for your dreamswe need women in science we,Hope_speech,Images_SD/SD_HS_0132.jpg
How about Black lives are equal Because they are still the center of the topic and they just seek equality which this country has proven not to have given them in the past,Hope_speech,Images_SD/SD_HS_0052.jpg
Im hispanic female studying computer science,Hope_speech,Images_SD/SD_HS_0572.jpg
Jesus died on the cross for all of us,Hope_speech,Images_SD/SD_HS_0587.jpg
That is stupid quote The same kinds of evils will happen even if people do know about history And some people want to repeat history,Non_hope_speech,Images_SD/SD_NHS_0299.jpg
The Sheriff like everyone else is tired of the BS,Non_hope_speech,Images_SD/SD_NHS_0049.jpg
Im girl who grew up with Legos,Hope_speech,Images_SD/SD_HS_0164.jpg
Police are much more hostile towards poor people,Non_hope_speech,Images_SD/SD_NHS_0153.jpg
Madonna born man no wonder,Hope_speech,Images_SD/SD_HS_0135.jpg
The one everybody thought was bi,Non_hope_speech,Images_SD/SD_NHS_0379.jpg
100 sounds like something my daughter would LOVE She is always building and making things out of boxes and tape and paper and pretty much anything she can get her hands on,Hope_speech,Images_SD/SD_HS_0589.jpg
Xx You know what This response is kinda cool am not going to shame you for what for you believe because you have your own history and experience People are trying to engage and we can respectfully disagree Having respectful discussions is the point think people want to talk rather than argue to prove they are right at this point The slogan is supposed to be divisive to get people to talk,Hope_speech,Images_SD/SD_HS_0217.jpg
Thank you so much We can do anything,Hope_speech,Images_SD/SD_HS_0467.jpg
Alessio Popovic we are not all the same We are all different and thats beautiful We should all be treated the same,Non_hope_speech,Images_SD/SD_NHS_0198.jpg
Yea All Lives Matter,Hope_speech,Images_SD/SD_HS_0535.jpg
Being Keith Harings birthday then made it more emotional for her,Non_hope_speech,Images_SD/SD_NHS_0275.jpg
Im 14 and in my school Im in special class for STEM students We have 22 students in the class and of us are girls And yes the boys do think that they are so much better than us,Hope_speech,Images_SD/SD_HS_0061.jpg
wont give up bc were there for me and you continue here have to fight too,Hope_speech,Images_SD/SD_HS_0438.jpg
the inference is supposed to be,Non_hope_speech,Images_SD/SD_NHS_0357.jpg
Only people can understand Madonna who has gone through so much pain as she did the battle losing her son and other emotional things,Hope_speech,Images_SD/SD_HS_0513.jpg
Yesterday was the day just received my results and were accepted to the bigger institute of engineering of my country nThan here started the critics of my family and teachers what Youre girl Go and study medical science and leave engineering for boys Youre crazy You just lost your good grades for engineering while you could study biology of become doctor Why this speech helped me so much to realize that yes its possible to succed in engineering EVEN IF Im girl,Hope_speech,Images_SD/SD_HS_0368.jpg
This video was so inspiring But now Im in rough patch Im teenager going into my first year of High School signed up for Shop class but now am highly regretting it due to the amount of guys there will be and the lack of knowledge have guess was lucky according to this video,Hope_speech,Images_SD/SD_HS_0096.jpg
It makes me sick If walked down the street with sign saying white lives matter,Non_hope_speech,Images_SD/SD_NHS_0425.jpg
wonder how many of them have notes,Non_hope_speech,Images_SD/SD_NHS_0350.jpg
understand their intent of putting the focus on Black Lives Matter But if they want support from more people,Non_hope_speech,Images_SD/SD_NHS_0629.jpg
Zaire Kefa so build bridge and get over it,Non_hope_speech,Images_SD/SD_NHS_0640.jpg
Yes it is controversial to say at this time after this tragedy all lives matter Yet Its shame for America to say black lives matter 2020 still stuck with racism It means black life is worth less If feels bad to hear it As human specie we have lot more to learn and need to have some humility We were just hit by virus,Hope_speech,Images_SD/SD_HS_0403.jpg
Yall really need to let go Yes we know all lives matter Thats given But the reason why people have to say black lives matter too is because black lives have it mattered since the 1800s We know like white lives matter that has been proven that white lives matter over all of her lives in America time and time and time and time and time and time and time and time and time and time again Nobody has ever questioned if all lives matter So that part of the conversation is over with and irrelevant Now lets concentrate on the lives that have not mattered in America Please concentrate and focus on what needs to be done to help Dont concentrate on what needs to be done to perpetuate the current paradigm It is time for change All lies has always mattered and white lives has mattered above all in black lives has mattered the least in America Stay focused people,Hope_speech,Images_SD/SD_HS_0199.jpg
Tenacious Tacosnthere tends to be this antagonism towards women stating their point of view because it is automatically viewed as misandrist and discriminatory against men when paradigms like sexism and racism are not symmetrical because of the historical precedents where one group has been favored more than another These scholarship initiatives are merely attempts to balance an unbalanced game Not to take from opportunities that were already there supplement not supplant Theres enough to go around,Hope_speech,Images_SD/SD_HS_0440.jpg
ALL LIVES MATTER Any thing else is racist,Hope_speech,Images_SD/SD_HS_0603.jpg
Good on the women choosing these fields instead of the whiners that say more women should be in STEM but hold degree in social justice or similar pointless crap Be the change you want to see,Hope_speech,Images_SD/SD_HS_0288.jpg
think he handled that very well in way that made it both very real for them while keeping it within what they could handle Well done Marcus,Hope_speech,Images_SD/SD_HS_0399.jpg
Now want to be engineer,Hope_speech,Images_SD/SD_HS_0396.jpg
God gave us choice,Non_hope_speech,Images_SD/SD_NHS_0559.jpg
When you realize this video was from years ago,Non_hope_speech,Images_SD/SD_NHS_0351.jpg
You are AWESOME and so inspiring,Hope_speech,Images_SD/SD_HS_0256.jpg
Sanders is so clearly manipulating young people,Non_hope_speech,Images_SD/SD_NHS_0286.jpg
mensah way more whites die by cops than blacks The media just doesnt show it But you are right about cops never loose their jobs or pay even if it is there fault,Non_hope_speech,Images_SD/SD_NHS_0124.jpg
God gave us choice My choice is to love PRINT THIS EVERYWHERE,Hope_speech,Images_SD/SD_HS_0489.jpg
No offense but dont think LGBTQ has any thing to do with personality,Non_hope_speech,Images_SD/SD_NHS_0007.jpg
They should say Black lives matter toonI agree with you that all lives matter but it fails to point out that black lives were not equal in value to whitesnbased on history Sadly,Hope_speech,Images_SD/SD_HS_0059.jpg
Conversation therapy is so disturbing to me and should be illegal,Hope_speech,Images_SD/SD_HS_0243.jpg
Since when LIfe was defined by the colour of the skin of it Holder in this society everyone can live the LIfe they envisionMorgan Freeman and Denzel Washington are examples of this Claim,Hope_speech,Images_SD/SD_HS_0580.jpg
So like boys like sexually Like would marry boy But kinda like girls romantically And Im not against romantic feelings towards the same gender Now sexually dont support it but will be there for anyone who is support people not for what they do but for their spirit and compassion towards everyone Pls dont come at me,Hope_speech,Images_SD/SD_HS_0337.jpg
Sheriffs da MAN,Non_hope_speech,Images_SD/SD_NHS_0291.jpg
completely agree with you,Non_hope_speech,Images_SD/SD_NHS_0072.jpg
All lives matter Especially children lives matter THE MOST End child trafficking End wars End hunger Children are our future We need focus on them,Hope_speech,Images_SD/SD_HS_0447.jpg
Major issue still exist in our suburbs Especially Hatfield,Non_hope_speech,Images_SD/SD_NHS_0553.jpg
Edwards You clearly havent heard the Black Lives Matter militants speak,Non_hope_speech,Images_SD/SD_NHS_0601.jpg
If you click strongly disagree with all questions then make your gender female age 1820 something living California with Bachelors degree you get two zeros,Non_hope_speech,Images_SD/SD_NHS_0480.jpg
All lives matter thats it Move on now,Hope_speech,Images_SD/SD_HS_0475.jpg
if you want Im not you,Non_hope_speech,Images_SD/SD_NHS_0017.jpg
Haskins Every life matter Every life is special,Hope_speech,Images_SD/SD_HS_0170.jpg
Eternal lifes matter,Non_hope_speech,Images_SD/SD_NHS_0242.jpg
The worst thing you can do is deny who you are,Non_hope_speech,Images_SD/SD_NHS_0470.jpg
If you say All Lives Matter,Non_hope_speech,Images_SD/SD_NHS_0267.jpg
totally agree all lives matter,Hope_speech,Images_SD/SD_HS_0599.jpg
Emilia girls being engineers are common in my country,Hope_speech,Images_SD/SD_HS_0008.jpg
All you need to do is let girls choose their own subjects Dont make other girls have to choose what you want them too Give them their own options In fact Ive never heard anyone tell girls that they cant choose engineering or science Let them choose what they enjoy,Hope_speech,Images_SD/SD_HS_0384.jpg
This is the definition of talking for saying nothing,Non_hope_speech,Images_SD/SD_NHS_0091.jpg
Everyone is equal,Hope_speech,Images_SD/SD_HS_0165.jpg
Every life matters dont understand why these people would boo that,Hope_speech,Images_SD/SD_HS_0359.jpg
im not saying racism doest exist butwhen you generalize all of one race that is racismits black and whitenwhen we stop racism then all lives matter,Hope_speech,Images_SD/SD_HS_0632.jpg
If had walk in closet would be in their ALOT nEdit,Non_hope_speech,Images_SD/SD_NHS_0070.jpg
Central the man in this video did lot of that and look at him now You really think that works,Non_hope_speech,Images_SD/SD_NHS_0631.jpg
Butt of the Day ma gewdness,Non_hope_speech,Images_SD/SD_NHS_0483.jpg
Obamas increase in welfare is not only crippling the economy as whole but its ENABLING poverty When people are comfortable in their poverty,Non_hope_speech,Images_SD/SD_NHS_0250.jpg
Please we all have our own,Non_hope_speech,Images_SD/SD_NHS_0615.jpg
It does something Emotional and physical harm,Hope_speech,Images_SD/SD_HS_0473.jpg
Madonna educates people on many thingsShes there because shes destined for itShe does lot of good admirable things,Hope_speech,Images_SD/SD_HS_0248.jpg
Materia nnI assume that is directed at the chinese,Non_hope_speech,Images_SD/SD_NHS_0551.jpg
if George was criminal then it does have nothing to do with racism When will people see this agree that George shouldnt have been killed but it probably wasnt on purpose,Non_hope_speech,Images_SD/SD_NHS_0092.jpg
grew up with an father who was an engineer was always encouraged in maths since very beginning Now fail history,Non_hope_speech,Images_SD/SD_NHS_0058.jpg
BLM sounds racist to me it should be human lives matter,Hope_speech,Images_SD/SD_HS_0211.jpg
No one like her Thank you MADONNA You inspire me in world that is becoming so crazy Never give up hope NEVER,Hope_speech,Images_SD/SD_HS_0126.jpg
So blacks can be lazy and complain in Africa lol they dont want to be anything other than angry,Non_hope_speech,Images_SD/SD_NHS_0391.jpg
just think love is love if you like boys you like boys if you like girls you like girls you dont have to change be yourself Im bi theres nothing wrong about it,Hope_speech,Images_SD/SD_HS_0564.jpg
Brown its not an assumption when black lives matter and Antifa lock people inside building and then set it on fire thats not protesting nor rioting its domestic terrorism,Non_hope_speech,Images_SD/SD_NHS_0364.jpg
Emily Larae Also saying hell never say black lives matter because he got bullied by few black kids as an year old is also silly,Non_hope_speech,Images_SD/SD_NHS_0010.jpg
noticed that within engineering schools,Non_hope_speech,Images_SD/SD_NHS_0151.jpg
may ask why,Non_hope_speech,Images_SD/SD_NHS_0102.jpg
Ive always wanted to become an engineer,Hope_speech,Images_SD/SD_HS_0085.jpg
Focus on the demand and not the supply,Non_hope_speech,Images_SD/SD_NHS_0481.jpg
Lehman So it would be ok for group of allwhite people to walk around with banners that say White lives matter and shout it out to all black peoplewhite people die tooand we know its sad and enraging and emotional but we cant afford to seperate ourselves like thatseperation and segregation IS racismdont fight racism by being racistjust be Human All lives matter,Hope_speech,Images_SD/SD_HS_0642.jpg
Sometimes Madonna seems so false but here she seems so genuine honest,Non_hope_speech,Images_SD/SD_NHS_0031.jpg
uhh that will never happen kid,Non_hope_speech,Images_SD/SD_NHS_0593.jpg
wont give up bc were there for me and you continue here have to fight too,Hope_speech,Images_SD/SD_HS_0618.jpg
BLM Too lol Sorry Now Im being rude about gender an honest guy then,Non_hope_speech,Images_SD/SD_NHS_0039.jpg
These comments are funny but please keep in mind shes human being,Hope_speech,Images_SD/SD_HS_0556.jpg
look to day when people will not be judged by the color of their skin,Hope_speech,Images_SD/SD_HS_0425.jpg
God gave us all the gift of life,Hope_speech,Images_SD/SD_HS_0127.jpg
This is so good As woman who loved math but never had anyone suggest engineering thank you have two girls and dream of all opportunities for them Thank you,Hope_speech,Images_SD/SD_HS_0305.jpg
Black lives matter Im white person but are you know that black people are still good just because we have different skin color doesnt mean people everybodys people on this planet,Hope_speech,Images_SD/SD_HS_0108.jpg
think this is so biased hiho Honestly way too biased to be represented in this way to kids Not fair nWhat he said religious people dont like gays is so wrong The people who believe in the God of the Bible love Gods creation We love gays just as much as any sinner We believe it is one of the many sins that seperate us from God,Hope_speech,Images_SD/SD_HS_0137.jpg
internalized homophobia is sadnhope that any closeted kid can stay save until they feel ready to come out,Hope_speech,Images_SD/SD_HS_0391.jpg
my choice is to love GIVE THIS KID SOME PRICE FOR THE BEST SENTENCE EVER,Hope_speech,Images_SD/SD_HS_0526.jpg
The world is telling men to dieThe Democrat party is telling men to dieFeminists are telling men to dieHillary Clinton said WOMEN ARE THE FUTURE,Hope_speech,Images_SD/SD_HS_0208.jpg
dont really get it when ppl say they dont agree with homosexuality Even when its said in the most respectful way possible Like what is there to disagree with If youre not hurting anybody let em be,Hope_speech,Images_SD/SD_HS_0619.jpg
cried That was extremely touching Thank you,Hope_speech,Images_SD/SD_HS_0379.jpg
like seeing her this way She seems real,Non_hope_speech,Images_SD/SD_NHS_0435.jpg
stands for Brave nL stands for LoyalnA stands for AwsomenC stands for Courageous nK stands for Kind nnDont hate on people for the colour of their skin,Hope_speech,Images_SD/SD_HS_0290.jpg
Can bring wheel barrow,Non_hope_speech,Images_SD/SD_NHS_0260.jpg
Come on Hannity,Non_hope_speech,Images_SD/SD_NHS_0136.jpg
The fact is that racism points fingers in All directions There are both good and bad people of all cultures and nationalities To say ALL LIVES MATTER does NOT exclude African Americans It would be constructive peaceful way of bringing us ALL as equals Now ALL LIVES MATTER would promote putting an end to racism once and for all,Hope_speech,Images_SD/SD_HS_0577.jpg
All lives matter we are all gods children,Hope_speech,Images_SD/SD_HS_0018.jpg
Shoutout to Annie for being so real Despite her beliefs,Hope_speech,Images_SD/SD_HS_0400.jpg
All lives matter includes black lives and others as well People dont seem to understand that Cant imagine prioritising one race and completely ignoring other races No matter how small or big the situation is,Hope_speech,Images_SD/SD_HS_0497.jpg
The media an the left are using the black cause to further there own agenda,Non_hope_speech,Images_SD/SD_NHS_0572.jpg
was an engineer and starting to be an 8th grade math teacher just this year at 53,Hope_speech,Images_SD/SD_HS_0382.jpg
the blm movement could do so much more to get respect out of the community,Hope_speech,Images_SD/SD_HS_0525.jpg
Doesnt matter what religion practice or if even believe in god,Hope_speech,Images_SD/SD_HS_0436.jpg
When my mom suggested to me to become civil engineer pictured myself this strong smart woman in suits designing beautiful constructions visiting the site and giving instructions to the workers It sounded pretty amazing as girl who will be doing such things And right now Im on the path to become an engineer but sometimes really do feel lonely and discouraged though These kind of talks really inspire and sharpen me lot Thank you so much And what you are doing right now is so great Debbie,Hope_speech,Images_SD/SD_HS_0039.jpg
Man the officer who killed him must be having the worst time of his life,Non_hope_speech,Images_SD/SD_NHS_0619.jpg
All Lives Matter There are two races,Hope_speech,Images_SD/SD_HS_0471.jpg
As woman studying engineering,Hope_speech,Images_SD/SD_HS_0609.jpg
All humanity matters,Hope_speech,Images_SD/SD_HS_0273.jpg
Thats true actually,Non_hope_speech,Images_SD/SD_NHS_0514.jpg
All lives matter end of story,Hope_speech,Images_SD/SD_HS_0310.jpg
Beautiful interview She has done so much for the LGBTQ community over her 35year music career This was such genuine and heartfelt interview What beautiful person she is,Hope_speech,Images_SD/SD_HS_0032.jpg
Hahahaha that sexism test at the end was such horsesht,Non_hope_speech,Images_SD/SD_NHS_0394.jpg
18 literally was bisexual when was SEVEN,Hope_speech,Images_SD/SD_HS_0434.jpg
you gotta hate Larry Elderwhy He speaks with datathis man has more courage in his pinky finger nail than 95 of democrats and especially any liberal under 30 Black lives mattertell the black fathers,Non_hope_speech,Images_SD/SD_NHS_0040.jpg
Gaming ROBLOXnThat makes no sensenBlackAfrican descentnBrown can mean different ethnic groups depending on which country you say that but Brown in the US would be Latinos and Brown in Canada would be South Asians and Middle Easterns,Non_hope_speech,Images_SD/SD_NHS_0511.jpg
Wagnon nRespect,Non_hope_speech,Images_SD/SD_NHS_0055.jpg
All of the topics were very interestingA mis amigos LatinosHispanos,Non_hope_speech,Images_SD/SD_NHS_0583.jpg
agree She seems to be in denial Being homosexual is not choice did not choose to be heterosexual,Hope_speech,Images_SD/SD_HS_0527.jpg
Theodore Haskins bro listen to yourself,Non_hope_speech,Images_SD/SD_NHS_0397.jpg
Rebekah heterosexual Saying don agree with homosexuality seems to me so weird like don agree with redhaired people Homosexuals and redhaired people don need your blessing or permission You believe in your god if you want but,Hope_speech,Images_SD/SD_HS_0566.jpg
the other sat back and watched george floyd is one of many we are fighting broken system,Non_hope_speech,Images_SD/SD_NHS_0236.jpg
God gave me choice and my choice is to love omg he was so pure wanna raise my kid to be like that kid Whoever his parent is,Hope_speech,Images_SD/SD_HS_0502.jpg
Dark Gunman The feminism effect like that title,Non_hope_speech,Images_SD/SD_NHS_0484.jpg
We should keep conversion therapy but instead of converting kids,Non_hope_speech,Images_SD/SD_NHS_0232.jpg
All lives matter speak for all black people when apologize for BLM,Hope_speech,Images_SD/SD_HS_0610.jpg
Thank you so much for what you are doing and for being brave and determinednnIm female engineer and an artist and Ive experienced everything that youve described One of the hardest things for me is struggling with being real girly girl and really good engineer The line dont fit in really resonates,Hope_speech,Images_SD/SD_HS_0174.jpg
nHi Im recent aerospace engineering graduate from UK There were only few girls in our department You know what Instead of set aside,Non_hope_speech,Images_SD/SD_NHS_0311.jpg
God gave us choice my choice is to love would die for that kid,Hope_speech,Images_SD/SD_HS_0583.jpg
Woko haram visits Bristol Attacks statue,Non_hope_speech,Images_SD/SD_NHS_0263.jpg
All lives matter Idiocracy at its finest,Hope_speech,Images_SD/SD_HS_0461.jpg
The girl with the red sweater handled that conversation SO WELL am LGBTQ and wouldnt have been offended having conversation with her She was nice and still respected the guy,Hope_speech,Images_SD/SD_HS_0627.jpg
There is only ONE race The HUMAN race,Hope_speech,Images_SD/SD_HS_0228.jpg
You can be anything,Hope_speech,Images_SD/SD_HS_0551.jpg
If we exclude women we are only getting half of the best humanity has to offer This is why having women in tech is vital,Hope_speech,Images_SD/SD_HS_0464.jpg
mindprism dont associate with the types of women you associate with find those types of women,Non_hope_speech,Images_SD/SD_NHS_0523.jpg
everyone talking about the girlnshe was clearly protecting herself she came out bi recently,Hope_speech,Images_SD/SD_HS_0141.jpg
All lives matterwell,Hope_speech,Images_SD/SD_HS_0209.jpg
And we are happy you are not giving up on us,Hope_speech,Images_SD/SD_HS_0090.jpg
Im Christian and dont know how someone who can claim to love Jesus do these things to person This is unjust and cruel We are told to love everyone equally and cant stand for this Im so sorry people actually had to go through this Have wonderful day and stay strong you beautiful person Dont let anyone tell you who you can and cant be,Hope_speech,Images_SD/SD_HS_0275.jpg
Abdi see you get your information from tictok,Non_hope_speech,Images_SD/SD_NHS_0287.jpg
live in the north of England and can tell you we are all piss poor It annoys me when Im told my white privilege is helping me because honestly work hard and have nothing to show for itn So When Im told not to judge all people of colour the same,Non_hope_speech,Images_SD/SD_NHS_0181.jpg
Realism vs feelings propagandamost people prefer the last one This is why almost nobody gives damn about real issues like Hong Kong,Non_hope_speech,Images_SD/SD_NHS_0395.jpg
saw it just now Like where have been This is amazing,Hope_speech,Images_SD/SD_HS_0103.jpg
Lol wow 4yrs ago election time is best to bring up racial issues to get those low informed voters,Non_hope_speech,Images_SD/SD_NHS_0300.jpg
We are so lucky and fortunate to have someone so smart and so dedicated to us and the cause,Hope_speech,Images_SD/SD_HS_0219.jpg
And Jesus said he who is among you and Free of sin let him cast the first stone at her Hypocrite,Non_hope_speech,Images_SD/SD_NHS_0634.jpg
The most important thing in the bible is to love,Hope_speech,Images_SD/SD_HS_0002.jpg
What is wrong with you people nThese are kids You are all sick,Hope_speech,Images_SD/SD_HS_0570.jpg
So Democrats destroyed the black family unit through their policies and have now convinced BLM per BLMs own mission statement to attack the American nuclear family as whole:thinking face:,Non_hope_speech,Images_SD/SD_NHS_0112.jpg
IncredibleAwesomeso uplifting and inspiring THANK YOU,Hope_speech,Images_SD/SD_HS_0435.jpg
Think am gonna vomit,Non_hope_speech,Images_SD/SD_NHS_0304.jpg
Guess how came out of the closet Well didnt have to My ex best friend did it for me And guess what she did She was the first person told,Hope_speech,Images_SD/SD_HS_0601.jpg
Can people please stop saying Annie should come out of the closet or she is in for rude awakening Like really guys Dont judge her off of her appearance You are going off of stereotypes,Hope_speech,Images_SD/SD_HS_0283.jpg
mensah Get Over Yourself because we all live and die Just look for PEOPLE NOT COLOR,Hope_speech,Images_SD/SD_HS_0640.jpg
Yes plastic surgery,Non_hope_speech,Images_SD/SD_NHS_0368.jpg
Blake Eloise dont hate anyone actually,Hope_speech,Images_SD/SD_HS_0457.jpg
crowd was being facetious,Non_hope_speech,Images_SD/SD_NHS_0343.jpg
Its your boy uh skinny penis Do you think the same thing about homophobic posts on the internet mean if they cant handle it,Non_hope_speech,Images_SD/SD_NHS_0292.jpg
Didnt see the survivor part,Non_hope_speech,Images_SD/SD_NHS_0440.jpg
Until we stop using terms like colored communitys this will never go away,Non_hope_speech,Images_SD/SD_NHS_0505.jpg
Pretty and smart,Hope_speech,Images_SD/SD_HS_0576.jpg
BILL CLINTON THE RAPEST RIGHT and now that Illuminati witchwho btw said she wanted to bomb the white houseand she received prizemaybe shell get sacrifice soonwho knows such BS shes clearly annoyed by this poor interviewerhes sooo boring,Non_hope_speech,Images_SD/SD_NHS_0227.jpg
All lives matter includes every life,Hope_speech,Images_SD/SD_HS_0356.jpg
Bone who was,Non_hope_speech,Images_SD/SD_NHS_0540.jpg
LOVE the jacket she is wearing Very Michael Jackson of her,Non_hope_speech,Images_SD/SD_NHS_0446.jpg
miss the people of yesterday at least we were able to experience something that the kids today will never experience By comparison it was like whole different worldI always thought things would get better wouldve never imagined the world today,Non_hope_speech,Images_SD/SD_NHS_0067.jpg
Disgusting Theyre the very ones that are saying and crying institutional racism,Non_hope_speech,Images_SD/SD_NHS_0613.jpg
My gaydar went off as soon as she came on screen,Non_hope_speech,Images_SD/SD_NHS_0205.jpg
Youre one of those lunatics speaking in this video,Non_hope_speech,Images_SD/SD_NHS_0279.jpg
at least one person here is thinking,Non_hope_speech,Images_SD/SD_NHS_0348.jpg
Her face is soooo wide,Non_hope_speech,Images_SD/SD_NHS_0539.jpg
Why are these people even here,Non_hope_speech,Images_SD/SD_NHS_0642.jpg
Dont make me laugh,Non_hope_speech,Images_SD/SD_NHS_0126.jpg
Thank You For All YOUVE Done for Our Community,Hope_speech,Images_SD/SD_HS_0506.jpg
Everyone on this episode was super insightful,Hope_speech,Images_SD/SD_HS_0532.jpg
The sheriff is ontheground experienceI believe him,Non_hope_speech,Images_SD/SD_NHS_0461.jpg
Campbell nopenIf all lives DONT matter FIRST How can ANY lives matter,Non_hope_speech,Images_SD/SD_NHS_0317.jpg
Abolish Qualified Immunity,Non_hope_speech,Images_SD/SD_NHS_0420.jpg
WE NEED MORE GIRLS IN THE STEM FIELDS JOIN US,Hope_speech,Images_SD/SD_HS_0420.jpg
Dimacrats give welfare money to black PEOPLE to keep thim in control,Non_hope_speech,Images_SD/SD_NHS_0550.jpg
When blacks come into say the uk we dont force them to worship christian religion or any for that matter but if the white man goes to muslim country we have to ABIDE by there rules black lives matter phshhht,Non_hope_speech,Images_SD/SD_NHS_0537.jpg
If they called themselves Black Lives Matter Too,Non_hope_speech,Images_SD/SD_NHS_0360.jpg
Because being straight is the norm and people assume that everybody is straight Because lot of people are homophobic you grow up hating yourself and being fearful to say who you truly are,Hope_speech,Images_SD/SD_HS_0318.jpg
You can do it Believe in yourself,Hope_speech,Images_SD/SD_HS_0345.jpg
The problems is that one doesnt negate the other If All Lives Matter then what is the problem with saying Black Lives Matter or Blue Lives Matter They are part of the All am correct Not like when the constitution said We hold these truths to be selfevident,Hope_speech,Images_SD/SD_HS_0418.jpg
agree racism is aids But tearing down the statue is utter bullshit Its not like people go there to admire him,Hope_speech,Images_SD/SD_HS_0323.jpg
Great Thoughts with positive outcomes and Inspiring new generation,Hope_speech,Images_SD/SD_HS_0592.jpg
House of straw,Non_hope_speech,Images_SD/SD_NHS_0312.jpg
Rebekah love how you need god to make up your mind about something and cant think for yourself,Non_hope_speech,Images_SD/SD_NHS_0441.jpg
So were supposed to feel bad for black people Get outta here Sanders all lives matter where all equal,Hope_speech,Images_SD/SD_HS_0573.jpg
Conversion therapy is torture The government should close all of those centers,Hope_speech,Images_SD/SD_HS_0049.jpg
That one girl said she doesnt support lgbtq people due to her religion,Non_hope_speech,Images_SD/SD_NHS_0564.jpg
think the girl who thought homosexuality is choice is lesbian,Non_hope_speech,Images_SD/SD_NHS_0542.jpg
All lives matter one race is not above another,Hope_speech,Images_SD/SD_HS_0614.jpg
If you think BLM is doing anything then youre an idiot,Non_hope_speech,Images_SD/SD_NHS_0423.jpg
Race was invented in the 17th century to divide people up and look out side now it did do that,Non_hope_speech,Images_SD/SD_NHS_0571.jpg
All this do is dividing black and white people even more We have to look beyond skin color Erase the boundaries between people When we do that there will be no black community or white community It will be peoples community,Non_hope_speech,Images_SD/SD_NHS_0355.jpg
think Gary Johnson used poor choice of words,Non_hope_speech,Images_SD/SD_NHS_0066.jpg
they mean that the fact that girls dont normally choose STEM fields is because we are socialized to be interested in other stuff Which is bad thing because when someone does break the norm,Hope_speech,Images_SD/SD_HS_0381.jpg
even if shes talkin for women as male was really motivated by her always wanted to be an engineer but lack of confidence that maybe im not smart enoughor not born smart enough but its more like how bad you want it,Hope_speech,Images_SD/SD_HS_0136.jpg
Every life does matter Example,Hope_speech,Images_SD/SD_HS_0230.jpg
wont beat them with book Ill beat them with broom,Non_hope_speech,Images_SD/SD_NHS_0329.jpg
Di Trump failed this country So go ahead hope he wins Trump and Putin 2020,Non_hope_speech,Images_SD/SD_NHS_0574.jpg
All lives matter includes black lives,Hope_speech,Images_SD/SD_HS_0083.jpg
No because that is hate crime Not the same as destroying statue of racist,Non_hope_speech,Images_SD/SD_NHS_0565.jpg
If GOD VALUES ALL LIVES THE SAME AND THEN YES BLACK LIVES MATTER,Hope_speech,Images_SD/SD_HS_0119.jpg
Yea Slavery had nothing to do with skin color,Non_hope_speech,Images_SD/SD_NHS_0009.jpg
they only agreed to the demands to get the parade going thats what they said anyway,Non_hope_speech,Images_SD/SD_NHS_0606.jpg
Tyrone Marcus god loves everyone no matter what,Hope_speech,Images_SD/SD_HS_0543.jpg
Some ppl want to feel victimized and opressed and too lazy to get damn job,Non_hope_speech,Images_SD/SD_NHS_0083.jpg
martialartisismnI cant believe Im defending TrumpnnThats the saddest thing,Non_hope_speech,Images_SD/SD_NHS_0602.jpg
Beating someone with Bible Have they ever actually read the book To say nothing of the fact that beating someone to get them to do something is liable to make them more determined not to Of course it doesnt work anyone who expects otherwise is kidding himself,Hope_speech,Images_SD/SD_HS_0330.jpg
Nobody ever said one life matters Its just bringing awareness that black lives matter Did they say ONLY black lives matter,Hope_speech,Images_SD/SD_HS_0298.jpg
rou Im chemical engineer from South America What Ive learned in my college years is that to earn your degree you dont need to be that smart though it certainly helps,Hope_speech,Images_SD/SD_HS_0238.jpg
There is only ONE racethe human race,Hope_speech,Images_SD/SD_HS_0319.jpg
This woman is genius What great speech,Hope_speech,Images_SD/SD_HS_0476.jpg
god gave us choice my choice is to loveni cried,Hope_speech,Images_SD/SD_HS_0528.jpg
Rojas Just because she looks certain way doesnt mean shes in denial or anything,Hope_speech,Images_SD/SD_HS_0376.jpg
The chemistryenergydynamic between these two feels so awkward Love her,Non_hope_speech,Images_SD/SD_NHS_0389.jpg
TheRealJacob603 no it is nothing like your comparison,Non_hope_speech,Images_SD/SD_NHS_0265.jpg
JACkEBOY says person that isnt infected Someone who is might have different opinion Stay safe,Non_hope_speech,Images_SD/SD_NHS_0504.jpg
All lives matter if theyre good person,Hope_speech,Images_SD/SD_HS_0129.jpg
Tell her said happy bornday,Non_hope_speech,Images_SD/SD_NHS_0554.jpg
Yes all lives matter,Hope_speech,Images_SD/SD_HS_0443.jpg
Boet GG apparently believing thinking that black lives matter makes me black supremacist If believed only black lives matter would say only black lives matter But said black lives matter,Non_hope_speech,Images_SD/SD_NHS_0020.jpg
Boring The grandeur of Britain itself is reminder of slavery and empire No point destroying historical items,Non_hope_speech,Images_SD/SD_NHS_0041.jpg
Ellen Thorne Thank you Unfortunately the BLM extremist want whites to believe otherwise Incredible how so many people lack common sense and fail to see the hypocracy behind the movement to spread SocialistMarxist ideologies All it takes is one glance at the BLM mission statement to see black lives is the least of the movements worries,Non_hope_speech,Images_SD/SD_NHS_0167.jpg
Ive never seen more disingenuous phony in my life Shes taken the world for rip off ride Wake up,Non_hope_speech,Images_SD/SD_NHS_0193.jpg
Repent God loves the sinner but hates the sin Dont believe this creature of Satan Shes going down and shell drag as many as she can with her,Non_hope_speech,Images_SD/SD_NHS_0036.jpg
get them out of the country they are destroying history,Non_hope_speech,Images_SD/SD_NHS_0288.jpg
Annie is honestly brave for being truthful,Hope_speech,Images_SD/SD_HS_0192.jpg
Watching this video just made my day Im planning on being software engineer and was scared about how hard it is and how girls cant be in that field and all that But right now,Hope_speech,Images_SD/SD_HS_0622.jpg
Im sorry but saying black lives matter is excluding other races which it in itself is racist,Hope_speech,Images_SD/SD_HS_0423.jpg
Not white people when they have all the privilege,Non_hope_speech,Images_SD/SD_NHS_0393.jpg
Are you going against black lives matter,Non_hope_speech,Images_SD/SD_NHS_0015.jpg
Now for premise am not American and dont get the whole context and details of this issue but according to my research meaning stats some from the FBI black lives are disproportionately hurt by police brutality compared to other races,Hope_speech,Images_SD/SD_HS_0329.jpg
starrynight0621 Ive never faced any kind of sexism at my school but because Im the best at maths and science in my class the boys cant exactly say its boy thing,Hope_speech,Images_SD/SD_HS_0080.jpg
Is conversion therapy illegal because it often times involves physical and mental abuse or do people just ignore that,Hope_speech,Images_SD/SD_HS_0538.jpg
Are you are starseed child If yes,Non_hope_speech,Images_SD/SD_NHS_0147.jpg
Beautiful interview She has done so much for the LGBTQ community over her 35year music career This was such genuine and heartfelt interview What beautiful person she is,Hope_speech,Images_SD/SD_HS_0006.jpg
of the soul its refreshing to see such guys Most guys on these type of videos comment kitchen jokes Its not easy for women in STEM because they are constantly told to go back to the kitchen which is exactly why these videos are needed but even then manbabies tell you that your cognitive ability isnt any good even though they themselves cant do math,Hope_speech,Images_SD/SD_HS_0548.jpg
This sheriff is non factor,Non_hope_speech,Images_SD/SD_NHS_0212.jpg
MrCosmin94 its sad youre so ignorant Im legit agnostic and anyone that can make such an assumption against all possible evidence in universe that has no reason to exist That merely exists as probably of 11trillion to the 13th powerwhich shatters the laws of probability according to Stephen hawking and to deny any sort of evidence from the philosophical world,Non_hope_speech,Images_SD/SD_NHS_0245.jpg
Religion has no place in the 21st Century,Hope_speech,Images_SD/SD_HS_0529.jpg
Juan needs to be jobless his no good in the media,Non_hope_speech,Images_SD/SD_NHS_0082.jpg
you mean something every normal person does when they cant afford tailor,Non_hope_speech,Images_SD/SD_NHS_0285.jpg
Theres good chance the religious girl just said what she knew she had to say because she knows her community will probably watch the video,Hope_speech,Images_SD/SD_HS_0373.jpg
After watching this im convinced have potential loved playing with my dads construction tools and building games lol bit too simple Im watching this in 2019 because Im studying IT in class full of men dont want IT to be my end goal though but do want the motivation to get through my first step have no idea where Im gonna land lol,Hope_speech,Images_SD/SD_HS_0175.jpg
All these kids are amazing and heartfelt,Non_hope_speech,Images_SD/SD_NHS_0599.jpg
littlemermaid GO for it Show us how it is done Your way,Hope_speech,Images_SD/SD_HS_0159.jpg
Im so inspired am 14 years old want to be civil engineer but people around me,Hope_speech,Images_SD/SD_HS_0152.jpg
Haskins dont know Whats worse Making honest comments about black people,Non_hope_speech,Images_SD/SD_NHS_0376.jpg
say that to the whites going to the beach,Non_hope_speech,Images_SD/SD_NHS_0089.jpg
How about more women pouring concrete,Hope_speech,Images_SD/SD_HS_0422.jpg
If said white lives matter itd be the same thing We all bleed one color,Hope_speech,Images_SD/SD_HS_0523.jpg
What dont understand about most of these comments is that people are saying that girls with short hair are automatically lesbians or the clothes theyre wearing Looks dont Define Who You Are It doesnt mean if girl has short hair or if theyre clothes not girly enough doesnt mean girls are automatically lesbians You cant just put label on someone and call them something that they are not without knowing their real lives and stories,Hope_speech,Images_SD/SD_HS_0404.jpg
She looks incredible,Non_hope_speech,Images_SD/SD_NHS_0403.jpg
What instrument do you play,Non_hope_speech,Images_SD/SD_NHS_0452.jpg
Im guy and played Barbie doll when was kid But chose electrical engineering to be my major while was in college And now Im engineer Hahaha still think Barbie dolls are pretty Whats wrong with guys playing Barbie,Hope_speech,Images_SD/SD_HS_0574.jpg
The one who doesnt agree with homosexuality is definitely lesbian lmao,Non_hope_speech,Images_SD/SD_NHS_0283.jpg
We are one nation under god after allnAll men are created equal in the eyes of GOD nso people should start treating people the way they want to be treated,Hope_speech,Images_SD/SD_HS_0292.jpg
This is great who needs reality tv,Non_hope_speech,Images_SD/SD_NHS_0152.jpg
There are no words to describe her influence in so many areas As long time fan am still discovering new things every day She leads the pack,Hope_speech,Images_SD/SD_HS_0462.jpg
Honestly screw them people aswell abusing police officers disgraceful,Non_hope_speech,Images_SD/SD_NHS_0401.jpg
Obviously all lives matter the movement is saying that their lives AlSO matter When black people are being targeted and their trying to state that theyre black lives matter,Hope_speech,Images_SD/SD_HS_0503.jpg
Crystal is just the loveliest and so wise for her age,Non_hope_speech,Images_SD/SD_NHS_0097.jpg
Id agree if she didnt say that homosexuality was sin But she did,Hope_speech,Images_SD/SD_HS_0357.jpg
My AP Computer science class in high school has pretty balanced maletofemale ratio,Hope_speech,Images_SD/SD_HS_0017.jpg
All of US matters,Hope_speech,Images_SD/SD_HS_0131.jpg
Hum no Indigo child are pure and very special and sensitive but who knows,Non_hope_speech,Images_SD/SD_NHS_0612.jpg
Corpus Thats good Still along way to go though,Hope_speech,Images_SD/SD_HS_0639.jpg
All lives matter Did God tell them something more that he didnt tell the rest of us There are some parts of this country that they havent seen how impoverished these areas are,Hope_speech,Images_SD/SD_HS_0626.jpg
smh atleast you got the choice said am doing software engineering and the response got made me lose hope before even started anyway rebuilt my hope and am doing it it dont matter,Hope_speech,Images_SD/SD_HS_0346.jpg
If you think saying ALL LIVES MATTER then dont say BLACK LIVES MATTER It works BOTH ways folks The BLACK LIVES MATTER statement is offensive to me,Hope_speech,Images_SD/SD_HS_0417.jpg
Is that what happened,Non_hope_speech,Images_SD/SD_NHS_0337.jpg
Jonathan LaBrae True brother,Non_hope_speech,Images_SD/SD_NHS_0071.jpg
Yooo kid dont think you understand Blacks were brought over here hundreds of years ago to be forced to work in shitty conditions Our ancestors put their blood,Non_hope_speech,Images_SD/SD_NHS_0575.jpg
Is Alive Do you have to spend so much time attacking other people on some random video,Non_hope_speech,Images_SD/SD_NHS_0472.jpg
Im studying railway engineering,Non_hope_speech,Images_SD/SD_NHS_0308.jpg
Lol hey black people Asian lives matter as well nYou guys discriminate Asian people more than white peoplenFunny,Non_hope_speech,Images_SD/SD_NHS_0105.jpg
congratulations you can read Do bleach lives matter,Non_hope_speech,Images_SD/SD_NHS_0057.jpg
am Catholic and the thought of conversion therapy on anybody disgusts me know that the Jesus serve is NOT the same one that this person unfortunately had to experience God is love and the way he was treated was NOT love so NOT God like what that little boy said God is love and chose to love,Hope_speech,Images_SD/SD_HS_0492.jpg
Same Im Roman Catholic and Im bisexual too,Hope_speech,Images_SD/SD_HS_0128.jpg
go back to Africa,Non_hope_speech,Images_SD/SD_NHS_0276.jpg
The US and europe is not the world btw,Non_hope_speech,Images_SD/SD_NHS_0226.jpg
The majority of these women seem to be speaking of assumed sexism,Non_hope_speech,Images_SD/SD_NHS_0293.jpg
think its cool that you give people voice to speak out with here on this channel,Hope_speech,Images_SD/SD_HS_0429.jpg
Have you watched the video,Non_hope_speech,Images_SD/SD_NHS_0060.jpg
How did it go Please dont give up,Hope_speech,Images_SD/SD_HS_0611.jpg
Why is it controversial to say black lives matter if its true,Non_hope_speech,Images_SD/SD_NHS_0051.jpg
thought the same thing,Non_hope_speech,Images_SD/SD_NHS_0107.jpg
so scared cry ever night praying my friend will be ok praying nothing happens just cause shes not the colour of me dont mean not there for her she the only person loved with my whole heart thats not my family but she like sister to me,Hope_speech,Images_SD/SD_HS_0643.jpg
Her voice sound so different than it used to nHer speaking voice sounds so tired and weakshe doesnt have that sassy attitude that she used tonHow nice,Non_hope_speech,Images_SD/SD_NHS_0069.jpg
When was young was given dolls and kitchencooking toys but was more interested in creating my own miniature houses out of cardboard boxes With it had the option to put what want in my housesstructures It was much more fun to be able to create somethingnnI also loved drawing and started it young but then thought my drawings were different than my classmates and was too shy for anything so had to match my drawings to the theirs because was too scared to be bullied again was bullied sometimes was scared to be good at what do because would grab attention if didnIt just made me put away my interests as if these were not big deal and grew up thinking do not deserve to shine and beyter just be in the shadows and live passive lifenI regret it,Hope_speech,Images_SD/SD_HS_0082.jpg
What is hindering African American prosperityn,Non_hope_speech,Images_SD/SD_NHS_0464.jpg
souls and forgive ur ignorance You arent as evolved as higher intelligence people,Non_hope_speech,Images_SD/SD_NHS_0028.jpg
Before that he also said hate isnt going to get you anywhere which is something people in general not just homophobic people need to learn,Hope_speech,Images_SD/SD_HS_0145.jpg
Every lives matter all lives matter God bless Us all God said love one another,Hope_speech,Images_SD/SD_HS_0334.jpg
If someone says to you black lives matter then you reply all lives matter that really says lot about who you are,Hope_speech,Images_SD/SD_HS_0358.jpg
All Lives Matter The color does not determine persons worth,Hope_speech,Images_SD/SD_HS_0038.jpg
are such an inspiration,Hope_speech,Images_SD/SD_HS_0325.jpg
agree that blacks have been treated poorly in the past and to lesser extent,Non_hope_speech,Images_SD/SD_NHS_0366.jpg
dont agree at all,Non_hope_speech,Images_SD/SD_NHS_0378.jpg
When people are running for president or anything like that the Santa said whatever of course theyre going to say what you want to hear dont make us look dumb Bernie goofball all lives matter,Non_hope_speech,Images_SD/SD_NHS_0406.jpg
Tran Thank you so much for your support,Hope_speech,Images_SD/SD_HS_0339.jpg
God Gave us choice my choice is to love nnnnYo watch out he gonna be king,Hope_speech,Images_SD/SD_HS_0125.jpg
Im from the UAE and they respect everyone,Hope_speech,Images_SD/SD_HS_0282.jpg
when someone says dont agree with homosexuality is like hating people who are left handed,Hope_speech,Images_SD/SD_HS_0426.jpg
The best thing about wormy sanders is the fact that he is old and will die soonAll lives matter you group of Jagaloons,Non_hope_speech,Images_SD/SD_NHS_0297.jpg
Im studying Accountingmy last year but want engineering,Non_hope_speech,Images_SD/SD_NHS_0140.jpg
dont get it when ppl say they dont agree with homosexuality like wtf what is that supposed to mean im religious myself and do believe theres some sort of higher being,Non_hope_speech,Images_SD/SD_NHS_0495.jpg
gx np We are all human,Hope_speech,Images_SD/SD_HS_0322.jpg
So youre telling me only black lives matter no one else get real everybodys life matters white black look whos being racist,Non_hope_speech,Images_SD/SD_NHS_0220.jpg
dont agree with heterosexuality Does that make any fucking sense How can you agreedisagree over what someone IS If you say youre straight,Hope_speech,Images_SD/SD_HS_0377.jpg
Palestinian lives matter,Non_hope_speech,Images_SD/SD_NHS_0582.jpg
Chiware uhthats what said did you not read the comment,Non_hope_speech,Images_SD/SD_NHS_0491.jpg
dear Marcus Igor are awesome already listening to the podcast,Non_hope_speech,Images_SD/SD_NHS_0307.jpg
im womannThis is all nice and dardy,Hope_speech,Images_SD/SD_HS_0620.jpg
Ummm read her brothers book,Non_hope_speech,Images_SD/SD_NHS_0538.jpg
So surviving from mental abuse isnt considered survivor They wanted to strip his identity from him Maybe think before you leave comment,Hope_speech,Images_SD/SD_HS_0321.jpg
am girl when told my family about me doing engineering my brother saud to me get over your self girls dont do engineering well it kind broke my heart dont know what to do now,Hope_speech,Images_SD/SD_HS_0534.jpg
That Sheriff looks like the kind of guy Judge Dredd would take orders from Absolute legend,Non_hope_speech,Images_SD/SD_NHS_0607.jpg
Keep up the good work Debbie always like to work with female engineers,Hope_speech,Images_SD/SD_HS_0390.jpg
Great Message Madge Where theres life theres hope,Hope_speech,Images_SD/SD_HS_0154.jpg
TheNatureLover oh okay Thanks for clearing that up,Non_hope_speech,Images_SD/SD_NHS_0173.jpg
Madonna speaks the truth no superficial how wonderful,Hope_speech,Images_SD/SD_HS_0143.jpg
Im teenage girl now and im considering electronics engineering in the future How was it,Hope_speech,Images_SD/SD_HS_0520.jpg
jesse Pollack bless your heart,Non_hope_speech,Images_SD/SD_NHS_0515.jpg
Debbie am glad you got through it nI myself am an chemical engineering student soon am going to be in my final year and to be honest soooo feel like dont fit in nmy grades arent that good nd ofc dont have that good spatial skills and sometimes look at my male classmates and think are we doing the same major And am soo afraid that what am going to do after my graduation nAll of these fears time and time build up and feel like maybe didnt pick the right major but hearing your experience was helpful thank you will try not to give up,Hope_speech,Images_SD/SD_HS_0474.jpg
Nord Then why are you even here,Non_hope_speech,Images_SD/SD_NHS_0137.jpg
His voice makes my throat hurt,Hope_speech,Images_SD/SD_HS_0215.jpg
Wtf thought Annie is lesbian was like omg she is gonna have connection with him,Non_hope_speech,Images_SD/SD_NHS_0562.jpg
Are there other statues of slave traders still up in the UK They should all be removed immediately It is shameful that they were ever even put up in the first place,Non_hope_speech,Images_SD/SD_NHS_0122.jpg
actually children act better,Non_hope_speech,Images_SD/SD_NHS_0139.jpg
All lives matter and how Because when we stand before out maker we will answer for every life every soul we Pass and mistreat Whole wor going to hell in hand basket grandma use to say Be prepared to answer for those you hurt or mistreat or lead astray,Hope_speech,Images_SD/SD_HS_0638.jpg
She is lesbian Gender expression does not equate to sexuality,Non_hope_speech,Images_SD/SD_NHS_0641.jpg
IT IS NOT BOYS CLUBSOME ENGINEERS ARE FEMALE,Hope_speech,Images_SD/SD_HS_0031.jpg
Im so proud for her,Hope_speech,Images_SD/SD_HS_0549.jpg
Also my choice is to love is more powerful statement than think that child realized That is incredibly beautiful and heartwarming to hear,Hope_speech,Images_SD/SD_HS_0450.jpg
You sound dumb Af,Non_hope_speech,Images_SD/SD_NHS_0485.jpg
Im middle aged working class white with no savings To me it seems that no lives matter because only money matters This is distraction,Non_hope_speech,Images_SD/SD_NHS_0592.jpg
Every life matter Black,Non_hope_speech,Images_SD/SD_NHS_0396.jpg
IM IN LOVE WITH THE COP THAT IS REAL MAN SEXY MASCULINE GOOD MORALES,Non_hope_speech,Images_SD/SD_NHS_0479.jpg
started crying without even noticing watching this ted talk One day will be an engineer too,Hope_speech,Images_SD/SD_HS_0138.jpg
All lives matter There said it God bless you sir dont know you from diddly squat have respect for you Because you wear the badge and the uniform You come across all kinds of people good or bad God bless you and men and women that are in law enforcement Some cops do good no matter what There is good and bad in all people Just remember folks we bleed the same color God bless the USA We need his blessings bad,Hope_speech,Images_SD/SD_HS_0472.jpg
Whatever happened to Coronavirus Remember how governments and the elites told us to stay at home and not gather in large groups because of this Deadly Virus Now the same Elites are supporting this large groups of people gathering and some dont even speak out against This nHypocrisy,Hope_speech,Images_SD/SD_HS_0183.jpg
She literally introduced the world to the ballroom scenes Especially in time when homosexuality was taboo,Hope_speech,Images_SD/SD_HS_0596.jpg
Thats not commandment,Non_hope_speech,Images_SD/SD_NHS_0219.jpg
Inclusion will only work when people show up ready to include themselves instead of sitting around,Hope_speech,Images_SD/SD_HS_0236.jpg
You really think it wasnt CmonnTrump and his staff are just idiots oc,Non_hope_speech,Images_SD/SD_NHS_0487.jpg
Its really amazing how reality changed recently study civil engeenering and the bilans between female and male is around 5050 and its normal,Hope_speech,Images_SD/SD_HS_0645.jpg
what how are chinese people white please dont forget that there were anti chinese and asian laws in history,Non_hope_speech,Images_SD/SD_NHS_0200.jpg
The people who came up with All lives matter were sending the wrong message Most of those people are whites who think blacks shouldnt get so much attention,Non_hope_speech,Images_SD/SD_NHS_0185.jpg
Rebekah if youre as you so claim genuine Christian Youre not good person nAnd you probably arent even genuine Christian yourself,Non_hope_speech,Images_SD/SD_NHS_0075.jpg
This video really inspired me Im computer science major and Ive been in the same boat my whole life loved Legos as kid but people around me really pushed gender roles,Hope_speech,Images_SD/SD_HS_0033.jpg
Lavin your exactly on point the majority is dumbed down,Non_hope_speech,Images_SD/SD_NHS_0489.jpg
used to mix potions and experiment the outcome on my dolls Im currently working on degree in Computer Science with an engineering focus love this video,Hope_speech,Images_SD/SD_HS_0387.jpg
say to these hypocrites in the Black Lives Matter Movement that all human lives matter regardless of their skin tone,Non_hope_speech,Images_SD/SD_NHS_0099.jpg
Thats horrible and inexcusable to do to another human being even more so child Whether person agrees with homosexuality or not DOES NOT give them the right to play God and judge another on their sexual preferences believe in reading the Bible and showing love and acceptance in one another and focus on verses such as John,Hope_speech,Images_SD/SD_HS_0347.jpg
But there was no girl with short hair,Non_hope_speech,Images_SD/SD_NHS_0182.jpg
My grandpa was an engineer and he bought me my first LEGO set at years old 13 years later Im more than half way through my ME degree,Hope_speech,Images_SD/SD_HS_0456.jpg
Not everyone is supportive of my choice and Ive lost some friends because they dont believe can do it Its great though wish had friends like yours,Hope_speech,Images_SD/SD_HS_0495.jpg
im sitting here watching this and when he says god gave us choice my choice is to love im trying not to cry bc my family doesn know yet told my mom but not really anybody else in my family,Hope_speech,Images_SD/SD_HS_0350.jpg
whats racist is black people getting killed for simply being black,Non_hope_speech,Images_SD/SD_NHS_0321.jpg
live in indian am 17 electronics commuation enggi have choosen am very proud hope its intresting feild,Hope_speech,Images_SD/SD_HS_0065.jpg
TronI feel sorry for all of you for not following Gods word am good person,Non_hope_speech,Images_SD/SD_NHS_0196.jpg
Its not like feel can not because Im woman just dont want to and there is nothing wrong with that there is nothing can not do because Im woman this is just not the path want to take,Hope_speech,Images_SD/SD_HS_0553.jpg
zerosonico bruh that just aint okay to say that,Non_hope_speech,Images_SD/SD_NHS_0624.jpg
Right thought was the only one who noticed that change in her energy she seemed so uncomfortable in her 50s,Non_hope_speech,Images_SD/SD_NHS_0359.jpg
dont believe in lying about yourself to make other people happy Spot on,Hope_speech,Images_SD/SD_HS_0634.jpg
he isnt real,Non_hope_speech,Images_SD/SD_NHS_0353.jpg
WASNT EVER AGRY BEEN CRYING THE LAST DAYS YOU CAN HAVE ANY AWARD IT WAS THE HARVEY SETT,Non_hope_speech,Images_SD/SD_NHS_0627.jpg
shes inspiring,Non_hope_speech,Images_SD/SD_NHS_0281.jpg
thought all lives mattered,Hope_speech,Images_SD/SD_HS_0588.jpg
thats funny because last time checkednn1Women are smarter than mennnOnce women started demanding equal rights,Hope_speech,Images_SD/SD_HS_0453.jpg
started crying when she quoted the mom who said You can be anything So many people do not realize how important it actually is for girls to believe that,Hope_speech,Images_SD/SD_HS_0388.jpg
CHASER its cool that he including being Asian It shouldnt be big deal also agree with the sheriff,Non_hope_speech,Images_SD/SD_NHS_0280.jpg
Rebekah Just couple things nFirst,Non_hope_speech,Images_SD/SD_NHS_0261.jpg
Actually it depends on Great many things All lives matter,Hope_speech,Images_SD/SD_HS_0233.jpg
want the Demon of homosexuality to DM me,Non_hope_speech,Images_SD/SD_NHS_0513.jpg
pray to get the chance to thank her for keeping me alive during very bad time in my life as young teen She is legend beyond legends Thank you Madonna,Hope_speech,Images_SD/SD_HS_0197.jpg
Some One SHE HAS SHORT HAIR AND CUFFED JEANS,Non_hope_speech,Images_SD/SD_NHS_0169.jpg
am Roman Catholic believe that we should not mistreat members of the LGBT community We should always treat them with respect and to love them with Gods grace and power,Hope_speech,Images_SD/SD_HS_0302.jpg
Why would you beat person with book,Non_hope_speech,Images_SD/SD_NHS_0008.jpg
God bless that sheriff All Lives Matter,Hope_speech,Images_SD/SD_HS_0207.jpg
All black panel How smart is that And what is up with the that sheriff and slavery He loves that word,Non_hope_speech,Images_SD/SD_NHS_0339.jpg
Im Biesexual and didnt even have to come out my mom just figured it out lolnnnnnI feel bad for him thoughsad,Hope_speech,Images_SD/SD_HS_0013.jpg
Black lives are included in all lives,Hope_speech,Images_SD/SD_HS_0537.jpg
vos shes witch,Non_hope_speech,Images_SD/SD_NHS_0187.jpg
All Lives Matter Remember Jessica Doty Whitaker,Hope_speech,Images_SD/SD_HS_0409.jpg
Only black life is matter WHEN it should be EVERY LIFE IS MATTER nPlease dont start riot and looting destroy in name of others like its happen in UK and America Its discussing Protest peacefully No one should be above the law no police officers and no protester,Hope_speech,Images_SD/SD_HS_0062.jpg
yes they did lol there are letters from African Kings asking Europeans to stick to the trade ports instead of moving in land and stealing people from towns along there rivers There was also court cases in the country of Bennin that were going to decide if the ancestors of royals should pay reperations to those who they sold into slavery They decided against itnnAfricans dont even dispute this claim the only people that do is white western liberals and those who they teach There is too much evidence to deny this,Non_hope_speech,Images_SD/SD_NHS_0501.jpg
This whole protest makes no sense Destroying police properties,Non_hope_speech,Images_SD/SD_NHS_0577.jpg
loved every word she said,Hope_speech,Images_SD/SD_HS_0058.jpg
Hes so brave and think hes great for always being honest about who he is to himself and everyone around him,Hope_speech,Images_SD/SD_HS_0046.jpg
Im lesbian and Christian and think thats completely okayGod doesnt hate anybody,Hope_speech,Images_SD/SD_HS_0210.jpg
Weird that this has comments enabled when Special Books by Special Kids isnt allowed to have comment section,Non_hope_speech,Images_SD/SD_NHS_0387.jpg
use your brain Great Big Story,Non_hope_speech,Images_SD/SD_NHS_0340.jpg
remember when was 13 years old is when express your self started to come out in the 1990s and that song from Madonna made me who am to day It was song of strength,Hope_speech,Images_SD/SD_HS_0121.jpg
George Floyd was Criminal against her own Race,Non_hope_speech,Images_SD/SD_NHS_0262.jpg
Injustice anywhere is threat to justice everywherenBLM when people mention chineese slavesn,Non_hope_speech,Images_SD/SD_NHS_0296.jpg
Raphael Taylor Am,Non_hope_speech,Images_SD/SD_NHS_0119.jpg
And your weather why you didnt win dont have that happens to everybody,Non_hope_speech,Images_SD/SD_NHS_0221.jpg
Apparently yeeting out of the closet means that you arent catholicChristian anymore Im Pansexual and still Catholic and am in relationship with another boy Love ya Flamingo,Hope_speech,Images_SD/SD_HS_0053.jpg
That one girl whos like do not agree with homosexuality nnnGirl you got short haircut the bottom of your jeans cuffed sweater and its bergundy ish Your not any part of Lgbtq thats lie You dont agree with Lgbtq people thats lie You probably said that because your family and your church are watching She will come out in few months or years Btw people hating Lgbtq people and they are religious people God says not to hate anyone so like its the same wrong Also have family who isnt religious but is religious if you know what mean and respect anyone no matter what and if thats who they are let them be who they are evn if dont agree,Hope_speech,Images_SD/SD_HS_0481.jpg
havent come out to my family yet They arent religious they think that it doesnt matter who you like You just have to be good person but Im still so scared to tell them Ive told my friends My best friends were fine with it,Hope_speech,Images_SD/SD_HS_0307.jpg
can say to the klan black lives matter or all lives matter Klan actual harrased and killed innocent people they did not think all lives matter or black lives matter,Non_hope_speech,Images_SD/SD_NHS_0047.jpg
Im studying Mechanical Engineering and this has boosted up my mood years later,Hope_speech,Images_SD/SD_HS_0086.jpg
Yo for real why do all of you guys care so much about what her sexuality is gonna be Because she has short hair and wears cuff jeans lot of people wear cuff jeans and have short hair that arent LGBT Im okay if she does become LGBT,Hope_speech,Images_SD/SD_HS_0624.jpg
got degree in chemical engineering because of this video still cannot believe did it Still debating if it was good decision but hey it cant be undone now XD,Hope_speech,Images_SD/SD_HS_0410.jpg
yeah because he was being abused and starved at 14 thats illegal,Hope_speech,Images_SD/SD_HS_0625.jpg
Cole racist asf but okay,Non_hope_speech,Images_SD/SD_NHS_0521.jpg
What an inspiration,Hope_speech,Images_SD/SD_HS_0636.jpg
Stranger Here who isnt,Non_hope_speech,Images_SD/SD_NHS_0430.jpg
So he saying white lives doesnt but Ill always say all lives matter,Hope_speech,Images_SD/SD_HS_0266.jpg
Aaron Castellanos that would be cool,Non_hope_speech,Images_SD/SD_NHS_0579.jpg
So what bernie Sanders means its ok if black man killed white person its ok but if white man kills black person hes racist,Non_hope_speech,Images_SD/SD_NHS_0251.jpg
Bauer Frazier Though largely agree with your post,Non_hope_speech,Images_SD/SD_NHS_0155.jpg
Another Cultural Marxist IF she is really an engineer what has she done Maybe the fact that women are more interested in advocacy and groupthink is why we shouldnt waste time training them Reminds me of that other Jewish woman agitating for more women in video games guess gender doesnt matterunless you can agitated for women This is more mushy thinkiing Things can only get better with female perspective So are we going to ACKNOWLEDGE MEN AND WOMEN ARE DIFFERENT YES OR NO You Cultural Marxists cant keep up with your own lies Ted is pretty much trash now,Non_hope_speech,Images_SD/SD_NHS_0331.jpg
Thats really greatYeahThats itOne person can make all the difference,Hope_speech,Images_SD/SD_HS_0160.jpg
She saved my life and gave me new hope,Hope_speech,Images_SD/SD_HS_0281.jpg
Totally That video of the cop kneeling on the guys neck was totally setup Listen to yourself what are you talking about,Non_hope_speech,Images_SD/SD_NHS_0617.jpg
Hudson Birt its not choice,Non_hope_speech,Images_SD/SD_NHS_0587.jpg
Im lesbian and Im so glad that didnt have to go through this Im sorry you had to go through this mean technically Im only out to my friends and my Mam and brother Im kinda scared to come out to the rest of my family,Hope_speech,Images_SD/SD_HS_0099.jpg
Jack Parsons Thats why dont support them,Non_hope_speech,Images_SD/SD_NHS_0310.jpg
Once again you are claiming stuff your government provides In my country those things you said are for both genders as long as you are entitled to them Not every country is like yours so dont generalize into somehting you dont know dont know what kind of dangerous,Non_hope_speech,Images_SD/SD_NHS_0295.jpg
Insyirah Ami nnCapitalism isnt system of ethics Its an economic system For someone who claims to be educated in business,Non_hope_speech,Images_SD/SD_NHS_0042.jpg
One woman did all this big shoes to fill when shes gone,Non_hope_speech,Images_SD/SD_NHS_0021.jpg
Everyones life SHOULD matter Clearly black people in usa overall do not share this EXP Maybe ask them why they say BLM Maybe to them they see place that does not value their lives,Hope_speech,Images_SD/SD_HS_0079.jpg
