Text,Class
The lgbtq helped launched Madonna and the fact she basically knowdlgeses it every time in her song and in her daily life is iconic,Hope_speech
Why would you starve child because of something as simple as who they love,Hope_speech
Im 14 year old girl and dream everyday of being an engineer,Hope_speech
All lives matter black white brown whatever race you are you matter thats all,Hope_speech
Career choices depend on personality differences and result in differences in interest Women have different personalities than men and therefore they choose careers based around people 60 of the time Men choose careers based around things 60 of the time Its biology not culture If woman feels like she doesnt fit in ANYWHERE,Hope_speech
Saying All lives matter can be offensive for the same reason black lives matter can be offensive to some Black Lives Matter is an offensive saying because to some it insinuates that the majority of non blacks think that black lives dont matter and that the majority of non blacks are racist when there is absolutely no physical evidence to support that thought So obviously to non racist non black that is grossly offensive notion Now All Lives Matter can be offensive to some blacks because to them it insinuates that they only care about black lives and that theyre saying other lives dont matter when if you actually try comprehend their perspective,Hope_speech
saw this years ago and this deadass inspired me to go into software engineering Currently in my second year,Hope_speech
and we dont hate people for who they are like she said your looking at it wrong We dont hate we just leave you alone It simply means you do you but we arent apart of it For example ALL of my friends are apart of the LGBTQ even my best friends and Im christian Just because we are straight and religious doesnt mean we are monsters we are humans too,Hope_speech
came out of the closet to my mom about me being pansexuashe umis kind of supportive she still prefers if marry guy when Im older tho actually have girlfriend rn and donno how to tell her think she might ge the one,Hope_speech
Why do people take homosexuality as something bad Its natural,Hope_speech
When told my teacher wanted to be an engineer he assumed wanted to do that so could find guy to marry because you know the majority is guys so yeah thats sad,Hope_speech
Me too am studying civil engineering And love itand classical music too,Hope_speech
Engineering drawing has me that way too,Hope_speech
stop assuming the sexuality of the girl that disagrees with homosexuality its not our business to label her as queer in denial or something no matter what she identifies with is attracted to,Hope_speech
All lives mattereverything else is blatant evil racism,Hope_speech
There are lots of people that get depression and comit suicide after conversion therapy,Hope_speech
dont care about the color of someones skin dont care if your black,Hope_speech
Good Thats real woman empowerment keep it up,Hope_speech
think the best way to fit in is to be yourself work hard and dont accept immature behavior by men or womenThe truth is you do want to be pretty it is natural want to be handsome but dont let this thought drive my beingStop blaming your surroundings,Hope_speech
Its good that YOU think ALL lives matter,Hope_speech
Bbm add11 nI dont think conversion therapy is helpful to people regardless if they could choose it or not For dont even think it is real therapy it would be trying to force someone to be something theyre not is that really therapy Also dont think the therapy that this guy is talking about is very good for you mentally,Hope_speech
You dont get to agree not disagree with another persons sexuality or existence No idea why socalled Christians think they are entitled to have say in other peoples livesdidnt Jesus say judge not lest he be judged,Hope_speech
hate the dont agree with homosexuality argument like Thats like saying dont agree with that tree over there Like Its just thing that exists and cant be changed,Hope_speech
chose love too,Hope_speech
Cat Jones do agree but also think there are some problems with this protest such as destruction of property That means people would see them as threat not someone who you can reason with,Hope_speech
ass here are too many trolls who even give LGBT bad light Its just embarrassing and shows what low IQ they got,Hope_speech
They just meanBlack lives matter toobecause over looked alot in pastat timesthats all they meanduhhhhh Of course everyone knows all lives matter even animals,Hope_speech
The sad thing is this is the least abusive conversion therapy Ive ever heard of My friends have scars and burns where they were shocked and burned and tortured It was so bad that you have to pretend to change to get away from it There is no shame in lying to end the torture wasnt put in that situation but was homeless for bit,Hope_speech
really wish black loves matter was originally called all lives matter or something else at the end of the day the american constitution says all lives are equal regardless of race,Hope_speech
The lgbtq helped launched Madonna and the fact she basically knowdlgeses it every time in her song and in her daily life is iconic,Hope_speech
In the eyes of God there is no color,Hope_speech
Im man She is beautiful and sure she is just as good as any man engineer,Hope_speech
STOP USING RELIGION TO HATE ON PEOPLE ITS STUPID AND HARSH,Hope_speech
ELM Every life matters,Hope_speech
Ive never been fan of Madonnas music nor do like her personality but do love that she has been great friend to the LGBTQ community Also,Hope_speech
EVERYONE SHOULD RESPECT HER SHE IS TRUE ARTIST,Hope_speech
Did you not watch the video lolnnWhat the fuck is up with you people who dont watch the video SHES FUCKING ENGINEER so its NOT IMPOSSIBLE BECAUSE SHE ALREADY IS ONE swear youd only think something was impossible if no one has ever done it,Hope_speech
Is he teacher Because he explains concepts so well to children What wonderful person,Hope_speech
if all lives matter to guys,Hope_speech
All life on the planet is the most precious thing God has given anyone or anything once it is gone that is it so remember this and quit fighting over it all life matters right from the smallest tiny thing to the most ignorant thing on the planet that is most fun in lightning and unwoke the human being :thinking face::thinking face::face with raised eyebrow:,Hope_speech
ALL Lives Matter including the Unborn,Hope_speech
She is my new role model,Hope_speech
Reynolds You cannot change persons sexual orientation Period Thats why Its something hard wired in the brain,Hope_speech
honestly why cant we all just get together whether we be black or white,Hope_speech
Why Parenthood What is the foundation for Parenthood Is my concernAll life matters because our Creator created each one of us,Hope_speech
you have encouraged me thank you for sharing,Hope_speech
would have been fine with ALM if it didnt come right after BLM,Hope_speech
Smith Now now freedom of speech is right in 2dats society,Hope_speech
Thats right ALL LIVES MATTER,Hope_speech
WE ALL ALLLLLLLLLLLLL HELLO ALLLLLLMATTERS IN GODS EYES GODS EYES ARE ON YOU THREE MENS AND THE WORLD EVEN ME HELLOPRAY,Hope_speech
Black lives matternWhite lives matternAsian lives matternAustralian lives matternI mean is no one gonna stop me cus Ill be here all daynAll lives matter but so does freedom of speech,Hope_speech
just wanted to tear up when Debbie spoke about creating engineering toys for little girls to help change the spatial learning they have People like her are the reason why still want to pursue in engineering,Hope_speech
Thank you for sharing your experience my self had the same feeling where did not fit in as an engineer It is good to know that am not alone with this situation,Hope_speech
So human lives matter would be good slogan to fight for,Hope_speech
actually agree with her when she said its cultural problem There are countries where girls have hard time being in STEM and countries where they are mostly completely fine personally grew up going to math and physics based lyceum that was super hard to get into and we had about or boys in class of 30 people We had blast and our gender was never an issue dont know if it would be the same if we werent majority but all the girls went on to become engineers,Hope_speech
OMG love Crystals innocence She is such sweet kid,Hope_speech
loved this video It was so inspiring really want to be structural engineer when grow up,Hope_speech
All Lives Matter nLook up nBochelli The tennornShe kept her baby,Hope_speech
littlemermaid All the best Sis,Hope_speech
Im 12 and Ive known was into girls since was When was or 10 didnt know about homophobia and things so came out to some of my friends also didnt know they were religious and they told lot of people at my school,Hope_speech
Conversation therapy No way Im pretty sure that thats abusenA few people might disagree,Hope_speech
nQueer is the short and simple way of saying LGBTQIA If youre queer,Hope_speech
King we are all Gods children So to me every single precious human beings life is important So to me it will always be All Lives Matter nPeriod,Hope_speech
grew up being taught to not make fun of any group youre not part of Except queernMy sister is lesbian,Hope_speech
Madonna is amazing she really is she fights for what she believes in and that awesome Ive loved her since was really young,Hope_speech
Lets make some mental gymnastics it will require LOT of it in order to assume homosexuality can be cured Done Ok How are you going to cure someone by hitting them and make them repeat the same thing over and over again on daily basis This is no therapy Theres nothing therapeutic in being hurt or brainwashed How do we still call those things therapies This is nothing more than legal abuse Parents who send their child there would say im sending my child in place where they will be abused both mentally and physically if they were honest about themselves Then add the usual love them and see if it makes sense,Hope_speech
All lives do matter To say otherwise creates separation We are one Nation under God We all bleed red The human race is the only race Its time to move forward together We all struggle and have struggled,Hope_speech
have twenty years of construction and fabrication workIve seen so many engineering mistakesMale and female engineers,Hope_speech
Yo for real why do all of you guys care so much about what her sexuality is gonna be Because she has short hair and wears cuff jeans lot of people wear cuff jeans and have short hair that arent LGBT Im okay if she does become LGBT,Hope_speech
came out to my father on October 11,Hope_speech
Y2K you would beat someone with book to make them believe in god thats what we call toxic faith not everybody believes the same things and thats what creates diversity,Hope_speech
All lives MATTER God created life,Hope_speech
never thought would but now Im biomedical engineer,Hope_speech
The best woman that supported LGBTTTQ forever shes deserve her award for looong Time she was recognized to fight for the human being,Hope_speech
If all lives were on the chopping block sure the message would be ALL LIVES MATTER but unfortunately its us black men whos lives are on the chopping block,Hope_speech
SeizmosnWhat our media spews and what the actual general population thinks and feels aint even remotely close tho The media is only representing the high upper class,Hope_speech
Worenwu all lives means we are all equal,Hope_speech
The Black community has dealt with many years of systematic racism and oppression We are more than tired of it Black Lives Matter is movement to bring forth awareness in our community Saying all lives matter,Hope_speech
she changed my life,Hope_speech
Steven TParker Is never wrong to have an inspiration to do something and everything can be for you if you like it and work hard And about this not being touchy feely subject it is for her different things mean different things for different people Maybe you dont care but you havent face the problems or fears she has,Hope_speech
So proud of you debbieyou really are an inspirationIm girl pursuing electrical engineering in IndiaI was struggling lot You help me boost my confidence that can be great engineerThank you,Hope_speech
very true Jesus said greatest of these is love,Hope_speech
She is genuinely fighter for love,Hope_speech
walkway overpass bridge in Miami was built by female engineers with no arch,Hope_speech
This really inspired me am doing my first year in computer systems engineering Just girls out of 17 boys am never giving up Its hard but worth it,Hope_speech
It irritates me when people say they dont agree with another persons sexual orientation or that its choice She is obviously ignorant and needs to educate herself and learn that its not her place to decide anything about another persons sexual orientation Her job is simply to love,Hope_speech
hate crime is when youre attacked for being gay or black Just fighting minority isnt hate crime Unless it is,Hope_speech
hate how people think they dont fit in simply because the others in group are not the same sex,Hope_speech
Can you give me some tips to be good friend to my friend MY HEART,Hope_speech
When told my friends that really wanted to pursue engineering specifically,Hope_speech
Its racist to say black lives matter its correct to say all lives matter nBlack people are not the only race that has poverty what about all other races if you are minority you get free stuff like government assistance free school opportunities if you are Caucasian and poor to bad theres no help for you maybe we should take look at that,Hope_speech
Way to go Debbie Your courage and determination are appreciated and so timely,Hope_speech
think watching crystal in these videos its amazing just how mature she is for her age very rare but encouraging as well,Hope_speech
All lives matterJesus loves us all the same,Hope_speech
These kids are always so polite and respectful love it,Hope_speech
NonnALL Lives Matter copy and paste this,Hope_speech
This is why support the lgbt community because of knowing what they go through,Hope_speech
You cant choose your sexual orientationnbut,Hope_speech
Annie is really muture suppose Although thought she WAS lgbt wasnt expecting Her to be against it,Hope_speech
This was so amazing,Hope_speech
E92Dave is what your comment is,Hope_speech
Dont call me black or white call me by my name Im not white have freckles and go different colours My name is Norman,Hope_speech
agree with you 100 except dont believe in God find it frustrating that lot of people think that homosexuality is sin,Hope_speech
well guess what kiddo Im 11 and made platformer with and opengl framework Get with the flow and get your head out of the clouds,Hope_speech
Im straight Christian female from religious family and our mindset has always been that just because dont agree with your choice does not mean im gonna hate you for it its like hating someone because theyre different raligion few of my best friends are LGBT and that kid phrase it better then ever could,Hope_speech
would like the kids to meet people of all LGBT identities Its be really good for them to meet Aro and Ace people,Hope_speech
You can never tell on the outside unless they literally wear shirt that says Im lesbian or Im homophobe lot of people think Im lesbian Im not but have full respect for them,Hope_speech
Dont force things unless you feel comfortable You got this,Hope_speech
she is amazing,Hope_speech
Rebekah bruh how do you not agree with how someone is born,Hope_speech
Im girl played with legos even as teenager,Hope_speech
wish had the courgage to be myself in front of others,Hope_speech
This is very inspiring Im actually hesitating on taking engineering Not only because grew up thinking its for boys only but also because dont even know what engineers do Thank you for this Now,Hope_speech
Im 23 and currently thinking of changing my career path from business into software engineering,Hope_speech
was fortunate enough to have parents who gave me duplo and lego construction toys as child However have still always felt what you talk about Fitting in is something we all strive for however would never want to compromise who am to do so cannot wait for some of my family friends daughters to get bit older so that can get them GoldieBlox as gift This is an amazing initiative and you gave an amazing talk to describe why it is necessary in this world Thank you,Hope_speech
Walker yeah but Jesus said to love everyone and dont understand what religion has to do two ppl loving eachother,Hope_speech
Jessica Walker its not lifestyle its not way of life its something youre born with its not choice its literally the same as racism,Hope_speech
Dumse god also made men love eachother so,Hope_speech
The fact that there are still places in the world that promote this kind of abuse proves that this is sad world to live in,Hope_speech
love this get little discouraged every time go to classI am the only girl among 110 students in my class am currently in my fourth year studying civil engineering It has been an interesting and challenging ride for me Listening to Debbie Sterling talk about her experiences gives me hope for this and the next generation of engineer girls,Hope_speech
kris where in the Bible does it say that homosexuality is sin The passage that Ive always seen sited has been proven to be translated incorrectly and is actually condemning pedophilia rather than homosexuality Man shall not lay with man was originally meant to read as man shall not lay with boy Homosexuality is never condemned Please do research and learn about the origins of the book you claim to worship,Hope_speech
could maybe be sympathetic if they were less vague All hear is them ascribing sinister motives to people who seem like they are just being overly friendly nerdsnAnd these testimonials right before the statstics on women engineers in Silicon Valley seem to imply that the reason that there are less women in tech there is because it is hostile environment for women But step in your typical engineering classroom in America and then tell me that there are as many women interested in engineering as men gender inbalance does not automatically mean discrimination,Hope_speech
Saying all lives matter is true,Hope_speech
Debbie Sterlings lecture is so far the best lecture have seen actually can relate to this cause my case is also quite similar to hers,Hope_speech
Im in love with loving and wouldnt change him,Hope_speech
Conversion therapy brainwashing,Hope_speech
Racism needs to stop,Hope_speech
Where sexism against women in the workplace does exist,Hope_speech
Actually my best friend is bi and she is in love with my other friend and shes pretty so see why she likes her,Hope_speech
ONE BARBIE 10 IS WORTH 50 TRANSISTORS 20 centsnBuy your girls Arduinos Buy them breadboard Electronics is so friggin cheap And so fun,Hope_speech
was inspired since always since wen was 1011,Hope_speech
As straight person think Conversion therapy is lode of rubbish God made you different and you need to love yourself because of that,Hope_speech
love the two boys that are religious but respect lgbtq people,Hope_speech
this is just so sad of how people are treating black people just because of their race hope this ends soon,Hope_speech
2018 and were still talking about gender gap in STEM Things are changing too slowly,Hope_speech
young lad was stabbed by black guy in racially motivated attack in Ireland The video is circulating on twitter Its not nice to watch,Hope_speech
god gave us choice,Hope_speech
Im so surprised that people think this is just an American issue There are racial issues everywhere and politics has nothing to do with it at ALL,Hope_speech
To say black lives matter is to say that one race is worth more than another Racism in its basic form is the belief that one race is better than or more superior You put color on what matters and you are racist BLM is just another attempt at political prostitutes trying to find new Johns,Hope_speech
Nothing is stopping woman from being engineers,Hope_speech
Just Tea all lives matter is what Its presented as ALL LIVES MATTER You can deny it all you want to but all lives matter,Hope_speech
Btw it is not just in Engineering but any field where men dominate even see that inability sometimes in sports because of the type environment girls get at younger age love ya,Hope_speech
Thank you am young girl wanting to be engineer but gladly the people around me are much more accepting have very good friend who is boy and we both love engineering and have build robots before for the age of 11 and he had made very detail trucks and vehicles before he was 12nnEdit,Hope_speech
Thanks for being there when no one else was,Hope_speech
Thats why love her she made me feel that being different is okay her music change people lifes,Hope_speech
We dont have the right to hurt othersever for ANY REASON,Hope_speech
ALM All Lives Matter,Hope_speech
Thank you very much for this This inspired me sm,Hope_speech
This made me sad that people in the LGBTQ community has to suffer like that,Hope_speech
Rebekah and my free of speech is to say Im bi,Hope_speech
Im as straight as circle lmao Im 12 and havent come out to my parents yet because know they wouldnt support me and our relationship would be ruined but cant just pretend to be straight Ill probably come out in few years or so guess but know my parents wont send me to conversion therapy thank god btw Im pan anyone else or just me,Hope_speech
What exactly is female perspective to begin with As far as know theres no evidence,Hope_speech
Yes All the color matters,Hope_speech
It appears that people have forgotten that ALL LIVES MATTER,Hope_speech
came out at 14 Im still not completely comfortable with telling everyone because they arent very understanding and mean You can come out at any age,Hope_speech
gave my niece set Im hoping to inspire the next engineer in my family,Hope_speech
Why cant we enjoy the merits brought to us by engineerswhy do we have to go behind the scenes everytime,Hope_speech
PATTYY maybe she is revolian You cant assume peoples sexualities like that Accept that times have changed and straight people can look however they want,Hope_speech
Exactly Ive thought of becoming pilot and currently studying computer science which are both male dominated industries sometimes cant help but also worry about how my future in these fields of career would be like would be lonely will be not as as good These talks really just gives me some sort of motivation to move forward,Hope_speech
Sasha Dumse God accepts everyone,Hope_speech
His story made me cry Its so sad this still goes on these days,Hope_speech
saw this video years ago And now Its my last year of civil engineering Thank you,Hope_speech
want to be computer engeneer on sha Allah,Hope_speech
Great Hufflepuff Okay Still doesnt prove anything We dont know her sexuality and it doesnt matter to any of us,Hope_speech
So emotional watching this Im not black but felt that why should they have to walk past that filth every day and in this day and age when they are still prosecuted every day for just having differnt shade of skin colour the most beautiful and diverse of all colours it makes me sick to think they suffer systematic racism every day wee are this isnt black against white this is united wee are united its right against wrong and wee unite together wee see if for what it really is Stay safe protesters,Hope_speech
This woman changed the world and keeps changing it Including my life Thank you,Hope_speech
Love your neighbor as you would love your self thats in the Bible right,Hope_speech
really hope can become an engineer and and influencer like you some day God bless,Hope_speech
She had an engineering job If youre so interested in her accomplishments look them up,Hope_speech
So true was discouraged by men too They arent willing to help and pick on you for not knowing stuff that they learnt by communicating with their friends,Hope_speech
was humiliated and bullied by others who believe they have sharp features but believe am beautiful even though dont have sharp features,Hope_speech
have always been an artiest and writer never wanted to be an engineer nAnd here im an engineer student its my first year in college and yes always feel this is not my place always fail nBut this video made me so hopefull nI see myself in this video 10 years from now,Hope_speech
dont understand why saying black lives matter is really ok It implies that all others dont or arent If said white lives matter do you think it would be racist If said Asian lives matter would that be the same Why understand that police brutality is out of control and needs to be addressed,Hope_speech
Also abusive and should be crime It is literally torture,Hope_speech
There are only two sexes and also intersex people so technically three sexes but gender identity is up to the person Its very western idea that there are only two genders and many other cultures believe differently and have believed differently for thousands of years If person wants to express their gender as something non binary to boy and girl they should have the freedom to do so If they arent hurting anyone else why make them change into something they arent comfortable with,Hope_speech
Truly said That what was waiting for To let the world realize about girls and engineering,Hope_speech
The fact lot of people become famous and forget who helped them become famous and Madonna did not She basically saying the lgbtq helped me become me and in return Im forever in there debt In good way and will never forget that and will All ways help out Its not just saying okay support the lgbtq its acutely doing something on daily and not just during pride and Madonna shows that and she helped us as we helped her and thats amazing,Hope_speech
Im the only girl in my family and im milddle child of two boys so as young girl my brothers didt want to play with barbies so we would make lego houses and make little towns Im noticing now as teen that it really has affected the way think and solve problem This is dank ted talk,Hope_speech
Im studying chemistry But boy engineering is amazing have lot of female friends in that field,Hope_speech
If you say All Lives Matter you will be considered racist Its absolutely ridiculous,Hope_speech
You belong anywhere that you choose to belong You fit in Do not let internalised misogyny stop women from becoming equal in all fields,Hope_speech
Tyrone Marcus no we are his children he loves us all we arent bad people we make mistakes,Hope_speech
want you to know that watched this video when was ten years old right when it came out have never been more grateful for video Since watched this have changed my entire trajectory All of my goals and everything spend my time on is to become an engineer am now Junior in high school and have been on robotics team for years spend my time teaching other people about engineering and doing outreach events to inspire young kids to go into STEM am in PreEngineering program created STEAM event to teach kids how art and STEM are related have done all of this because of this single video All the time and energy that have put in did because of this video Thank you so much you gave me passion didnt know had and it has changed my entire life know you wont see this but feel in debt to you and needed to thank you,Hope_speech
Therapy more like literal abuse,Hope_speech
want to meet the little asian kid she is absolutely amazing,Hope_speech
just hate how when people talk about conversion therapy it makes others think that Christianity is bad,Hope_speech
have always wanted to go into engineering because my dad told me that but really didnt know what it was and know really want to do it am eleven and and really inspired already... Thanx,Hope_speech
wow this really got to me Im female in highschool who is extremely interested in engineering and science,Hope_speech
All lifes matter,Hope_speech
All lives matter There is so much diversity here in America and we should just respect each other The color of your skin,Hope_speech
Racism is everywhereThough Many of the BLM people are doing some retarded shit You wouldnt understand how they felt unless you were black,Hope_speech
ALL lives matter THAT includes ALL LIVES Whether you are doing homework in your house,Hope_speech
Why are you doubting yourself because of some perceived notion that people dont believe that you are in the job in which you say you are nnJust keep doing your job and create awesome things,Hope_speech
God put us on this Earth for reason he put lgbtq so people know its okay to be different,Hope_speech
You are still young maybe you can try,Hope_speech
Those protesting that ALL LIVES MATTER shouldnt be complaining about BLM protests,Hope_speech
The kids were adorable and so mature we need more kids like them in this world,Hope_speech
She made me live my life and also embrace it,Hope_speech
Racism has been through the years yet it still hasnt disappeared,Hope_speech
ETERNAL INSPIRATION nSHE SAVE MY LIFE,Hope_speech
She will be forever and ever my everything and more,Hope_speech
The little Asian girl and IndianPakistani boy were extremely understanding,Hope_speech
All lives matter But police department needs to screen there officers on the background take it from there,Hope_speech
She literally introduced the world to the ballroom scenes Especially in time when homosexuality was taboo,Hope_speech
Great talk Very inspiring Im in the minority too Im women and got my major in computer science nearly 20y ago and work in sw engineeringnGo girls go,Hope_speech
Your Whole point is you dont fit in because you are girl nSTOP thinking about yourself as Female engineer,Hope_speech
All lives matter spread peace and love why is the left trying to divide us open your eyes to all young poeple rioting is not the answer,Hope_speech
As Christian conversion therapy should be on voluntary basis and should be closely regulated and meet the guidelines human rights All these tactics are causing more trauma for the childindividual and not representative of true Christians Minors should not be sent to these camps,Hope_speech
and also the bible was badly translated so actually there is nothing against gays in it and also nTREAT YOUR NEIGBORS LIKE YOU WANT THEM TL TREAT YOU,Hope_speech
am currently female engineering student Bachelors DegreeYou have really moved me Debbie with your storyWoW Thank you,Hope_speech
cried when the boy said everyone had choice and he chose love hes so sweet,Hope_speech
All lives matter no matter color gender or religion bernies an effing idiot fishing for minority votes another two faced demonrat,Hope_speech
Well mean if theyre truly your friend then you arent Racism is rooted in deep prejudice and hate towards someone of different race If you have hate for someone can you be friends with them didnt think so have MANY black friends This makes me not racist Because if was truly racist wouldnt associate with them and keep to my fellow whites You guys need dictionary sometimes,Hope_speech
Remember what Martin Luther King Jr said that every body should be treated equally So black people cant even listen to there own race with out even saying BLM Because if Blacks mattered and whites didnt then we arent treated equally Cut the BS and help our future crisis for GD,Hope_speech
Very thankful hes okay and living his truth today,Hope_speech
where do they get these kids theyre so thoughtful,Hope_speech
Minority Confronted by what People being surprised youre an engineer Oh,Hope_speech
What dont like about this interview is that she doesnt own being heterosexual who supports the LGBTQ community She is straight children and all But maybe she believes love is love Either way lots of straight people liked her music as well wish all people the best All lives matter,Hope_speech
All life is gift from God,Hope_speech
If theyre alive someone should torture the people who done the therapy by forcing them to be Jewish and beat them with the Torah,Hope_speech
Just remember that at the end of the day no matter your sexuality,Hope_speech
Thank God am that couragious and determined civil engineer The strong hope faith and confidence that had kept my confidence grow more and more stronger despite the difficult challenges that faced in class,Hope_speech
Madonna is often criticized and looked down on because she is such strong advocate for undeserved and neglected populations Its not only due to her provocative nature was waiting for Madonna to say that she is sexually fluid andor bisexual when asked why she is such an advocate for the LGBT community Im not sure if she is or not but always thought she wasis,Hope_speech
Johnson HAHA good mangina comeback women got banned from getting education so were most men Whats your point And why do you talk about history We live at this moment Women are the majority of degree receipients in Associates,Hope_speech
Jessica Walker not agreeing still isnt the right context Not LIKING makes more sense When you say you dont agree with something its as if youre responding to someone who wants your permission or is asking for your permission to be themselves You not liking something because of the hate thats been imbedded inside you via book where man walks on water and snakes talk is YOUR personal issue,Hope_speech
God gave us choice,Hope_speech
Just knowing Madonna is out there still going strong puts smile on my face,Hope_speech
These kids are being raised by parents wish more kids were being raised by parents instead of breeders Im child free but Im fine with kids like these The kid sayingI choose to love was awesome,Hope_speech
Rebekah how tf is someone loving someone else sin,Hope_speech
Wow Im 13I want to become an engineerPeople have told me tht would never fit in cuase Im girlI even had teacher told me oncetht should go to fashion school and let the boys do tht hard workafter seeing this in 2018I want to become an engineer and inspired girls too just like you do,Hope_speech
ROD agree slavery was bad But should we use our modern day judgement to justify wether or not theyre bad They didnt think like us The things theyve done were bad Yes But without them you and wouldnt be here We modern days humans think certain things in the past were wrong They were normal back then Yes My main point is,Hope_speech
hmm never thought of it that way you could be right Ill have to so some research but my point still stands it never says in the bible to hate anyone for any thing,Hope_speech
All lives mater,Hope_speech
dont fit in But our little girls willnThis is so beautiful and honestly started getting emotional This is similar to what saynThere may not be hope for me,Hope_speech
graduated as an electronics engineer in the 1970s when it was only women,Hope_speech
All lives matter except the ones that want to divide us,Hope_speech
Sonic Neverslow Clearly you are not getting what Im saying She does not agree with their sexuality not EXISTENCE Sexuality and race are two completely different things support the LGBTQ community but still have sense and understanding that not everyone supports it But as long as they respect those people and are kind,Hope_speech
She could be queer and believe homosexuality is choice Those dont relate,Hope_speech
also agree All lives matter Yes,Hope_speech
Its funny mire peaceful protests happened more than the violent ones but they showed the violent ones more and bow people think thats the only way they did it and it wasntyes some people took advantage of it and looted others just wanted justice so they marched,Hope_speech
Im so happy my parents dont care if somebody is lgbtq Im bisexaul and still havent come out because,Hope_speech
All Humans matter Whats with labeling color Dogs matter Cats matter Bees matter Trees matter Americans matter,Hope_speech
What strong man to go through that abuse super happy that he stayed himself and that he can talk about iti am glad this generation we can understand that everyone is different,Hope_speech
All lives matter TonyTimpa,Hope_speech
my choice is to love,Hope_speech
am SO proud of this man He came out to his family,Hope_speech
wow its so amazing to knw about amazing its true nothings immposible for girls had givn me motivation for my engg entrance exam,Hope_speech
It is actually one of the main reasons lot of research has been done on the subject An absence of social influences to go into STEM fields is one of the biggest problems The reason why they drop out after they get to school is again due to the social influences this time negative from their peers Also,Hope_speech
am also bi and religious and believe that God loves everyone even us,Hope_speech
am inspired every time watch this Bookmark this,Hope_speech
love that lil man with grey thoughtful and so wise:orange heart:,Hope_speech
think this is my new favourite Madonna interview thank you for holding my hand through some of the worst of it Bless you,Hope_speech
lot of you are writing how that girl is going to suddenly realise like you did that she isnt straight etc etc because of the way shes dressed and stuff but regardless if thats true or not its rarely easy to come to terms with your sexuality especially if youve been raised to be against it People saying this about her is most likely going to make her feel uncomfortable and upset And while yes that isnt something someone should be feeling towards the LGBT community its likely the mental state shes is so like leave it lads,Hope_speech
Have you become that strong smart woman in suits designing beautiful constructions visiting the site and giving instructions to the workers yet,Hope_speech
Thats probably because theyre still in the closet due to their christian brainwashing from their church It happens lot in Christian communities Usually when they start to live outside that community then theh might just might come out grew up in Christian community so say this from seeing my LGBTQ friends come out not until their early 20s or even later love them all which is one of the many reasons why am not Christian anymore The churches thinking they have the right to judge Check yourselves Christians read Romans,Hope_speech
Hate isnt going to get you anywhere God gave us choice,Hope_speech
They are just saying what people want to hear for the vote but the true is that all lives matter and we are all equal RACISM COMES IN ALL COLORS BS and very tired of this,Hope_speech
dont know why cried after watching this Maybe because feel what she felt during the times she almost give up because of the peer pressure and perspective of other people But kept saying to myself that am worthy of being successful engineer Truly this makes me more appreciate what girls can do,Hope_speech
The message these kids are sending is amazing,Hope_speech
You cant gain respect without giving it first myself am Christian and just hate when other Christians disrespect what others chose to believe indo and feel like they are entitled to get that respect back,Hope_speech
Hey white guy here in if say Im an engineer people dont believe me either its not sexism its skepticism stop making everything about race and gender instead of logic,Hope_speech
This speech is so inspirational and it has given me the motivation to push myself Thank you Debbie,Hope_speech
Is Alive Funny because Im bi and came out to my church but they didnt mind and actually encouraged me to come every Sunday They even said not to feel discouraged by it Hm But believe what you want,Hope_speech
Can yall please stop putting labels on child Its her life,Hope_speech
When was little girl hated pink and hated dolls and loved the cars in the boys section envied boys section and always wondered why is there only dolls and babys in our section,Hope_speech
youre so amazing im an engineer too and im spending the same moments like you now because of our culture in Egypt and just have the same thoughts thanks lot for doing such great thing,Hope_speech
recently switched my major to computer science,Hope_speech
Racism is the biggest pandemic,Hope_speech
This is really my favourite singer Shes still very strong even with all the bad things she had to fight against,Hope_speech
Reynolds every single study states this is not therapy in any definition or standard and its always harmful,Hope_speech
AMEN thats the truth Jesus told us to love,Hope_speech
Racism is discriminating or treating somebody unfairly because of their skin color,Hope_speech
live in my moms basement was being very calm about what said sir and for you to be ignorant with your words is immature please if you want to have debate make sure theres no assumptions and your only stating Facts because you assumed that dont care about white speakers Im black and the black community have been oppressed for years and we have been able to have open arms to other cultures including whites and its not fair for you to assume what you assumed,Hope_speech
Do not give up hope not matter what,Hope_speech
You live in very strange and little educated world The differences exist and have to be respected both sides,Hope_speech
Im girl and Im planning to study environmental engineering when Ill be in university,Hope_speech
JESUS PURPOSE FOR COMING INTO THIS WORLD WAS FOR MANKIND THERE WERE DISPLEASING THINGS THAT WENT ON IN HIS JOURNEY HERE IN THIS WORLD THERE WRE KILLIMGS OF INNOCENT PEOPLE LIKE IT IS TODAY ETC JESUS MISSION WAS TO BRING MANKIND BACK TO OUR HEAVENLY FATHER BECAUSE OF IN JUST THINGS WERE HAPPENING TELL ME OUT THE SLAUGHTING IN THE DIFFERENT RACES,Hope_speech
Sunshine littlephilly disagreeing with someones existence and being against their ultimate happiness is never loving and kind,Hope_speech
conversion therapy is literally torturing someone into having ptsd,Hope_speech
Maybe saying feminist country would be bit of stretch not really but were definitly PC country,Hope_speech
Maddona saved my Soul in 1999,Hope_speech
dont agree with homosexuality is like saying to blind person dont agree with blindness,Hope_speech
Its racist to say only one race matters allraces matter all lifes matter,Hope_speech
Her comment wasnt emotional at allIt pointed out the reality you are ignoring moronWomen get uncomfortable when theyre treated unfairly and that is somehow their fault So instead of killing off sexism women in your world should just put up with itOh,Hope_speech
There is no color,Hope_speech
Wow am studying mechanical engineering and this is motivational so much as female,Hope_speech
You cant just assume their sexuality Its just really wrong to assume something about someone Like everyone thinks girls with short hair are lesbians or Bisexual people cuff theirs jeans Im bi and dont cuff my jeans Dont be so stereotypical Thank you,Hope_speech
All life matters color is irrelevant,Hope_speech
Jesus died for all of us White black,Hope_speech
ALL LIVES MATTER YES ALL LIVES MATTERThe Dems and libs are causing all of this for their own agenda They Do Not Care At All for Black Lives or White Lives or Red Lives or Yellow Lives ALL LIVES MATTER,Hope_speech
Im am fortunate to live where do If you contribute and act as decent person you are treated equally the same Regardless of race religion etc Knowones life here is undervalued Not even the sorry people of all colors,Hope_speech
wonder how MANY people Madonna saved from suicide am not fan of Madonna but can understand the love between she and her FANS,Hope_speech
Cain Indeed Its just this is one of the few times that Madonna has shown it like it she wants to be seen as just like any of us,Hope_speech
totally agree One of my old classmates came out as trans and pan,Hope_speech
ALL LIVES MATTER NO EXCUSES ANYMORE ALL EVERYONE LIFE MATTERS TIME TO GROW UP,Hope_speech
Its time to change we have to change unity make the earthworld great were not 17st century no racism were 21st century nunity is powerful and peaceful,Hope_speech
as another Christian and queer myself hehe couldnt agree more those Christians working for conversation therapies do so much harm and hate towards others and shouldnt be considered Christians at all but extremists,Hope_speech
wait 12 of them are engineers yet 28 of directives are women woman engineer has 2x chances of becoming top worker than man,Hope_speech
am mind blown Thanks for the speech,Hope_speech
God is love and god loves every good person no matters what,Hope_speech
Mehdi Benchekroun All Lives do matter But in America black people havent been treated like they matter,Hope_speech
Sasha Dumse and God made LGBTQ people,Hope_speech
Both Madonna and Elizabeth Taylor never turned their backs on the gaysnThey were both very involved with support for research from the very beginning of the AIDS crisis,Hope_speech
The message is ALL LIVES MATTER All or none at all,Hope_speech
all lives matternall na nThat includes black lives,Hope_speech
Me thinking about coming out,Hope_speech
its been years and Im still bisexual,Hope_speech
Can we just agree all human lives matter,Hope_speech
just want to hug her here She made me cry like this Madonna Very inspirational and strong woman,Hope_speech
All lives matter in the worldall over the world,Hope_speech
Cowards All lives matter,Hope_speech
Conversion therapy has the same origins as ABA Autistic children are exposed to abuse regularly with the goal of making them outwardly act less autistic,Hope_speech
andrews or maybe love them for who they are,Hope_speech
Someone fire these people and put them in the street then lets see who lives matter then yall live with no money no job for just two months then see who helps you on the street bet there be yellow black and white that help you help from all lives thats all lives matter black lives cant do it allneither can white neither can yellow it takes all lives to over come the hate and thats why all lives mattercause we cant do it all by ourselvesGodwins 99God 1er You and thats 100 the truth so help me God,Hope_speech
How can you not agree with sexuality Its like not agreeing with the moon,Hope_speech
That just proves your willfull ignorance,Hope_speech
All lives matter Crowd,Hope_speech
Madonna has been an advocate from day dot She fought so hard for and with LGBT people She is an icon and legend in every sense of the word Her heart is so pure,Hope_speech
Apparently not since theyre complaining about things that arent legit complaints,Hope_speech
All human life matters has Ive said before politics is responsible,Hope_speech
All lives matter because all people are created in the image of God,Hope_speech
Yasss well god told us to love every one so will love them wow actually started to cry so powerful wish ever one thought that way,Hope_speech
believe in humanity now,Hope_speech
pants nnThe reason say believe there could be closer to 5050 distribution in engineering is because there are many women who have strong enough math skills to go into the field who are currently choosing to go into other disciplinesnI agree that women with high scores are likely to choose other majors Female math geniuses are usually stronger in other subjects as well Like said before,Hope_speech
All lives matter and if you think they dont imagine one of your family members die tomorrow They may not make main stream media but they mattered to you So yes every life matters to someone,Hope_speech
Ancient Soul oh Lord dont think youll ever understand Theres specific context in which the black lives matter movement arose Because black people were being killed and there were multiple incidents of the same type of thing What exactly is the context for the all lives matter movement and focusing on the whole world It was only created as combatant otherwise it wouldnt even exist No one is blaming white people Were saying stop killing black people unjustly Thats it Obviously there are other problems going Probably more important ones too But are people not allowed to stand up for themselves without being attacked Would you not like to be able to stand up for yourself without being opposed Thats all this is about but sadly dont think youll be able to understand no matter which way put it,Hope_speech
Inspiring and encouraging,Hope_speech
Everyones life matters,Hope_speech
mean Im all for equality and all,Hope_speech
came out at the age of,Hope_speech
jules has lot of vision about life really love how he tries to understand everyone and he is really wonderful child,Hope_speech
There is nothing wrong with saying All Lives Matter,Hope_speech
No its common sense,Hope_speech
wish could give that guy hug because he has had such tough life and seems really nice and deserves more,Hope_speech
Good luck You can do it,Hope_speech
It seems some people need dictionary definition of the word ALL which includes everything of group All Lives Matter,Hope_speech
Can we also agree that choice given to ONLY two people,Hope_speech
All lives matter all of us,Hope_speech
She has really interesting life story and shes funny,Hope_speech
game developer im game player can play with you give more life in any game,Hope_speech
sara leong love science as well But it is extremely hard for me to focus in math Mainly because probably because of classes arrangements am one of the only three girls in my math class of 12 and almost all the boys didnt know what staying on topic meant They would yell and chat loudly The teacher just seems to not hear them probably because she has learned that it gave her less headaches Anyways love legos as well hope theres more people like you and your family in the world,Hope_speech
The little boy that asked for advice on how to be good ally friend was so sweet melted my heart Lol,Hope_speech
think shes came out as bisexual,Hope_speech
Im religious and LGBTQ,Hope_speech
Every life mattershuman,Hope_speech
believe women should have the freedom to work and vote and live as anyone else,Hope_speech
They say they want everyone to be equal,Hope_speech
Human Lives Matter Colour dus not,Hope_speech
Black Lives Matter is statement of DIVISION ALL LIVES MATTER why because this not about skin is not the problem POVERTY is the problem and JOB and both these problem affects Black and Whites By the way check the stats more WHITE men die in police custody than BLACK me ALL LIVES MATTER full stop,Hope_speech
TA Good for you hope those other girls will realize that their purpose in STEM is not to hang out with other girls but to actually do something with STEM,Hope_speech
well the media wouldnt be able to support itself unless it was appealing to at least some subset of the population,Hope_speech
They forget about the context and the reason why Black lives matter is thing when they discuss Black lives matter and all lives matter It should not be problem to say all lives matter,Hope_speech
Its because its nice to have big events where LGBT people can go and meet people who are like them or have similar experiences as them and feel at home and like they belong somewhere There are no parades for those things because those are more socially excepted things Have you ever heard of country that doesnt accept straight man Its just nice way to make friends or if people give you hard time about who you love usually,Hope_speech
Queer is anything that isnt straight So if you think someone is not straight or cis then you say theyre queer Hope this helps,Hope_speech
Thank you so much for this Im high school student with few years into college couldnt decide between Architecture and Civil Engineering,Hope_speech
Why did the police not intervene That statue could have been removed properly without the violence that is starting to worry lot of people The way things are going is the wrong direction,Hope_speech
All Lives Matters means exactly that Equality for everyone BLM only focuses and trys to elevate race Im Asian and we too suffer from racism especially now with this COVID19 situation Racism and brutality is never right All Lives Matter,Hope_speech
it isnt all lives matter,Hope_speech
this inspires me so much have so much creativity would love to share love art im just not the best at math and dont want that to stop me like it didnt stop you,Hope_speech
lived my life as lesbian for 15 yearsand was accepted by friends and familyi started dating man and lost all my friends and my family found it kind of difficult to accept,Hope_speech
love watching doctor who Me too sis What lovely girl,Hope_speech
she changed my life,Hope_speech
dont believe in god but when the kid said god gave us choice,Hope_speech
That boy who wanted advice on how to be there for his friend was so sweet hope he never changes and stays just as sweet and kind when he grows up,Hope_speech
For the people who are religiousthe onlllyyy thing God wants is to respect one another and love each otherthen how does this make sense its not really christianity its the church in old times which had power over people christianity was the excuse to get people to do what they want,Hope_speech
All lives matter there is not enough of you this will end itll be bad for you you better be nice,Hope_speech
Assuming other peoples sexuality and preferences and acting as if it something you cant help to do is being judgemental,Hope_speech
God loves all his creation,Hope_speech
Bauer Frazier Why do we need more girls in STEM fields Why not just the best talent regardless of gender,Hope_speech
Im 16 love math But Im unsure of my future careers Im thinking about engineering but am unsure but this video touched me,Hope_speech
This video is perfect example that you can tell your kids about sexuality Kids are so much more opened minded then adults,Hope_speech
Love Marcus Thank you for sharing your story,Hope_speech
For God shows no partialitynRomans,Hope_speech
Women make their own decision not to go into theses kinds of majors they tend to chose more safe majorsnAnd than they blame patriarchy and sexism and oppression when its all their personal choice nWomen must become more assertive and demanding in these things If we want it will GET it We have every right and freedom to do so,Hope_speech
Shes such cold phony Its great that she shows supports for gays,Hope_speech
Love the interview Very vulnerable lot of women was inspired by her too,Hope_speech
GOD Bless America All lives Matter All Nations under God AMEN,Hope_speech
judge pple on what they do not there color,Hope_speech
ALL Lives MATTERTO GODJESUS,Hope_speech
pictured myself This was so inspirational Thank you Budding Astronautical Systems Engineer,Hope_speech
When you say all lives matter Youre including everyone They dont want to include everyone,Hope_speech
If the really wanted racial equality they should say ALL LIVES MATTERnnWhenever you have slogan that promotes one race,Hope_speech
Mckenzie You will make it SisJust dont give up All the best By the way,Hope_speech
Well considering this is post related to the protests thats why he is saying it Any mass gatherings at this time no matter the reason are going to spread the virus which is something we all want to avoid agree with the message of the protest but its not the right time to do it,Hope_speech
She saved my life and gave me new hope,Hope_speech
ALL lives matter That includes all babys Jesus help this world,Hope_speech
All lives matter and thats it period,Hope_speech
Back in the old days there were no pink and blue aisles In the 80s in my country there were few toys to choose from so the parents got what they could Me and my sisters had bucket full of building blocks would play lot creating adventures and stuff didnt like dolls or barbies because the joints could not be bent We also borrowed our fathers saw and files and we created stuff from twigs Having less plastic premade stuff made us more creative,Hope_speech
Shes always done what is daring or pushing boundaries Any negative publicity shes every gotten has only increased her celebrity Evidence,Hope_speech
Dude do you realize how many people get depression and comit suicide after going to conversion therapy Is literally one of the most mental unhealthy things,Hope_speech
It became illegal in Hawaii 50th State in May 2018,Hope_speech
dont believe in lying about yourself to make other people happy,Hope_speech
These women ARE in STEM,Hope_speech
You can do it girl Keep going with your Engineering degree,Hope_speech
920 To never give hope to never give up She said it with conviction,Hope_speech
this is truly inspirational,Hope_speech
nearly lost family members by saying all lives matter Sad,Hope_speech
Stop racism at its source,Hope_speech
My moms an engineer As girl,Hope_speech
Easy to complain Why dont you start your own company or invent something Stop complaining and step up,Hope_speech
dont agree with homosexuality but do agree with being true to your self and accepting people no matter what,Hope_speech
Jimmy Pop just let her live her life the way she chooses to and you live yours very simple concept,Hope_speech
love that she uses her platform to shed light on the darkness very brave,Hope_speech
Abdallah Shakeel like said why is it just black lives matter it should be all lives matter so yeah it sounds racist to me mate what about Muslims Chinese or Mexican lives Im sure we all matter as one race and thats humans dont see colour or religion see the person the human life,Hope_speech
Yo actually stop demonizing christians We dont hate LGBTQ ppl,Hope_speech
Racism is just shit thing that came from everywhere that had or more races,Hope_speech
Boys and girls should try every type of toy so they can have broad knowledge so they have more options when taking important decisions,Hope_speech
To say black lives matter is divisive To say all lives matter is inclusive,Hope_speech
Im not your damn Google To say there isnt discrimination is simply delusional Gtfo,Hope_speech
In my Civil Engineering classes Brazil fifty percent are woman,Hope_speech
All lives should matter please,Hope_speech
Awesome Debbie Sterling this is great deal for our young daughters,Hope_speech
played with Lego and blocks as well as dolls when was younger played with you cars,Hope_speech
lot of our children are addicted Meth floods the streets the dealers give it out for free like candy too get addiction started plus they dust fentanyl on pot sales to get them addicted this is driving crime We need help all of us We have to get drugs off the street and get help to addicts Please lets work together,Hope_speech
skin is not race it is an organ that covers our body if it is black white or whatever colour it is only an organ what is wrong with people if black lives matter so much why are they killing their unborn children at such large numbers BLM only cares about getting money for their movement and not the people who they claim to be fighting for they dont care about anyone but their bank accounts or the cities where black people live would be improving but they are not explain that one and with these last riots how many black businesses were destroyed by these black lives matter groups,Hope_speech
you cant decide someones sexuality wtf the leg crossingni cross my legs therefore the person sitting opposite me on the train whos never spoken to me has the right to decide im bi or whatever,Hope_speech
God bless women It wouldve been so boring to live without them LOVE YOU GIRLS LOL like it so much when see girl fighting for her dreams and succeed despite the fact there are so many obstacles in her way,Hope_speech
Im going to start studying engineering this fall Im so excited,Hope_speech
You have the best mindset It seems many project mental barriers which are not beneficial Males also find their studies difficult,Hope_speech
More men should be teachers and nurses It should be 5050,Hope_speech
Yes study CS and it is so so lonely These types of videos keepnMe going,Hope_speech
Id say they are biased maybe not racist but all lives do matter,Hope_speech
feel so base for that guy They treated him as if he wasnt human just because of who he loved :pleading face:,Hope_speech
study shows that women have sharper mental skills than men But the main problem is perspective What perspective nThe perspective that says,Hope_speech
wouldnt say fighting for civil rights and social justice is pointless,Hope_speech
youll make it no doubt you seem so passionate and hardworking,Hope_speech
Why dont all lives matter just wondering,Hope_speech
All lives are what you make of them We are all born and we will all die,Hope_speech
Jessica Walker but there is no perspective You dont agree or disagree with homosexuality just like you dont agree or disagree with Down syndrome,Hope_speech
Several deaths can be directly and indirectly linked to conversion therapy From suicide and long term impacts from the physical abuse such as brain or limb damage to some links to hate crimes against the failed projects of some of these camps,Hope_speech
All lives matter That is not racist statement If you think it is then you are ignorant,Hope_speech
river thats how used to be and then realized Im FLAMING BISEXUAL,Hope_speech
All lives matter because we are Gods most precious handiwork,Hope_speech
She saved me many times at different parts of my life,Hope_speech
am anxious to see if my 10 year old daughter will watch this with me STEM toys are her favorite,Hope_speech
Madonna educates people on many thingsShes there because shes destined for itShe does lot of good admirable things,Hope_speech
All lives matternThe unborn,Hope_speech
She saves lives with her music,Hope_speech
this is so inspirational,Hope_speech
never understood racism grew up thinking whats the problem with with different colored humans theyre literally the same but different colorsnTo this day still dont know why people think race of humans is better than another race when theyre exactly species,Hope_speech
ya boy just went out and bought goldieblox youre so inspirational,Hope_speech
Scott thats because they claim that Martin Luther King is there role model yet they turn around and contradict everything that he has said Im sorry but they failed Martin Luther King if theyre going to live up to his expectations that man was saint he said all lives matter can prove it we are all created equal have dream we are all created equal Ill say it again we are all created equal we are all created equal and Ill say it one more time we are all created equal so how does we all turn to just black lives matter would love to tell these people that say this black lives only matter do not compare yourself to Martin Luther King you are insulting him and he will be rolling over in his grave to hear the crap that if they so claim that Martin Luther King as their role model then why does there move it contradict Martin Luther Kings agenda,Hope_speech
Dont Dare Give Up Right Now Im Counting On You Not Giving Up,Hope_speech
So true and this world has gone to hell in hand basket All lives matter and WE ALL NLEED RED,Hope_speech
stop forcing people to forcefully study engineeringnengineering is made for humans nif girls want to study engineering she willnif she wants to study something other than engineering she willnIts totally her choicennnnnA person should only study something in which heshe is interested in and thus can excel in that field only,Hope_speech
That is uHH really mean She is such smart kid and has great mind set :smiling face with hearts:,Hope_speech
am American women and work with black women and showed up to work when or the other need to be relieved nnSometimes dont get day off do my part as caregiver dont say much got wiped with woden spon when learned English in my Afrikaans School since all South Africans has to learn languages If misspell word in English It was hard learning English in my hometown It wasnt easy,Hope_speech
Im religious and bisexual,Hope_speech
proud of you GOOD LUCK,Hope_speech
Ive finally decided what want to be want to be an Industrial Engineer,Hope_speech
We all bleed the same,Hope_speech
ITS WAY PAST TIME TO END THAT RACIST BUSINESS WE ARE ONE RACE MADE BY GOD IN IS IMAGE RACIST NOT GOOD,Hope_speech
can proudly say that became professional software engineer some months ago nIve never thought that was going the wrong way do have hardships now and then,Hope_speech
pvz68man There is absolutely nothing wrong with LGBTQIA You seriously need to stfu Because dont give af what book says love is love and dont see how other peoples sexuality affects you You are small person,Hope_speech
Gender Equality Paradox states that in countries the more equal the genders are in pay The less likely women will pursue STEM Careers Therefore the best way to increase the number women in STEM is to pay women less,Hope_speech
All lives matter and frankly from what Ive seen is that gun laws in America are yet again the true problem whether out of prejudice towards the colour of skin think its ludicrous the chances between the rich and poor are divided and that is where the true issue is it is difficult to get rid on one bigoted billionaire that so happens to be the president of the United States but laws around the world have no difficulties ridding poor people out of the society so therefore Im afraid that the majority is playing dangerous game of racial anger that can result in civil war that would not be beneficial for whatever colour of skin youve put your bets on so when say all lives matter mean to say,Hope_speech
Sunshine Be positive sis,Hope_speech
dont worry Im Christian and Im both trans and bisexual so yeah thats thing like God said men shall not lay with man but that was mistranslated its actually man shall not lay with boy meaning pedophilia so homosexuality is not in the bible and religion shouldnt stop people from loving who they love yk,Hope_speech
Just realize that woman are treated differently in these fields You are given lot more slack for your fuckups than your male counterparts,Hope_speech
All lives matter because we are all Gods children,Hope_speech
Boa In US women are given preference over men by,Hope_speech
The little asian girl was asking such valid and deep questions for her age So moving,Hope_speech
am not sure why stated that maybe was thinking of another comment Maybe it was because you say that she is not an engineer dont believe that you HAVE to be an engineer to encourage females to go into the field anyone can do it So,Hope_speech
all lives matter,Hope_speech
glad that there are efforts to encourage women to pursue STEM,Hope_speech
One of my fav legends She is true spirit for change,Hope_speech
Same have found my people Baptist and bisexual,Hope_speech
Thank you so much for sharing such wonderful message,Hope_speech
My mother worked as petroleum engineer in the 70s80s and finds the notion of todays women being discriminated against in engineering quite humorous,Hope_speech
Of course it will not work Cannot change who person are Then they will only play with not to be judged But get depressed and not have life Some talk about the bible,Hope_speech
Its honestly not even battle between white vs black people Its battle between racists and people,Hope_speech
All the best sis Prove yourself Follow your passion,Hope_speech
All Lives Matter We are all the same inside of our bodies Ask God He Created us,Hope_speech
Yes that was genuine Bless her Never give up hope love you ladyx,Hope_speech
hate all people who cant see past the colour of anyone cant imagine what there family are going through but do think that people should think first We are in global pandemic at the moment the people involved will get whats coming to them but STOP the rallies till the end of the pandemic its still spreading stay home and stay safe,Hope_speech
All lives matter There is only one life It is common to all creatures that are alive Its called pranna,Hope_speech
was the girl who played with my brothers legos and ignored my barbies loved my college engineering classes But was always one of few girls in those classes,Hope_speech
Only people can understand Madonna who has gone through so much pain as she did the battle losing her son and other emotional things,Hope_speech
Kiri felt that After having just come out to my parents after being married and feeling safe after years of being with my spouse who encouraged me through it all,Hope_speech
Just because she disagrees with homosexuality doesnt mean shes homophobic,Hope_speech
Theres always way out and Madonna is just changing the world for the better,Hope_speech
baddie nRacist All lives do matter and that includes the black children killed in the inner cities that black lives matter never talks about Black lives only matter to BLM when white person takes it nALL LIVES MATTER Do you think god would say all lives matter is racist,Hope_speech
If all lives mattered there would be no poverty or killingMatters to WhoBL The Struggle,Hope_speech
During school learnet that my friend was lesbian oh cool my friend is lesbian respect them,Hope_speech
Ive been told by believing Christians that Jesus hung out with those who were marginalized by society To show love and support That would include our LGBTQ kids,Hope_speech
the real slogan should be called all lives matter,Hope_speech
You all have to remember what Martin Luther King said have dream that my four little children will one day live in nation where they will not be judged by the color of their skin,Hope_speech
You can atleast inspire little onesnnnnNot just women nBut for allnYou dont seem do care about equality,Hope_speech
Boa In US women are given preference over men by,Hope_speech
Baden Jones Actually you cant You can choose who you date but at the end of the day you cant choose who youre attracted to,Hope_speech
God loves everyone,Hope_speech
Sadly it is being put as trend But black people are still suffering and they are downplaying us and trying to shut us upnWe just want racial equality and to defund the police It seems they are doing everything but that But we shouldnt use this important movement to turn attention to something else that isnt the matter at hand We will fight for equality then we will spread out to those regions too They are all equally as important but we have to stay focused hope you understand this,Hope_speech
dont believe in lying yourself to make other people happy That is straight to the bones,Hope_speech
sheridan it was wrongly translated It should say to not lay with boy the wrongly translated version says man and it refers to pedophilia,Hope_speech
We need to see black people as people,Hope_speech
If you are going through something similar know that youre not alone :orange heart:nThere are churches that are ONA Open and Affirming of all lgbtq people You are loved,Hope_speech
ALL LIVES MATTER WE ARE ALL GODS CHILDREN ANYONE WHO BELIEVES OR THINKS ANY DIFFERENT WILL PROBABLY END UP BURNING IN HELL READ YOUR BIBLE AT WHAT TIME DID IT BECOME WRONG ITS ALWAYS BEEN THE TRUTH KNOW GODS WORD BECAUSE ONE DAY YOU WILL END UP FINDING OUT THE HARD WAY ITS NEVER TOO LATE UNTIL ITS TOO LATE,Hope_speech
Is normal to be terrified but to be brave does not mean abscense of fear but to act despite the fear,Hope_speech
busterud You are missing my point find it impossible to understand that movement that is trying to redress inequality has main banner statement of inequality am not putting the importance of any race over any other The statement White Lives Matter is just as wrong as Black Lives Matter am sure the movement has some valid points but the cause is not helped by provocative banner All Lives Matter would be perfect for the movement because it wouldnt diminish the impact and it would show absolute unity and equal opportunity for everyone going forward believe this would garner additional support from all areas of all communities,Hope_speech
Im not in their shoes and cant pass judgementnremember that these issues are systemicnnCant Pass JudgementnJudges the problem is systemicnnNo,Hope_speech
luckily more and more states and countries are making it illegal,Hope_speech
ALL LIVES MATTERIM FROM THE SEYCHELLES WE HAVE DIFFERENT TYPE OF PEOPLE,Hope_speech
Trump really likes Israel At least he says he does,Hope_speech
am female engineer and this made me cry This woman is awesome and inspiring nAlmost sorry that im going to do economics from now on,Hope_speech
Inspiring talk Im glad found this video,Hope_speech
All lives matter we all bleed red there is really no difference between race,Hope_speech
Im so glad Im in the Uk where in year 11 we have our GCSEs and since 2004 girls have outperformed boys in all subjects,Hope_speech
am Tunisian Machine Learning Engineer Im very proud of my choice,Hope_speech
Sasha Dumse he also told humans to love each other,Hope_speech
Your family sounds amazing hope your dreams come true,Hope_speech
And had napkin over it cause had to protect my intellectual property was already loving this talk but this got me even more,Hope_speech
God gave us choice,Hope_speech
have the same aspirations as you do want to make my family proud and show them that women can be scientists and engineers,Hope_speech
Imposing conversion therapy on anyone is evil It is terrible humans pretending they speak for God and have right to be cruel and judgmental in his namen2 Once again,Hope_speech
Dont worry if people dont like who you are They are still struggling to even like themselves Hate and resentment towards other people is like taking poison and expecting the other to die,Hope_speech
This itself is inspirational,Hope_speech
In short it cant be all lives matter because black people is unfairly treated by police it doesnt mean we said blm it doesnt mean all lives doesnt matter we cant matter until they can,Hope_speech
am 15 and dont think can tell my parents dont believe in the religion they have taught me to believe in ever since was born nnI dont believe in the textbook version of God,Hope_speech
Its nice to see another religious but also lgbt person,Hope_speech
Guaranteed by law freedom,Hope_speech
With so many people thinking that they are Gods If that were true than why dont they see that God looks at everyone with pure love and he filled our world with wonders that all people need to experience like the healing powers of all he created If all lives matter than we will all prosper as it should be When only one race matters it is doomed to fail because to actually be true success all lives unite to combat whats wrong,Hope_speech
Clearly this virus has side effect of stupid causing people to act out in an aggressive and disgraceful manner,Hope_speech
All lives do matter Black white brown red yellow they all matter With that being said quit placing value on anyones life that tries to take mine nomatter what color they are,Hope_speech
Every life matters including the unborn,Hope_speech
For Jesus Christ ALM All Lives Matter He died and resurrected for remissions of everybodys preexisting sins to save from eternal hell Accept HIM Be saved from eternal hell For free,Hope_speech
All lives matter there said it,Hope_speech
You dont dictate my future dont care what color you are and dont care if Im Mexican American,Hope_speech
The lives of every human that have been conceived matter,Hope_speech
This is amazing and wish this kind of toy was around when was young Its important for us all to not pigeon hole kids according to their gender or race wish you many more successes and,Hope_speech
Her eyes are so beautiful Very striking You can tell this is very heartfelt and emotional and genuine She has become very soft spoken here and it says much to the love she has in her heart for the underdog and those who suffer Wonderful Madonna,Hope_speech
like how Annie tried to be respectful anyways,Hope_speech
im female computer science engineer and this was the most emotional ted talk ive ever watched sooo important,Hope_speech
God gave us choice My choice is to love,Hope_speech
am so glad that you made your toy wouldnt have extended my love for science feel like dont fit in at school sometimes,Hope_speech
Lets push more women into STEM like Elizabeth Holmes,Hope_speech
Nobody is stopping women from attending the schoolsclasses they want,Hope_speech
Watching this before study cause Im feeling to lazy to do so,Hope_speech
LEEPER nothing was sexual in the discussion It was all about man who has been mistreated for being who he isnHave you noticed that none of the kids being uncomfortable They were discussing with an adult about bad thing that still happens In fact,Hope_speech
Everyone needs to learn that saying black lives matter doesnt mean other lives dont Think of it as saying black lives matter too,Hope_speech
my choice is to love GIVE THIS KID SOME PRICE FOR THE BEST SENTENCE EVER,Hope_speech
Guys All Lives Matter So Stop It Because Thats Selfishness,Hope_speech
McBride yeah Now that is racism Shouldnt be black lives matter Should be all lives matter,Hope_speech
think that the homosexual people arent bad,Hope_speech
hope that all life Matters In many years many People,Hope_speech
feel sorry for him but he needs to stand up and say ALL LIVES MATTER,Hope_speech
ALL LIVES MATTER Is the message BRO,Hope_speech
Rebekah Saying you dont agree with homosexuality is like saying you dont agree with being black Its not choice and it doesnt hurt anyone And you telling someone that they are wrong for who they love which they cant change is just as bad as what those people did to this man as child,Hope_speech
Think about it this way by only saying black lives matter you are putting down every other race including Native Americans They have it every bad because they got pushed out of their homes where their beliefs are so their basically taking page out of Hitlers book and say that Black is the master race when that isnt true because there is no master race everyone should be equal,Hope_speech
Im currently sophomore doing ME and Mathematics This video really helped Wish me luck on my finals next week,Hope_speech
We were all made in Gods image All lives matter,Hope_speech
It should never be controversial to say All Lives Matter have several good Black Asian friends who treat me with the same respect as do for them Regardless of what race you are,Hope_speech
Legitimate proof to prove that conversion therapy is wrong and useless You cant change person for who they are,Hope_speech
Ive read fanfic about two guys that were sent to straight camp and it was horrible like how is that legal wtf,Hope_speech
Why would people go way within meters in lockdown as it was easing and the was below More lives will be lost,Hope_speech
Not really no Women in politics are important as well,Hope_speech
Black lives matter is the honoured group in the same way Caitlyn Jenner was Woman of the Year,Hope_speech
Star Lord honestly think that education system has lot to do with it If am not mistaken in US you can choose your classes,Hope_speech
Carol Danvers Physically they are VERY different Sorry but nature is real do agree though that engineering has nothing to do with weather its men or women,Hope_speech
The little kid that said that God gave him choice and he chose to love is the greatest kid ive ever seen Theres so much wrong portrayal of what christianity is on the media that is refreshing to see someone who actually gets the concept And also love that Annie regardless of her point of view respected the survivors opinion and got to an agreement Ilove them all please protect them,Hope_speech
In Malaysia there are more girls in chemical engineering,Hope_speech
80s baby here Madonna was made by the lgbtq community She was there for them,Hope_speech
think women and men should be treated equal but Im sorry but if you put man into workplace full of girls,Hope_speech
One of em litterally say that this will change and the only thing it will take is time,Hope_speech
WELL SAID BROTHER SPEAKING OUT FOR BABIES IN THE WOMB BECAUSE ALL LIVES DO MATTER PRAY EVERYDAY THAT WE COULD JUST LOVE EACH OTHER NO MATTER THE COLOUR OFOUR SKIN ONLY LOVE FOR ALL MAN KIND IS THE ANSWER OUR CREATOR GOD MADE ONLY ONE HUMAN RACE WE ARE ONE,Hope_speech
Im currently studying engineering right now and this honestly gave me the motivation to finish the rest of the semester Its so incredibly easy to feel defeated in this field,Hope_speech
love that you guys are coming at this from full heart and really trying to help children understand the new world that they live in today some people may be against us some people may be for it but whether youre against learning about the way the world actually works or not doesnt mean that the world doesnt still actually work and if your children are going to be productive people in our society then they should learn about our new society,Hope_speech
Gays need help,Hope_speech
This is amazing found my passion for engineering with GoldieBlox Boredom one night led me to this TED Talk and now its clear that whatever shes doing is working,Hope_speech
All lives DO matter No one is better than the other Sanders is fraud He got arrested in 1964 for throwing eggs at black protesters,Hope_speech
TheCounterpointer Why isnt it possible for our society to focus on broadening horizons for women AND helping boys get through the educational grindhousennI think our educational system could be vastly improved,Hope_speech
DaisyTail commented on the absurdity of not agreeing with something nthats simply an unchangeable trait of person,Hope_speech
was waiting on one of them responding to him asking Do you know anybody LGBTQ to say Yeah me,Hope_speech
In third world countries males make money and feed their family mostly not women Its the system where males are the head of family and works for the family,Hope_speech
personally dont agree with alot of what is being said about black lives matterit should be all lives matter lot of people are starting riots and uprising against each other That makes these people look just as bad as some police who are wrong and Do wrong if everyone prays and forgives we as nation might still have chance,Hope_speech
Change equals ChallengenThis woman has delivered thousands of quick and witty lines over the past four decadesnBut,Hope_speech
She said it bothers her that people call her smart when she wanted to be pretty had the exact opposite complaint at that age wanted to be called smart instead of pretty am Roboticist today with an extensive background in both software and hardware have friends whos parents encouraged them to go into STEM that hated the idea and felt pressured,Hope_speech
To make change all lives matter if were going to make change lets make change rate acrosstheboard and that includes animals to aborting babies,Hope_speech
Moore No they do it to support equality Why should one race matter more than another Kinda counterintuitive considering they all want equality,Hope_speech
So all the politicians are jumping on the band wagon joke All lives do matter have an issue when see 50 or so black people stopping traffic and letting black people through but smashing the windows on white peoples cars is that not the same thing they want to stop,Hope_speech
All lives matter 2020 Including the unborn,Hope_speech
Corvus Corax thats great Many girls have been teased for having interest in STEM am only 26 and when was in grade school,Hope_speech
chloe but wouldnt it be better to let other believe what they believe in and not force them into something theyre notnnIm bisexual christan,Hope_speech
Peace be upon you to our beloved brothers and dearest sisters,Hope_speech
Do not be missed or seduced into anything that even subtly attempts to water down the absolute fact that ALL LIVES,Hope_speech
read my dads engineering magazines in my spare time other girls go shopping at the mall,Hope_speech
We all need to be not RACISIT,Hope_speech
Black Lives Matter is creation of the so called Democratic Party who is financing this movement still stand by my comment ALL LIVES MATTER,Hope_speech
Yang will never respect racist organization,Hope_speech
GOD GAVE ME THE CHOICE TO LOVE child is teaching us,Hope_speech
As female Indian engineer,Hope_speech
SHE LITERALLY SUPPORTED THE LGBT COMMUNITY BEFORE ANYBODY EVER DID PEOPLE DONT UNDERTAND HOW IT WASNT COOL OR TRENDY TO SUPPORT THEM,Hope_speech
wonder how MANY people Madonna saved from suicide am not fan of Madonna but can understand the love between she and her FANS,Hope_speech
These kids are what give me hope for humanity,Hope_speech
All Lives Matter,Hope_speech
asian black native america as long as you are not white white to them you are black and NOT important so when we say black we mean people of darker tone or skin or people who they are racist towards because we dont look like them so they treat us different so we need to be united and fight against racism for the racist anyone different from them if beneath them so we fight for our children and for thier future freedom to be and explore this world without someone putting them down all the time,Hope_speech
My choice is to love Im actually crying in the library right now Such wisdom and maturity,Hope_speech
ALL LIVES MATTER no one person or race is better than everyone else Truth,Hope_speech
Conversion therapy should be illegal,Hope_speech
pass thank you for this response bc yes some Catholics have done horrid things but thats not bc of Catholicism but bc they gave in to sin and they are bad people,Hope_speech
Now want this toy really needed this pep Talk as am going to be doing second engineering drawing module will work hard until get it right,Hope_speech
god gave us choice my choice is to love :pleading face:,Hope_speech
Love is Love,Hope_speech
ALL LIVES MATTER the end,Hope_speech
ALL LIVES DO MATTER PERIOD DOES NOT MATTER WAT COLOR ARE PERUOD,Hope_speech
With all these protestnWe all forgot one thingnnnnThe corona is still out there,Hope_speech
Why is it wrong say Eitherboth are rightnIF ALL lives matterthen Black Lives Matterwhat is the discussion,Hope_speech
hi the comment was about love not about if its sin or not We are all sinners and god still calls us to love one another Just because someone sins,Hope_speech
All Lives Matter,Hope_speech
omg how can someone be that amazing,Hope_speech
Whys is it only black lives matter feel like thats just another form of racism and segregation It should be all lives matter,Hope_speech
God gave us choice My choice is to love nWho cut the onions in here,Hope_speech
after your wonderful oration about engineering got interest in doing mechanical engineering only because of you THANK YOU so much,Hope_speech
God gave us choicennnMy choice is to lovennnnnI teared up man,Hope_speech
ALL lifes matter When people boo that do they think that black live matter more dont know to much about this butI think ALL lifes matter,Hope_speech
The Constitution matters because if followed everyone is equal under the foundation of the constitution United we stand divided we fall,Hope_speech
We cant be racist because there is only one race which is Humans nnBLM just russ that started in 2013 they always bring up the past and slavery Were not living in the past were in the 21st century and not only black lives matter but All lives matter You just need to becareful of what you do in life Its your life that matters,Hope_speech
Bea MillanWindorski go by stats women are also very family oriented so women generally want jobs with easier hours so they can spend time with their families,Hope_speech
didnt know that there was stereotype that Lego toys were for boys thought everyone has them,Hope_speech
Madonna is such an amazing person She makes the world better place,Hope_speech
You need people who encourages you Keep working on it you never going to know how good you are until you try it,Hope_speech
So youre good with homosexuality,Hope_speech
Much love and best of wishes You have an inmence amount of potential,Hope_speech
Omg this inspired me so much Im applying for college this year and im planing on studying computer science,Hope_speech
Yep that was exactly what would do as teen When was around my parents was the most stereotypical straight person but around my friends was full on queer It makes sense if she is,Hope_speech
Noah as kid wasnt thinking like that was taught to respect everyone as long as theyre not hurting anyone,Hope_speech
Omg when he said God gave us choice,Hope_speech
Who else is freewheeling lesbian who wanted to hug this man,Hope_speech
She made me live my life and also embrace it,Hope_speech
Id even go as far as to say all people who wants to go into any kind of STEM should watch this While it is mainly about getting girls into engineering,Hope_speech
am girlwoman and an electrical engineer nWhen was little girl always wanted to have the lego stuff of my big brother and loved to fight with selfe made weapons but my mother always wanted cute little girl which will get an artist or sth like this,Hope_speech
My friend came out of the closet to me,Hope_speech
Nevermind they dont need to change they are born that way there is nothing wrong with it LGBT have been present for all time religion created by man is what unnecessarily criminalizes it would you advocate proselytization Converting gays never possible is just as despicable,Hope_speech
am mechanical engineering major and Im so happy to come across this video,Hope_speech
All lives matter John,Hope_speech
There is no need to shame this kid for how she believes as long as she isnt hurting anyone then no need to shame or make her feel as if she is in the wrong,Hope_speech
Black lives matter is the most racist statement Ive ever heard in my LIFE can you imagine if we said White lives matter,Hope_speech
This interview was so so deep and emotionalnI loved it ReallynMadonna is the greatest artist of all timenShes fighternI love her so much,Hope_speech
Love this so motivating,Hope_speech
All lives matter Cops are abusive to all of us and there is problem Focusing on only black lives and shutting down the white persons voice is the Social Justice warrior way It is totally destructive The poor are being kept poor black or white It is the poor that has more interaction with the police and are more susceptible abuse by the police The minimum wage needs to be high enough so that anyone with full time job should be able to buy home,Hope_speech
Over the years have found the only thing as good as female engineer is another female engineer wish would have had more of pool to hire from have never regretted hiring them You go Debbie Send the world more,Hope_speech
wont support any kind of brutality both sides show at this time The american police is known to be hard and brutal and when look at the laws of this country Im not suprprised by the crime rate the people trying to stop racism by hurting people are questionable too People who werent even involved got hurt by both sides mostly from the police,Hope_speech
Dragons Find me one comment where said it was wrong to love someone have love for everyone in this world and have made that very clear throughout this thread All you see is hate and its because you have hate in you You love some and hate others love ALL people,Hope_speech
You cannot agree or disagree with someones sexuality Whoever truly believes you can is an idiot and thats on period,Hope_speech
think that was gonna cry some point that was so emotional to me as teen girl who wants to be an engineer in Turkey and you cant know how hard it can be after this video my self confidence get stronger then before now feel better thank you for trying this hard rather than being one of the womens working as an invisible women employee they have to get,Hope_speech
This just endears me more to MadonnaWhat beautiful inspirational woman she is,Hope_speech
Kyougo never said or implied that was better than anyone My commment was just to show that women can be anything they want to be Dont assume things,Hope_speech
Ada Lovelace Grace Hopper Nuf said,Hope_speech
Rose Homosexuality cant be changed nor is it choice,Hope_speech
The most important thing in the bible is to love,Hope_speech
Female engineer in the making and Im loving every step of the journey,Hope_speech
am abhorred by what happened to George Floyd am white and am not racist But it is clear that racists have usurped this movement They are racists against freedom and against our constitutional liberties These racists want to destroy everything that has been gained for blacks and for whites in this country They want to bring tyranny and oppression giving control to the Democratic Left who have oppressed so many for so long Stand up America And stop them now,Hope_speech
There are lot of adults that could learn from these kids Great job parents,Hope_speech
Beautiful interview She has done so much for the LGBTQ community over her 35year music career This was such genuine and heartfelt interview What beautiful person she is,Hope_speech
Why cant you say all lives matter but you can say black lives matter thats bit selfish,Hope_speech
Emilia girls being engineers are common in my country,Hope_speech
think it took her while to realize that she can approach things in different way not the way that she went about it,Hope_speech
This comment is amasing Wishing you more happiness sir and to continue to inspire dreams and aspirations in the minds of these young children,Hope_speech
Exactly absolute bell ends the lot of them Disgraceful behaviour and it only goes against them and there cause Most of these probates have been on ten week holiday and getting 80 of there wages while doing nothing This how they repay the kindness mindless anarchy People laughing and cheering its pathelic This is massive two fingers up the nurses and doctors Pandemic is the priority everything is secondary at the minute,Hope_speech
Beautiful and honest interview She has taught me so much She continues to fight the haters Inspiring me always,Hope_speech
Im Biesexual and didnt even have to come out my mom just figured it out lolnnnnnI feel bad for him thoughsad,Hope_speech
she saved my life too and am not exaggerating,Hope_speech
If you dont want kids to understand what other people have gone through then dont watch and its not brainwashing its telling kids whats wrong with religious people who take it to seriously,Hope_speech
Tian Im with you sis Im half Asian and latinos is time to stand up for our other minorities ouse they matter as well ALL LIVES MATTERS,Hope_speech
My AP Computer science class in high school has pretty balanced maletofemale ratio,Hope_speech
All lives matter we are all gods children,Hope_speech
could care lessmy kids lives matterand hardly anyone elses,Hope_speech
We are all Childs of God STOP politics divide us,Hope_speech
God gave us choice My choice is to love Im not crying Youre crying What lovely young person,Hope_speech
just wanted to send you ie Debbie word of encouragement,Hope_speech
Im 29yearold trans man and guarantee that wouldve said the things Annie said when was about 13 years old,Hope_speech
Every Life Matters,Hope_speech
dont agree with homosexuality but have friends who are homosexualnnThats like white person saying theyre racist but they have black,Hope_speech
Im computer science major and feel the same way Im often visibly one of only two or three assume women in the lectures of 100 Computing related students,Hope_speech
Crystal needs to rule THE WHOLE WORLD she is so so mature wanna conatulate her parents,Hope_speech
Im black american and agree with you All lives matter cause God would want us to say and stand by that,Hope_speech
want to add that this is highly inspiring to that choice,Hope_speech
Never was great fan but this does change my opinion of her,Hope_speech
IT IS NOT BOYS CLUBSOME ENGINEERS ARE FEMALE,Hope_speech
Beautiful interview She has done so much for the LGBTQ community over her 35year music career This was such genuine and heartfelt interview What beautiful person she is,Hope_speech
This video really inspired me Im computer science major and Ive been in the same boat my whole life loved Legos as kid but people around me really pushed gender roles,Hope_speech
My husband is male nurse,Hope_speech
Im Christian but agree and support homosexuality and the LGBTQ community understand that everyone is different and is free to believe in what they want but if you are against homosexuality because of the bible then simply think of how God would much prefer you to spread kindness than hate At the end of the day if you dont agree with it then simply keep it to yourself and think before you spread hate,Hope_speech
All Lives Matter,Hope_speech
ALL lives matterincluding the unborn,Hope_speech
All Lives Matter The color does not determine persons worth,Hope_speech
When my mom suggested to me to become civil engineer pictured myself this strong smart woman in suits designing beautiful constructions visiting the site and giving instructions to the workers It sounded pretty amazing as girl who will be doing such things And right now Im on the path to become an engineer but sometimes really do feel lonely and discouraged though These kind of talks really inspire and sharpen me lot Thank you so much And what you are doing right now is so great Debbie,Hope_speech
Shetty yes great one no what it takes to be an engineerI am also female mechanical engineering,Hope_speech
Im doing STEM and we have 19 students in our class,Hope_speech
out of 10 She uses her platform And were better off because of it,Hope_speech
Wafae Stop blaming men for womens choices of not getting into engineering and computer science,Hope_speech
Only one race the Human Race,Hope_speech
These protesters have completely disregarded the feelings of the majority of the people who dont want the statue to be removed And when these people actually did take it down they end up throwing it in the river Like that is the example modern society is supposed to be taking when we are all meant to be more environmentally conscious about dumping hope they are able to fish it out of the river,Hope_speech
Hes so brave and think hes great for always being honest about who he is to himself and everyone around him,Hope_speech
nobody said you can only be those two things Of course trans people can be gay,Hope_speech
How easy is it to amend the constitution to remove term limits Im not American so wouldnt know feel as long as the president is democratically elected,Hope_speech
Conversion therapy is torture The government should close all of those centers,Hope_speech
am pursuing electrical engineering and donno why this brought me in tears,Hope_speech
People should never have to be ashamed of their race or anything else None of us are responsible for what people in the past did We are responsible for what we do in our present ALL LIVES MATTER Thanks for your post Zackary,Hope_speech
How about Black lives are equal Because they are still the center of the topic and they just seek equality which this country has proven not to have given them in the past,Hope_speech
Apparently yeeting out of the closet means that you arent catholicChristian anymore Im Pansexual and still Catholic and am in relationship with another boy Love ya Flamingo,Hope_speech
Its amazing felt compelled to comment after being truly inspired by this woman,Hope_speech
My choice is to love nnHi Im Mike Pence,Hope_speech
Also in my country female students are better than male students in every lesson Its not because they are less than girls,Hope_speech
Its Maya did say BL dont am an immigrant in this country and know more than someone else what it is like to be different But will keep saying that ALL LIVES MATTER ASIAN who was discriminated because of covid BTW,Hope_speech
loved every word she said,Hope_speech
They should say Black lives matter toonI agree with you that all lives matter but it fails to point out that black lives were not equal in value to whitesnbased on history Sadly,Hope_speech
The child who said choose to love is so precious and enlightened hope more people are like them,Hope_speech
Im 14 and in my school Im in special class for STEM students We have 22 students in the class and of us are girls And yes the boys do think that they are so much better than us,Hope_speech
Only black life is matter WHEN it should be EVERY LIFE IS MATTER nPlease dont start riot and looting destroy in name of others like its happen in UK and America Its discussing Protest peacefully No one should be above the law no police officers and no protester,Hope_speech
Women today so physical labour lot more od they can do it today they couldve done it back then as wellTHERES NO excuse for not allowing women to vote or get education and sell them like property you fucking moron,Hope_speech
Very well said Gentlemen All lives matter Bernie wanted to vote for you but not no more because ALSO MATTER am Hispanic,Hope_speech
live in indian am 17 electronics commuation enggi have choosen am very proud hope its intresting feild,Hope_speech
Is this more of problem in the west Because if you visit other countries there are many female engineers and science majors,Hope_speech
Cobb Your statement is only partially correct Whilst it is illegal to hold an adult against their will with the intent to convert them,Hope_speech
Stone Agreed She really should have gotten it first Bill Clinton certainly did advocate for LGBTQ rights but not until much later Madonna was doing it long before it was fashionable,Hope_speech
Slavery the most heinous and disgusting crimes ever We cant honour slave traders as heroes,Hope_speech
Oh for the love of God ALL LIVES MATTER will not apologize for saying this Im an RN for 30 yrs treat ALL lives with empathy compassion,Hope_speech
This video is so inspiring cant wait to start engineering in university in September,Hope_speech
God Bless all the Police risking their lives everyday protecting our communities and restoring order,Hope_speech
know You should treat people as people and not colors,Hope_speech
Spot on bro People divide instead of unite And that is what the elite wants This war agaist races is total bs All lives should matter There are bad and good people of all ethinicity,Hope_speech
But you can be girly and know lot of technical stuff,Hope_speech
BLACK LIVES MATTER IS Racist statement which pushes narrative of hate and violence IDENTIFYING HUMAN BEINGS BY THEIR SKIN COLOR IS RACIST Besides dont think that ever met BLACK person Your skin Color is not black if you really want to go there,Hope_speech
Maybe lets stop assuming wether Annie will come out or not Kinda unfair to assume wether someone is LGBT based on the way someone looks,Hope_speech
think this is amazing Inspiring young girls What the heck is everyone complaining about This woman is my role model,Hope_speech
Everyones life SHOULD matter Clearly black people in usa overall do not share this EXP Maybe ask them why they say BLM Maybe to them they see place that does not value their lives,Hope_speech
starrynight0621 Ive never faced any kind of sexism at my school but because Im the best at maths and science in my class the boys cant exactly say its boy thing,Hope_speech
This woman changed the world and keeps changing it Including my life Thank you,Hope_speech
When was young was given dolls and kitchencooking toys but was more interested in creating my own miniature houses out of cardboard boxes With it had the option to put what want in my housesstructures It was much more fun to be able to create somethingnnI also loved drawing and started it young but then thought my drawings were different than my classmates and was too shy for anything so had to match my drawings to the theirs because was too scared to be bullied again was bullied sometimes was scared to be good at what do because would grab attention if didnIt just made me put away my interests as if these were not big deal and grew up thinking do not deserve to shine and beyter just be in the shadows and live passive lifenI regret it,Hope_speech
All lives matter includes black lives,Hope_speech
Every being is essentially justified by the mere fact it exists That is universal truth Then beings come to relative arrangements among themselves,Hope_speech
Ive always wanted to become an engineer,Hope_speech
Im studying Mechanical Engineering and this has boosted up my mood years later,Hope_speech
All life is from God not just black,Hope_speech
Diana finally an opened minded Christian thank god for you We need more people like you in this world,Hope_speech
Im bissexual conversion therapy surviver,Hope_speech
And we are happy you are not giving up on us,Hope_speech
All lives matter white black all human life is precious,Hope_speech
Jonathan Mason could also agree on one thing agree to disagree because no matter how many ways someone says something Im always going to think all lives matter because were all lives matter means is you matter other personal matters the world matters nobody should be treated like they dont matter when it comes down to it its all about ethics In fairness at the end of the day isnt that racisms weakness let me tell you this its not just about me its about everyone including yourself you should have right be treated fairly and dont have anything against you just saying believe the answer to getting rid of racism fairness caring about everyone no matter what their color is everybodys life matters including you care about even whats fair your side my side their side because dont like racism rather be solution to the problem then sit there and tell people but only my life matters when in reality thats bunch of baloney it doesnt matter what color you are your life matters and youre important as anybody else how could that be bad thing,Hope_speech
That is absolutely contradiction though Apples are real But you cant disagree with apples Homosexuality is real And you cant disagree with it,Hope_speech
took up an Industrial Engineering course long time ago didnt finish my course 1st year to 3rd year was doubting myself that cannot make it to the final year and when reached the 4th year that was the moment that was so eager to finish the course but unfortunately wasnt able to enrol for 2nd semester due to financial challenges When the speaker said that they were on female students in the classI remembered those days when we were also girls and no excuses on all of our classes and demos am now 36 years old dont see myself going back to study and continue the same course but really wish did,Hope_speech
god gave us choice,Hope_speech
This video was so inspiring But now Im in rough patch Im teenager going into my first year of High School signed up for Shop class but now am highly regretting it due to the amount of guys there will be and the lack of knowledge have guess was lucky according to this video,Hope_speech
this made me cry very inspiring,Hope_speech
Hates not going to get you anywhere in the world,Hope_speech
Im lesbian and Im so glad that didnt have to go through this Im sorry you had to go through this mean technically Im only out to my friends and my Mam and brother Im kinda scared to come out to the rest of my family,Hope_speech
Madonna has been an advocate from day dot She fought so hard for and with LGBT people She is an icon and legend in every sense of the word Her heart is so pure,Hope_speech
The Democratic Party is more dangerous to America than ISIS,Hope_speech
ETERNAL INSPIRATION nSHE SAVE MY LIFE,Hope_speech
saw it just now Like where have been This is amazing,Hope_speech
pats you on the back its okay,Hope_speech
Lives Matter If you have to have color before those two words youre racist,Hope_speech
God bless So happy that got out of all that stronger person God is love And love is love,Hope_speech
love this video lot So inspiring wanna be computer engineer someday but dont like math and science but Im not bad at it In fact my grade ranges from 91 and up in both areas They say just need practice to be really good in it,Hope_speech
Black lives matter Im white person but are you know that black people are still good just because we have different skin color doesnt mean people everybodys people on this planet,Hope_speech
like her creation Keep dreaming girl,Hope_speech
really dont agree on the process he went to am Christian but dont think the Bible teaches such procedure My job is to love on people,Hope_speech
All lives matter have all race in my family So sad Jesus loves us all the same and so should you,Hope_speech
was lucky to have parents that let me play with construction toys,Hope_speech
All lives matter no just black see if black cop did this to white man nobody would care of course he didnt deserve to die like this nobody should but still if this was vice versa people wouldnt care and know because this has happened in the past and nobody protested for him,Hope_speech
All LIVES MATTERnI believe this is true,Hope_speech
We are all equal in the eyes of our Lord God and Lord Jesus ALL LIVES MATTER,Hope_speech
it doesnt matter what your family does when you want to make career for yourself what matters is what you can or will do youre in no better position then the one who comes from poor family and also wanting to be video game developer,Hope_speech
Thank God he say that all lives matter,Hope_speech
Im really tired of these gender stuff,Hope_speech
If GOD VALUES ALL LIVES THE SAME AND THEN YES BLACK LIVES MATTER,Hope_speech
Heres our demands Stop killing us for no good reason We dont want to die,Hope_speech
remember when was 13 years old is when express your self started to come out in the 1990s and that song from Madonna made me who am to day It was song of strength,Hope_speech
of course you reached your goal,Hope_speech
Im senior high school girl want to become successful civil engineer This talk gives me courage Thanks debbie you inspire me more,Hope_speech
do really hope that the citizens of America Would not judge the color of their skin but the content of their character no matter what race you are or where you from do really hope that in the near or Far future that they would adopt the quote,Hope_speech
God Gave us choice my choice is to love nnnnYo watch out he gonna be king,Hope_speech
No one like her Thank you MADONNA You inspire me in world that is becoming so crazy Never give up hope NEVER,Hope_speech
God gave us all the gift of life,Hope_speech
Same Im Roman Catholic and Im bisexual too,Hope_speech
All lives matter if theyre good person,Hope_speech
Every life is equal,Hope_speech
All of US matters,Hope_speech
Im so proud of you keep your head high and keep fighting for your dreamswe need women in science we,Hope_speech
All Lives Matter,Hope_speech
Same here never saw it as something wouldnt be able to do if wanted to And never thought being female should play part in that Who cares if there are fewer women in the engineering fields than men Im here because wanted to work on engineering projects,Hope_speech
Madonna born man no wonder,Hope_speech
even if shes talkin for women as male was really motivated by her always wanted to be an engineer but lack of confidence that maybe im not smart enoughor not born smart enough but its more like how bad you want it,Hope_speech
think this is so biased hiho Honestly way too biased to be represented in this way to kids Not fair nWhat he said religious people dont like gays is so wrong The people who believe in the God of the Bible love Gods creation We love gays just as much as any sinner We believe it is one of the many sins that seperate us from God,Hope_speech
started crying without even noticing watching this ted talk One day will be an engineer too,Hope_speech
Wow This is amazing You are changing the world for better,Hope_speech
Omg luv Madonna She is my hero and will always defend her against all the haters Lets appreciate this living legend,Hope_speech
everyone talking about the girlnshe was clearly protecting herself she came out bi recently,Hope_speech
Yes Black lives matter but anti American socialism should have no part or say in the future of true Bible believing black Americans or their children and thei families Take care,Hope_speech
Madonna speaks the truth no superficial how wonderful,Hope_speech
WE WILL NEVER GIVE UP LGBTQI RISE,Hope_speech
Before that he also said hate isnt going to get you anywhere which is something people in general not just homophobic people need to learn,Hope_speech
The problems that they bring up are real and are faced by women in the tech industry It may not seem like,Hope_speech
This speech was really inspiringit has given great solution to my confusionlm clear now,Hope_speech
Its not All lives do matter End of argument,Hope_speech
love all people regardless of race,Hope_speech
Thats itnnAll lives matter no doubt,Hope_speech
When you cant say All lives matter your racist All Lives matter,Hope_speech
Im so inspired am 14 years old want to be civil engineer but people around me,Hope_speech
This video is awesome Im 15 year old girl who will probably go into engineering at uni and cant wait,Hope_speech
Great Message Madge Where theres life theres hope,Hope_speech
God gave us choice My choice is to love That is the sweetest thing Ive ever heard,Hope_speech
Randomgirlwhosings0804 Why does she feel the need to have to agree or not agree with someones sexuality Why does any Christian its really weird there is nothing for you to agree with,Hope_speech
Im STEM student and really wanted to be civil engineer,Hope_speech
girl Also my other issue is as the LGBTQ community is fighting for freedom equality they are treating anyone with different opinion as if theyve done something wrong,Hope_speech
littlemermaid GO for it Show us how it is done Your way,Hope_speech
Thats really greatYeahThats itOne person can make all the difference,Hope_speech
The gays are so wonderful,Hope_speech
This inspired me so much As CS major,Hope_speech
bakkoush she was obviously raised differently than the other kids was raised extremely conservative and considered myself hardcore conservative too and stayed that way until met people that had different beliefs than my own That wasnt until was about 15 For all we know shes only just now really being exposed to these things She may change her mind on homosexuality,Hope_speech
Im girl who grew up with Legos,Hope_speech
Everyone is equal,Hope_speech
came out and started dating my best friend,Hope_speech
dont really understand the idea of people assuming peoples sexuality based on their appearance Like we are fighting against stereotypes but still are using stereotypes,Hope_speech
She was being respectful though dont see how someone cant agree with something youre born with but if theyre being nice thats all that matters,Hope_speech
conversion therapy subjects people to abuse and many people who survive it end up with some sort of trauma disorder,Hope_speech
Haskins Every life matter Every life is special,Hope_speech
Ah Glad this video popped out in my suggestion just in time am freshman in agriculture engineering And female At first,Hope_speech
will always be thankful for Madonna Shes reason Im not afraid to be me even have portrait of her,Hope_speech
This truly hurts my heart God does not want anyone to hate anyone God is LOVE and FORGIVENESS All sin is equal,Hope_speech
Thank you so much for what you are doing and for being brave and determinednnIm female engineer and an artist and Ive experienced everything that youve described One of the hardest things for me is struggling with being real girly girl and really good engineer The line dont fit in really resonates,Hope_speech
After watching this im convinced have potential loved playing with my dads construction tools and building games lol bit too simple Im watching this in 2019 because Im studying IT in class full of men dont want IT to be my end goal though but do want the motivation to get through my first step have no idea where Im gonna land lol,Hope_speech
My inspiration,Hope_speech
queen to the LGBTQ Community,Hope_speech
What matter Every lives is matter,Hope_speech
That kid that asked for tips on how to be good friend is an incredible person Wonderful Take that and go far kid You have beautiful life ahead of you Youll always be loved :orange heart:,Hope_speech
Sandberg if you are saying that in response to BLM then let me give you lesson The reason black lives matter started was because we want all lives to matter Saying all lives matter is just being selfish and wanting to not feel like the bad guy Because whites arent bad,Hope_speech
Im helluva engineer and the fact that am an attractive female means nothing You cheapen the degree by isolating women from men graduated from GT in 1988 It was,Hope_speech
this is what call an inspiring video good for you girl im ordering one of your toys,Hope_speech
Whatever happened to Coronavirus Remember how governments and the elites told us to stay at home and not gather in large groups because of this Deadly Virus Now the same Elites are supporting this large groups of people gathering and some dont even speak out against This nHypocrisy,Hope_speech
Boa In US women are given preference over men by,Hope_speech
And might not be in position to come out safely,Hope_speech
My mom teaches high school physics,Hope_speech
Almost everything in kids education is NOT gender neutral Thats the point,Hope_speech
she is great engineer also want to become professor of civil engineering and teach uni students was really inspired by her great work,Hope_speech
am female and will be starting mechanical engineering in the fall this is so inspiring wow,Hope_speech
Complains about stereotypes of women in STEM but then admits what the real issue is,Hope_speech
mean you cant really choose who you fall in love with maybe she was just bi all along,Hope_speech
Annie is honestly brave for being truthful,Hope_speech
Whoever tries to change people is messed up nWe should learn to accept people for who they are nIf you dont agree with who someone is do not change them,Hope_speech
Equality is where all lives are equal,Hope_speech
Yeah all lives matter dude that includes black lives ALL means every what is it just like ofcourse every life matters besides black lives so we absolutely need to call it black lives matter to make people realize that or am right and black lives matter is racist,Hope_speech
Inspiring the next generation of Femgineers,Hope_speech
pray to get the chance to thank her for keeping me alive during very bad time in my life as young teen She is legend beyond legends Thank you Madonna,Hope_speech
Its cultural because girls in 3rd world societies go for jobs they dont enjoy but that pay well,Hope_speech
Yall really need to let go Yes we know all lives matter Thats given But the reason why people have to say black lives matter too is because black lives have it mattered since the 1800s We know like white lives matter that has been proven that white lives matter over all of her lives in America time and time and time and time and time and time and time and time and time and time again Nobody has ever questioned if all lives matter So that part of the conversation is over with and irrelevant Now lets concentrate on the lives that have not mattered in America Please concentrate and focus on what needs to be done to help Dont concentrate on what needs to be done to perpetuate the current paradigm It is time for change All lies has always mattered and white lives has mattered above all in black lives has mattered the least in America Stay focused people,Hope_speech
Im also studying chemical engineering also cried when watched this video:sneezing face: and totally understand how you felt,Hope_speech
She is sooo nice God bless her Love from Colombia,Hope_speech
am man and support this,Hope_speech
james bolem look up the actual meaning of BLM 2020 We want equality for all races We want to end oppression We want to end killing of innocent ppl We want to end brutality We want to end stereotypes If you cant see that,Hope_speech
Randomgirlwhosings0804 what is there for you to agree on when it comes to sexuality Its their sexuality You cant change it lol,Hope_speech
All lifes matter anyone who says other wise is rasist,Hope_speech
Every life matters Im rich and white and Ive never been taught to hate have friend of all color cause Im purple Get it together people,Hope_speech
God bless that sheriff All Lives Matter,Hope_speech
The world is telling men to dieThe Democrat party is telling men to dieFeminists are telling men to dieHillary Clinton said WOMEN ARE THE FUTURE,Hope_speech
All lives matterwell,Hope_speech
Im lesbian and Christian and think thats completely okayGod doesnt hate anybody,Hope_speech
BLM sounds racist to me it should be human lives matter,Hope_speech
All Lives Matter AlwaysnIf you dont like it,Hope_speech
pray to get the chance to thank her for keeping me alive during very bad time in my life as young teen She is legend beyond legends Thank you Madonna,Hope_speech
PEOPLE matter We need to not care about skin color As MLK said,Hope_speech
His voice makes my throat hurt,Hope_speech
God wants understanding and acceptance of others Thats it Literally the number one rule is love thy neighbor nThese people Smh,Hope_speech
Xx You know what This response is kinda cool am not going to shame you for what for you believe because you have your own history and experience People are trying to engage and we can respectfully disagree Having respectful discussions is the point think people want to talk rather than argue to prove they are right at this point The slogan is supposed to be divisive to get people to talk,Hope_speech
god gave us choice and my choice is to lovennnThat kid is so sweet,Hope_speech
We are so lucky and fortunate to have someone so smart and so dedicated to us and the cause,Hope_speech
why is black lives matter even thing,Hope_speech
KEEP PEACE AND LOVE YOUR HEARTS,Hope_speech
This video isnt about rights Its about stopping the cultural idea that women cannot go into STEM because its perceived as masculine profession lot of female classmates grew up with wer told constantly that girls cant do math Its cultural issue,Hope_speech
as much as dont really agree with annie she was really polite about it and respectful,Hope_speech
My choice is to love my heart love him bro,Hope_speech
This was so powerful and appreciate conversations with kids This is beautiful thing that you are doing and one of the greatest conversations Ive ever watched Shoutout to some of the parents because the kids were pretty mature,Hope_speech
OMG wish could be one of the kids would love to talk about this LGBTQS we are together Always fighting for our rights are not alone,Hope_speech
Where is the law here Anyone can do anything Where is democracy BTW dont like the statue and think it was bad to have it in the first place But my question is still valid This is not the way This is anarchy,Hope_speech
There is only ONE race The HUMAN race,Hope_speech
Im sorry but cant fight racism with racism blacks can be as racist as whites all racism is wrong doesnt matter who the race is,Hope_speech
Every life does matter Example,Hope_speech
dont think testing school kids on science is really indicative of STEM aptitude Girls brains develop faster and they are typically better students early on Also,Hope_speech
all lives matter isnt discriminating along racial lines,Hope_speech
Actually it depends on Great many things All lives matter,Hope_speech
You can believe in that it is not easy but its posible xoxo,Hope_speech
god gave us choice my choice is to love,Hope_speech
Inclusion will only work when people show up ready to include themselves instead of sitting around,Hope_speech
Omggg these kids give me hope for humanity,Hope_speech
rou Im chemical engineer from South America What Ive learned in my college years is that to earn your degree you dont need to be that smart though it certainly helps,Hope_speech
Is Alive you can be lesbian and Christian,Hope_speech
am an 8th grade girl and want to be Biomedic engineer,Hope_speech
mdnayoure beacon of hope in dark unpredictable worldthank you for standing up and continuing the fight for changei love you,Hope_speech
Its so nice seeing the these comments Im pan myself and it always makes me so happy seeing others like me,Hope_speech
Conversation therapy is so disturbing to me and should be illegal,Hope_speech
She saved mine as well Thank you with all my heart,Hope_speech
Im in my fourth year studying civil engineering and have had very similar thing happen to me in class where was the only girl out of 40 studentsnIts lot more common then you think,Hope_speech
Thank you for sharing such an inspiring story of yours am Filipina,Hope_speech
You have to check out the trailer for imperium all the easily offended are coming out of their hidey holes Its sad Just scroll through the comments and you will find cancer its disgusting to see people find way to hate movie that is purposefully being as neutral as possible while also making statement on the worlds problems Please want to see your opinion,Hope_speech
Madonna educates people on many thingsShes there because shes destined for itShe does lot of good admirable things,Hope_speech
In my Engineering and Architecture Department around half the students are women It has really come long way as to decades ago where only handful of women are in class Our landscape architecture and chemical engineering graduates are all women Why have no idea to be honest,Hope_speech
The things that she has done are magnificentShe has personally flewn to Mexico to buy her friend some medicine for AIDSThis is not your everyday type of womanShes so intelligent tooI dont think shes appreciated enough,Hope_speech
Shes so about on the verge of tears This is PURE Shes an awesome human being love you MadonnanThanks for all youve done came out this year,Hope_speech
You cant change the world with hate you just make hate and you cant change people without showing changing in yourself if someone going stay corrupted the rest of the world aint going to change for you and some people and going to change you just got to be happy in your life amongst world full of haters,Hope_speech
Ashton Levry get what youre saying but at the same time why should they defend people that we say all lives matter if were all created equal shouldnt there be all right for us to say all lives matter because honestly think we do matter we all matter but even if youre what youre saying is true then it shouldnt hurt your feelings that we say all lives matter no offense,Hope_speech
She has never been afraid to say these are my friends and love themnThis was well before it was fashionable to embrace the gaysnShe and Elizabeth Taylor were throwing millions of dollars towards AIDS research in the beginning,Hope_speech
cant imagine family putting their child thru tortuous conversion program Embrace and love your kids for who they are,Hope_speech
You are AWESOME and so inspiring,Hope_speech
This made me tear up Hello from South Africa hope you didnt give up,Hope_speech
Lol was thinking sthg on similar lines based on the body language pose etc Its fine Love to that person Its hard to go through anything like that,Hope_speech
The lives of recidivists are not important And it doesnt matter about skin color,Hope_speech
It wasnt erected as symbol of slavery it wasnt symbol of racial profiling it was erected as historical significance for what he did to help build in the city on the basis of your argument youd have idiots destroying 90 of all historical buildings and monuments in the uk Protest peacefully not ok to go around defacing property as mass mob Abide by the law or face the consequencesstupid sheeple committing crimes an eye for an eye is not acceptable democracy and justice is,Hope_speech
This is so inspiring always watch this when feel discouraged,Hope_speech
Animal lives also falls into all lives matter,Hope_speech
She is now she came out few months back and Im there for it,Hope_speech
all lives matter without that we never have peace so to me forever all lives matter,Hope_speech
dude serious Theres people watching videos about innocent Muslims living their daily lives but yet there are those western comments hating on them and calling them terrorists somehow those people deserve more positive attention than LGBT since innocent muslims are getting killed nJust an example on how stupid your comment was,Hope_speech
So he saying white lives doesnt but Ill always say all lives matter,Hope_speech
Her eyes are so beautiful Very striking You can tell this is very heartfelt and emotional and genuine She has become very soft spoken here and it says much to the love she has in her heart for the underdog and those who suffer Wonderful Madonna,Hope_speech
Im pursuing civil engineering and most of my classmates are boys tho,Hope_speech
All lives matter implies that all lives matter It doesnt mean to say that certain group of peoples lives dont matter It may also include groups that dont face any oppression and groups that do It also implies that the oppressed groups should be equal to the nonoppressed group,Hope_speech
The things she says are truly inspiring It really feels like all of the engineering world has been constructed by old white men and is targeted towards old white men,Hope_speech
TheLegend27 Is Alive just because your Christian doesnt mean you cant be lesbian know someone who is Christian and lesbian,Hope_speech
She came out,Hope_speech
All humanity matters,Hope_speech
say it differently Human lives matter If only black lives matter then someone is racistnWhen pull man out of ditch hes not white or black or brown,Hope_speech
Im Christian and dont know how someone who can claim to love Jesus do these things to person This is unjust and cruel We are told to love everyone equally and cant stand for this Im so sorry people actually had to go through this Have wonderful day and stay strong you beautiful person Dont let anyone tell you who you can and cant be,Hope_speech
If have learned anything from this woman it is that corporations dictate way too much by deciding how girls and boys should live Dont let corporation dictate what your child should play with as these toys influence alot You as the consumer decide what the demand is and the supply will come Imma share this video to somebody,Hope_speech
Lets talk about the fact that we are in the middle of serious pandemic and people are dying left and right Thats where our focus should be right now Not about whos life matters and whose doesnt Stop the madness please,Hope_speech
Were all equal right,Hope_speech
The word survivor is kinda being over usedmiss used When think someone survived something assume they almost died know conversion therapy is terrible,Hope_speech
hope he helps her come out of the closet,Hope_speech
She saved my life and gave me new hope,Hope_speech
Im from the UAE and they respect everyone,Hope_speech
Can people please stop saying Annie should come out of the closet or she is in for rude awakening Like really guys Dont judge her off of her appearance You are going off of stereotypes,Hope_speech
Lexus Fox Women in western countries dont choose to go into those fields because of lack of interest and that is due to cultural reasonsIn third world countries live in one engineering is not predominantly male fieldIn fact didnt know it was in the western world until watched this video and read some stats on it,Hope_speech
want to be chemical engineer soon hope will become in the future,Hope_speech
Im so sorry for what has happened to you by so called Christians Im Christian and were here to love and meet others were they are not force our beliefs onto others and hurt people Thats never what Jesus intended and apologize for them,Hope_speech
am so so lucky to have Madonna in my life nAfter all these years of ups and downs,Hope_speech
Good on the women choosing these fields instead of the whiners that say more women should be in STEM but hold degree in social justice or similar pointless crap Be the change you want to see,Hope_speech
God gave us choice My choice is to love,Hope_speech
stands for Brave nL stands for LoyalnA stands for AwsomenC stands for Courageous nK stands for Kind nnDont hate on people for the colour of their skin,Hope_speech
Can we please stop stereotyping homosexual women looks Thank you,Hope_speech
We are one nation under god after allnAll men are created equal in the eyes of GOD nso people should start treating people the way they want to be treated,Hope_speech
cant believe that people like me are put through such abuse It breaks my spirit,Hope_speech
All lives matter Anything else is literally creating division,Hope_speech
All Lives Matter,Hope_speech
This is for everyone am an 11 year old female want to be mechanic or engineer since made helicopter in DT have always been bit of tomboy since was young had poweranger action figures and loved marvel and DC and loads of action films when was about seven bunch of girls pushed me in to ditch and hit me with sticks was to scared to fight back but to strong to cry just stood there let them hit me and call me transgender until finally plucked up the courage to fight back stood there then as they were coming towards me took risk and dived into the thorns they missed me by millimetres so took the opportunity to run home ran to my bedroom and cried and years later still have problems with it but just want to give my message that we are all equal no matter race,Hope_speech
of course all lives matter Including of course black lives,Hope_speech
Nobody ever said one life matters Its just bringing awareness that black lives matter Did they say ONLY black lives matter,Hope_speech
am bisexual and am scared to tell my parents because am only ten years old so they wouldnt understand me the only one who knows this secret is KantaDiya she is also bisexual she is my dads another wife that no one knows about except me,Hope_speech
If women can go into engineering without being judged,Hope_speech
find it difficult to say that hate Islamic culture but not the individual people,Hope_speech
am Roman Catholic believe that we should not mistreat members of the LGBT community We should always treat them with respect and to love them with Gods grace and power,Hope_speech
All Lives Matter,Hope_speech
dont agree with conversion therapy,Hope_speech
This is so good As woman who loved math but never had anyone suggest engineering thank you have two girls and dream of all opportunities for them Thank you,Hope_speech
ALL LIVES MATTERS we should be in this movement not there were only there kind matters,Hope_speech
havent come out to my family yet They arent religious they think that it doesnt matter who you like You just have to be good person but Im still so scared to tell them Ive told my friends My best friends were fine with it,Hope_speech
am kid who dreams of being an aerospace engineer at nasa,Hope_speech
This is great video As female engineer run into all of these struggles on daily basis also had hard time learning spatial skills and struggled in drawingCAD class GoldieBlox is great first step to helping get more girls interested in engineering and build their confidence in STEM,Hope_speech
All lives matter end of story,Hope_speech
JESUS CHRIST died for all lives from Adam to the last person born on earth ALL LIVES MATTER,Hope_speech
Rizki religion is choice whereas homosexuality is something youre born with,Hope_speech
Women should have the oportunity to follow their dreams despite anyone telling them NO you cant,Hope_speech
BLM winning hearts and minds wherever they go,Hope_speech
Racism is part of Capitalism,Hope_speech
Conversion Therapy aka Abuse Segregation isnt thing in America anymore We have already accepted that were all equal and that we dont have to be segregated,Hope_speech
remember watching this when was fifth or sixth grader when didnt really have clue about what was interested After four years,Hope_speech
Because being straight is the norm and people assume that everybody is straight Because lot of people are homophobic you grow up hating yourself and being fearful to say who you truly are,Hope_speech
There is only ONE racethe human race,Hope_speech
saw people saying that engineering is not thing capable for girls From that day decided to be an engineer and shut those peoples mouths,Hope_speech
So surviving from mental abuse isnt considered survivor They wanted to strip his identity from him Maybe think before you leave comment,Hope_speech
gx np We are all human,Hope_speech
agree racism is aids But tearing down the statue is utter bullshit Its not like people go there to admire him,Hope_speech
This video is so inspiring because im goin to study to becomr an enginner,Hope_speech
are such an inspiration,Hope_speech
Madonna if only you realised how much you affected my life through your music and passion you have brought me so many happy moments and for countless others,Hope_speech
dont understand how people can just not agree with homosexuality like its not something you agree with you just have to accept it because thats just how some people are,Hope_speech
grew up being supported by my chemical engineer father that taught me math with so much joy and love,Hope_speech
Now for premise am not American and dont get the whole context and details of this issue but according to my research meaning stats some from the FBI black lives are disproportionately hurt by police brutality compared to other races,Hope_speech
Beating someone with Bible Have they ever actually read the book To say nothing of the fact that beating someone to get them to do something is liable to make them more determined not to Of course it doesnt work anyone who expects otherwise is kidding himself,Hope_speech
Id hug this guy And if were at the conversion therapy Id act like Ian from Shameless and free everyone,Hope_speech
ALL LIVES MATTER The current discussions are racist and those who call out others being racist,Hope_speech
am so grateful to live in an environment where rarely get to hear things like engineering is not for women When was little,Hope_speech
Every lives matter all lives matter God bless Us all God said love one another,Hope_speech
Madonna has always been philanthropist for the LGBT community,Hope_speech
Skrezo Loving the same gender is sin Then good chunk of the population is sinner There is nothing wrong with being LGBTQ,Hope_speech
So like boys like sexually Like would marry boy But kinda like girls romantically And Im not against romantic feelings towards the same gender Now sexually dont support it but will be there for anyone who is support people not for what they do but for their spirit and compassion towards everyone Pls dont come at me,Hope_speech
Anderson would say the reason why so many people are on welfare is for historic reasons lot of black families got economically screwed over from the time when they were enslaved to the 20s and even today know it sounds hypocritical for me to say this after my previous comment was about white guilt,Hope_speech
Tran Thank you so much for your support,Hope_speech
All lives matter says God,Hope_speech
All Lives Matter Follow the laws and be productive citizens in society then your life will matter otherwise you put your life in danger and it will not matter,Hope_speech
some comments under this video honestly make me want to throw up why are so many of you assuming that religious girls gender and sexuality thought this community were way smarter than this,Hope_speech
God created all humans,Hope_speech
all lives matter but black lives are not currently being treated equally the goal of the BLM movement is to create equality not supremacy,Hope_speech
You can do it Believe in yourself,Hope_speech
smh atleast you got the choice said am doing software engineering and the response got made me lose hope before even started anyway rebuilt my hope and am doing it it dont matter,Hope_speech
Thats horrible and inexcusable to do to another human being even more so child Whether person agrees with homosexuality or not DOES NOT give them the right to play God and judge another on their sexual preferences believe in reading the Bible and showing love and acceptance in one another and focus on verses such as John,Hope_speech
God gave us choice and choose to love so powerful Sadly not all Christians think like this,Hope_speech
guess this is better start to getting us back to where we were before with childrens toys just dont see the reason for toy companys to have gone that route in the first place Or maybe our culture should stop genderizing professions Though,Hope_speech
im sitting here watching this and when he says god gave us choice my choice is to love im trying not to cry bc my family doesn know yet told my mom but not really anybody else in my family,Hope_speech
Im and by watching this video want to be gaming scientist,Hope_speech
Barth am all for people being happy,Hope_speech
All lives matter even little EVEN LITTLE ABORTED BABIES THAT HAVE BEEN KIILLED ALL LIVES MATTER EVEN THE BABIES AN CHILDERN WHO HAVE BEEN KILLED BY THEIR PARTENTS AN CHILD MOSLESTERS AN SO ON ALL LIVES MATTER TO GOD TOO AN THAT MEANS ALL LIVES,Hope_speech
All lives Matter god created all people equal,Hope_speech
All lives matter to God including the unborn Its time to stop calling this country racist Do you remember what color our last president was And remember there was only one Martin Luther King Jr Dont try to reincarnate him God rest his soul,Hope_speech
All lives matter includes every life,Hope_speech
Id agree if she didnt say that homosexuality was sin But she did,Hope_speech
If someone says to you black lives matter then you reply all lives matter that really says lot about who you are,Hope_speech
Every life matters dont understand why these people would boo that,Hope_speech
am woman and an Engineer and feel like fit in just fine,Hope_speech
All lives are sacred all lives matter,Hope_speech
cant believe live In world where saying all lives are important is condemnable :person facepalming:,Hope_speech
If person goes to war it is all lives matter You rely on the person next to you as much as heshe is relying on you,Hope_speech
Exactly guess thats not what theyre fighting for Obviously So many innocent people have died Business is ruined people hurt and injuredfor what For whos behalf How can one justify this thought the whole point was for the country to come together for the good of the country and for everyone,Hope_speech
was just accepted into Purdue Universitys engineering school and Im so excited never had any interest in engineering until took physics class and fell in love Being massive creative person this is such relief Knowing dont have to give that up to be an engineer You are such massive inspiration Thank you so much,Hope_speech
Through all the years her music got me through some tough sht will always be grateful :orange heart:,Hope_speech
jzizzles Im Christian and my family loves all people,Hope_speech
Yesterday was the day just received my results and were accepted to the bigger institute of engineering of my country nThan here started the critics of my family and teachers what Youre girl Go and study medical science and leave engineering for boys Youre crazy You just lost your good grades for engineering while you could study biology of become doctor Why this speech helped me so much to realize that yes its possible to succed in engineering EVEN IF Im girl,Hope_speech
YouTube Account it is her right to think that though She isnt stopping anyone from using their rights,Hope_speech
Being girl is not just about pink color and dolls and homie stuffs It is more than that We all are equal Thanks for giving this wonderful speech and sharing ur thoughts with this world am really glad,Hope_speech
The founder of the Toronto Pride event made statement after pride day was over basically saying that BLM will not dictate to pride what they can or cant do He only signed their demands to move them along,Hope_speech
She is cool and inspiring too,Hope_speech
Theres good chance the religious girl just said what she knew she had to say because she knows her community will probably watch the video,Hope_speech
Jenny Yao am asking for 5050 with strong protections against misandric discrimination Males in those professions are double victims of capitalisms wage scale inequalities and also sexism against men in those professions,Hope_speech
Im so glad my parents always gave me puzzles and remote controlled cars and let me tinker on small appliances as kid was never drawn to baby dolls and Princess shit,Hope_speech
Rojas Just because she looks certain way doesnt mean shes in denial or anything,Hope_speech
dont agree with heterosexuality Does that make any fucking sense How can you agreedisagree over what someone IS If you say youre straight,Hope_speech
am rooting for you Dont listen to naysayers If you want to be gaming scientist,Hope_speech
cried That was extremely touching Thank you,Hope_speech
Beatiful It was inspiring for me,Hope_speech
they mean that the fact that girls dont normally choose STEM fields is because we are socialized to be interested in other stuff Which is bad thing because when someone does break the norm,Hope_speech
was an engineer and starting to be an 8th grade math teacher just this year at 53,Hope_speech
All are like unto GodnAnd we should be ashamed to thing we are above someone nJesus Christ said no better love then this but he who lays down his lift for his friendsnAnd that is just what Jesus Christ did for all who ever lived nTo him each of us mattersnWho are we to say one color is above anothernWhite people died to free slaves And Black people died to keep our country free We owe lot to bothnAll lives matter,Hope_speech
All you need to do is let girls choose their own subjects Dont make other girls have to choose what you want them too Give them their own options In fact Ive never heard anyone tell girls that they cant choose engineering or science Let them choose what they enjoy,Hope_speech
If it is accepted that all lives matter,Hope_speech
Not agreeing with someones sexuality is like not agreeing with someones skin colour Its part of who they are nnIs there an aversion therapy for being heterosexual,Hope_speech
used to mix potions and experiment the outcome on my dolls Im currently working on degree in Computer Science with an engineering focus love this video,Hope_speech
started crying when she quoted the mom who said You can be anything So many people do not realize how important it actually is for girls to believe that,Hope_speech
Keep hanging in there totally get you darling am doing Electrical engineering am african so get you,Hope_speech
Keep up the good work Debbie always like to work with female engineers,Hope_speech
internalized homophobia is sadnhope that any closeted kid can stay save until they feel ready to come out,Hope_speech
All Lives Matter,Hope_speech
We are equal humans nAll of us are equaln:handshake::handshake::handshake::handshake::handshake::handshake::handshake:,Hope_speech
ALL LIVES MATTERnALL LIVES MATTERnALL LIVES MATTERnALL LIVES MATTERnALL LIVES MATTERnALL LIVES MATTERnALL LIVES MATTERnALL LIVES MATTERnALL LIVES MATTERnIts not controversial when you pay taxes,Hope_speech
God straight up says love everyone so to me that over powers everything,Hope_speech
Now want to be engineer,Hope_speech
Not matter if you like man or woman god love you all equal,Hope_speech
agree that there are some bad cops yes Ill admit it But most are good agree George shouldnt have been killed but it seems the cop just over estimated his strength,Hope_speech
think he handled that very well in way that made it both very real for them while keeping it within what they could handle Well done Marcus,Hope_speech
Shoutout to Annie for being so real Despite her beliefs,Hope_speech
Can just say Theres like no proof that God hates Gays,Hope_speech
No we are all from earth and Africans can live in America so what if you arent from that place,Hope_speech
Yes it is controversial to say at this time after this tragedy all lives matter Yet Its shame for America to say black lives matter 2020 still stuck with racism It means black life is worth less If feels bad to hear it As human specie we have lot more to learn and need to have some humility We were just hit by virus,Hope_speech
What dont understand about most of these comments is that people are saying that girls with short hair are automatically lesbians or the clothes theyre wearing Looks dont Define Who You Are It doesnt mean if girl has short hair or if theyre clothes not girly enough doesnt mean girls are automatically lesbians You cant just put label on someone and call them something that they are not without knowing their real lives and stories,Hope_speech
Joannot Fampionona Thats changing the definition of violence completelynnAnd about those cases these women present they sound to me like exaggerations made by them What do you do everyone gets ask that not only women And being surprised that someone is an engineer is normal,Hope_speech
And we are happy you are not giving up on us,Hope_speech
And women in engineering are perfectly competent agree,Hope_speech
This is extremely inspiring as im applying for colleges now to become chemical engineer really hope this sort of attention to the lack of female engineers only increases,Hope_speech
All Lives Matter Remember Jessica Doty Whitaker,Hope_speech
got degree in chemical engineering because of this video still cannot believe did it Still debating if it was good decision but hey it cant be undone now XD,Hope_speech
GOD LOVES ALL OF MANKIND HE HIS NO RESPECTABLE PERSON IN HIS LOVE ALL LIVES MATTER,Hope_speech
feel the same way with being pilot Im women and Im headed down the road of becoming commercial pilot Only of women are pilots really hope to see more women join these professions,Hope_speech
have always loved her and her soul Madonna you are amazingly inspirational,Hope_speech
This was so inspiring to meNowadays many people doubt about women becoming engineersBut Im sure next generation is going to make changeIm from Argentina and next year Ill finish high school and will study environmental engineering,Hope_speech
Thats incredible Keep it up,Hope_speech
All lives matter Anything else is racism,Hope_speech
If you think saying ALL LIVES MATTER then dont say BLACK LIVES MATTER It works BOTH ways folks The BLACK LIVES MATTER statement is offensive to me,Hope_speech
The problems is that one doesnt negate the other If All Lives Matter then what is the problem with saying Black Lives Matter or Blue Lives Matter They are part of the All am correct Not like when the constitution said We hold these truths to be selfevident,Hope_speech
all live matter key word ALL meaning ALSO black lives,Hope_speech
WE NEED MORE GIRLS IN THE STEM FIELDS JOIN US,Hope_speech
Is Alive Im Christian and Im Lesbian,Hope_speech
How about more women pouring concrete,Hope_speech
Im sorry but saying black lives matter is excluding other races which it in itself is racist,Hope_speech
Charlotte Hansen Im Christian and my job is to love everyone no matter what makes them different from me These kids are so cute and very respectful,Hope_speech
look to day when people will not be judged by the color of their skin,Hope_speech
when someone says dont agree with homosexuality is like hating people who are left handed,Hope_speech
All lives matter to JesusI will side with the Lord,Hope_speech
RESPECT LGBTQ PEOPLE SUPPORTING YALL TILL MY LOVE GIVES OUT :star-struck:,Hope_speech
think its cool that you give people voice to speak out with here on this channel,Hope_speech
This is the best vid in this channel Marcus was so good with these kids and the kids were open Even Amy when she said that she was open to it hope that Amy changes her mind eventually,Hope_speech
You inspired me to keep moving on my engineering program You are amazing thanks alot,Hope_speech
God gave us choice,Hope_speech
Im female marine engineer and also graduated from naval academy with rank of 2nd Lieutenant Reservist and used to work as third mechanic engineer onboard very large crude oil tanker vessels,Hope_speech
18 literally was bisexual when was SEVEN,Hope_speech
IncredibleAwesomeso uplifting and inspiring THANK YOU,Hope_speech
Doesnt matter what religion practice or if even believe in god,Hope_speech
Conversion therapy should be illegal Doesnt it go against the protection of natural rights,Hope_speech
wont give up bc were there for me and you continue here have to fight too,Hope_speech
remember when she performed cpr on me after rescuing me from the water,Hope_speech
Tenacious Tacosnthere tends to be this antagonism towards women stating their point of view because it is automatically viewed as misandrist and discriminatory against men when paradigms like sexism and racism are not symmetrical because of the historical precedents where one group has been favored more than another These scholarship initiatives are merely attempts to balance an unbalanced game Not to take from opportunities that were already there supplement not supplant Theres enough to go around,Hope_speech
SHE LITERALLY SUPPORTED THE LGBT COMMUNITY BEFORE ANYBODY EVER DID PEOPLE DONT UNDERTAND HOW IT WASNT COOL OR TRENDY TO SUPPORT THEM,Hope_speech
Im trump supporter Im anti Islam and anti feminism BUT Im pro LGBT pro womens rights just not for all the femenazi BS,Hope_speech
Yes all lives matter,Hope_speech
wanna be civil engineer too Youre not alone Go ahead You can do it,Hope_speech
Every life on this world matters,Hope_speech
Smokey didnt say knew what color skin you had also you said cant throw it in white peoples faces dont even know if whoever wrote the comment is white and just cause it happened in the past does not mean racism just suddenly disappears Black people are the ones that are oppressed sir but if you want to talk abt white people they arent oppressed so good for them Also Im literally half white Im not blaming white people for what happened not every white person is racist sir thats not what said,Hope_speech
All lives matter Especially children lives matter THE MOST End child trafficking End wars End hunger Children are our future We need focus on them,Hope_speech
Prayer Corner nI understand and agree 100 whith what youre saying and Im also proud ChristiannI was just saying that the people the commenter asked about must have some power if the higher authorities are covering up their mistakes instead of taking the correct actions against themnI listen to and admire alot of priests and what they say and how they livenMy point was that alot of people follow the leaders of the religion any religion blindly,Hope_speech
Hey have respect for All Lives MATTER Its the TRUTH that is being ignored The Politicians are creating narrative that diverts attention away from our Childrens Safety,Hope_speech
Also my choice is to love is more powerful statement than think that child realized That is incredibly beautiful and heartwarming to hear,Hope_speech
All Lives Matter Not Just Black,Hope_speech
If all lives matter then all lives should be treated the same But its not when you are arresting white people but killing black people so yes BLM,Hope_speech
thats funny because last time checkednn1Women are smarter than mennnOnce women started demanding equal rights,Hope_speech
My mom told me that if someone really believes in their religion that will except you for who you are not who you arnt,Hope_speech
As someone who dosnt really feel comfortable saying Im religious but would say my beliefs fall most closely to Christianity and attends church regularly this whole concept of conversation therapy disgusts me have read the Bible through and through Yes the Bible does say that homosexual actions are sinful It also says thousand other things are sinful things we are all guilty off in our lifetime the Bible clearly says all sin is forgivable The Bible says the greatest commandment is love Jesus when faced with the option to condemn chose love over and over and over again He forgave and he showed compassion In fact the only people Jesus was super blunt or mean with Was not the drunkerds,Hope_speech
My grandpa was an engineer and he bought me my first LEGO set at years old 13 years later Im more than half way through my ME degree,Hope_speech
Blake Eloise dont hate anyone actually,Hope_speech
ALL lives matter Otherwise its racism,Hope_speech
its 2am and Im watching this and crying at how inspirational this is as female engineering student this really motivates me to not lose faith,Hope_speech
dont watch things that doesnt interest me Why this world has to be so negative am praying and many others are as well Take care,Hope_speech
All lives matter Idiocracy at its finest,Hope_speech
There are no words to describe her influence in so many areas As long time fan am still discovering new things every day She leads the pack,Hope_speech
All Lives Matter believe its not the color if your skin its your personality other then in pleasant notes hair eyes dress You can see they all see Black and or white All Lives matter,Hope_speech
If we exclude women we are only getting half of the best humanity has to offer This is why having women in tech is vital,Hope_speech
Came out and fought back because of her New and ungrateful generation has no clue what she has done for us,Hope_speech
This whole conversion therapy thing is messed up It makes all Christians look like terrible people even though God says to love everyone,Hope_speech
Thank you so much We can do anything,Hope_speech
Wtf is up with the negativity by men here Just because shes building toys for girls and encouraging them to go for engineering majors,Hope_speech
Her speech got me through the toughest parts of my engineering student life Ill be graduating next semester and Im super excited for whats to come,Hope_speech
Love Wins have always thought that grew up with her and her music Music today is auto tuned BS They call her old,Hope_speech
All Lives Matter There are two races,Hope_speech
All lives matter There said it God bless you sir dont know you from diddly squat have respect for you Because you wear the badge and the uniform You come across all kinds of people good or bad God bless you and men and women that are in law enforcement Some cops do good no matter what There is good and bad in all people Just remember folks we bleed the same color God bless the USA We need his blessings bad,Hope_speech
It does something Emotional and physical harm,Hope_speech
Debbie am glad you got through it nI myself am an chemical engineering student soon am going to be in my final year and to be honest soooo feel like dont fit in nmy grades arent that good nd ofc dont have that good spatial skills and sometimes look at my male classmates and think are we doing the same major And am soo afraid that what am going to do after my graduation nAll of these fears time and time build up and feel like maybe didnt pick the right major but hearing your experience was helpful thank you will try not to give up,Hope_speech
All lives matter thats it Move on now,Hope_speech
This woman is genius What great speech,Hope_speech
Some Random Girl Im sorry youre in the situation hope that youll find an environment that is accepting,Hope_speech
This video almost made me cry The struggle is real,Hope_speech
Yes all lives matter because we are all human,Hope_speech
relate to her so much,Hope_speech
That one girl whos like do not agree with homosexuality nnnGirl you got short haircut the bottom of your jeans cuffed sweater and its bergundy ish Your not any part of Lgbtq thats lie You dont agree with Lgbtq people thats lie You probably said that because your family and your church are watching She will come out in few months or years Btw people hating Lgbtq people and they are religious people God says not to hate anyone so like its the same wrong Also have family who isnt religious but is religious if you know what mean and respect anyone no matter what and if thats who they are let them be who they are evn if dont agree,Hope_speech
Religion is between you and God You dont have to force it on someone OR hate on anybody because they think differently,Hope_speech
omg we are the people All LIFES ARE important,Hope_speech
Keep up the good work Debbie always like to work with female engineers,Hope_speech
Racism is the belief that one race is superior than another dont see how being conscious of your race makes you believe that any embrace is superior,Hope_speech
dont hear anywhere in this video saying black lives matter too So you are against black lives if you dont say black lives matter So there is no other choice but agree to say black lives matter in less you want to be labeled as bad person:thinking face: You want people to support movement that agrees with organization that the person is against :thinking face: Im not white but have to say All Lives Matter even the ones that BLM doesnt support,Hope_speech
If white person says white lives matter he she is racist If black person says black lives matter he she is fighter for civil rights What nonsense,Hope_speech
my sister do math know girls do lot of math we need more girl perpective in ingeniering like this womennthe man engineers make bridges,Hope_speech
God gave us choice My choice is to love PRINT THIS EVERYWHERE,Hope_speech
ALL LIVES MATTER young old black white brown god made us all cuz he loves us all thats it bottom line,Hope_speech
My goodness these kids are so enlightened So smart,Hope_speech
am Catholic and the thought of conversion therapy on anybody disgusts me know that the Jesus serve is NOT the same one that this person unfortunately had to experience God is love and the way he was treated was NOT love so NOT God like what that little boy said God is love and chose to love,Hope_speech
All lives matter ridiculous to think otherwise,Hope_speech
makes me really proud to say that 40 of my engineering class is female,Hope_speech
Not everyone is supportive of my choice and Ive lost some friends because they dont believe can do it Its great though wish had friends like yours,Hope_speech
If she comes out at this point it must be choice nnjk annie we all support you no matter what,Hope_speech
All lives matter includes black lives and others as well People dont seem to understand that Cant imagine prioritising one race and completely ignoring other races No matter how small or big the situation is,Hope_speech
If ur lgbt and ur parents are like his urge you to not come out until you are old enough so you know safe place to go or old enough to leave,Hope_speech
Anurag Pal how is she forcefully making do engineering Shes trying to inspire If dont want to do it thats your choice but shes trying to encourage the ppl that do want to do it as career choice dont get how anything she does is forcefull,Hope_speech
Racism is an individual trait Dont impose racism to certain group Obama won two times because of white votes Just because certain number of individual showed something wrong you can say that whole race is racist,Hope_speech
All life matter Jesus tells us all life matter,Hope_speech
God gave me choice and my choice is to love omg he was so pure wanna raise my kid to be like that kid Whoever his parent is,Hope_speech
Obviously all lives matter the movement is saying that their lives AlSO matter When black people are being targeted and their trying to state that theyre black lives matter,Hope_speech
ohhh your storys so relatable Dont give up What your doing is great,Hope_speech
These kids are really mature and understanding nThe girl with short hair probably didnt grow up in environment that allowed her to develop her own opinions and values,Hope_speech
Thank You For All YOUVE Done for Our Community,Hope_speech
You are such an inspiration would buy this toy for my daughters too,Hope_speech
The boy who said god gave us choice and my choice is to love is the purest,Hope_speech
OmG love this talk Debbie that was amazing Lovely,Hope_speech
All people of good character matter,Hope_speech
the kid who said his choice is to love thats fantastic kid,Hope_speech
This man is inspirational loved this,Hope_speech
Only people can understand Madonna who has gone through so much pain as she did the battle losing her son and other emotional things,Hope_speech
Im Catholic as well and the way some people abuse the bible in order to hurt others is abhorrent do not agree with conversion therapy at all,Hope_speech
All life matter That simple,Hope_speech
Ill be honest this speech did not inspire me She made it seem like they dont encourage women to do well in engineering As Chemical Engineering student have been nothing but supported by teachers and other classmates in my program to succeed and do well The STEM field wants more women in the field women just dont choose to be in the field The majority of women want to be in other careers like teaching or business Most of the girls that have talked to ask me why would want to be into major like this Its not problem of women not being encouraged to be in engineering,Hope_speech
Thank you Im studying engineering right now and your speech inspire me lot,Hope_speech
All Lives Matter,Hope_speech
Saying dont agree with homosexuality is the equivalent of saying dont agree with left handed people,Hope_speech
Im teenage girl now and im considering electronics engineering in the future How was it,Hope_speech
she literally came out as bisexual,Hope_speech
Rebekah nHonestly Think logically for two seconds nIf you were so nice and so caring,Hope_speech
If said white lives matter itd be the same thing We all bleed one color,Hope_speech
Sure wished played with legos as young child,Hope_speech
the blm movement could do so much more to get respect out of the community,Hope_speech
my choice is to love GIVE THIS KID SOME PRICE FOR THE BEST SENTENCE EVER,Hope_speech
agree She seems to be in denial Being homosexual is not choice did not choose to be heterosexual,Hope_speech
god gave us choice my choice is to loveni cried,Hope_speech
Religion has no place in the 21st Century,Hope_speech
It is absolutely cultural issue What great speech,Hope_speech
All lives matter What the police done to George Floyd isnt right,Hope_speech
Everyone on this episode was super insightful,Hope_speech
ALL LIVES MATTER and that includes black lives enough said anyone that believes otherwise is ignorant and wrong,Hope_speech
am girl when told my family about me doing engineering my brother saud to me get over your self girls dont do engineering well it kind broke my heart dont know what to do now,Hope_speech
Yea All Lives Matter,Hope_speech
People need to blame themselves for their own selfish bad behaviour,Hope_speech
Black lives are included in all lives,Hope_speech
Is conversion therapy illegal because it often times involves physical and mental abuse or do people just ignore that,Hope_speech
She saved my life,Hope_speech
If it wasnt for Truth or Dare wouldnt have come out unashamed and proud like did Madonna and that movie enabled me to be me from the start and save lots of time self hating Thank you,Hope_speech
ALL LIVE MATTER All controversy over this is caused by racist bigots Black lives mater is racist statement and supports segregation Black lives matter supports black supremacy just as KKK supports white supremacy Black lives matter and KKK ate both equally racist Plain and simple,Hope_speech
All lives do matter though,Hope_speech
Tyrone Marcus god loves everyone no matter what,Hope_speech
am bisexual came out of the closet years ago to tell my parents had crush on my BFF This was after had dates with boys My parents were okay with this cried because was afraid that they were the type of parents know other people have whod beat up their kid or kick them out of the house just for being LBGTQ Unfortunately,Hope_speech
after watching this video feel more confident in me what have chosen in past Mechanical Engineering,Hope_speech
im 12 years old and im bisexual,Hope_speech
Tapiokapuddin It just means that you dont consider it okay but you dont care if others do and you still accept and respect them Its kind of like saying you dont agree with like politician and what they stand for or something but you dont hate or frown upon anyone who does Thats all,Hope_speech
of the soul its refreshing to see such guys Most guys on these type of videos comment kitchen jokes Its not easy for women in STEM because they are constantly told to go back to the kitchen which is exactly why these videos are needed but even then manbabies tell you that your cognitive ability isnt any good even though they themselves cant do math,Hope_speech
Im so proud for her,Hope_speech
God gave us choice my choice is to love teared up,Hope_speech
You can be anything,Hope_speech
am doing aerospace engineering am in my first yearTbh was little doubtful but this video inspired me alot Thanks,Hope_speech
Its not like feel can not because Im woman just dont want to and there is nothing wrong with that there is nothing can not do because Im woman this is just not the path want to take,Hope_speech
If all lives matter to God,Hope_speech
Everyone hating on the girl who disagrees with homosexuality needs to think of this from younger persons perspective Shes still child She hasnt matured and hasnt been able to experience enough to formulate her own opinions yet She may have beliefs based on how her parents raised her Doesnt mean shes homophobic,Hope_speech
These comments are funny but please keep in mind shes human being,Hope_speech
Do not give up hope not matter what,Hope_speech
Yall need to stop this whole shes young shell come out of the closet eventually sounds lot like every conversation an lgbt survivor has had,Hope_speech
Candra Rakhmasari nYES using religion to abuse someone and take away their rites goes against the golden rule Do onto others as you want done to you It goes against peace when treating people with hate It makes me so mad when people use religion to abuse other people,Hope_speech
Jessica Walker think most people dont even know what you are trying to argue about agree with you Most people may or may not like homosexuals but its just an opinion its really not like they hate them personally dont support homosexuality but also dont hate them just dont support them in general do have one friend who is bi but dont really mind that hes bi just as long as he doesnt act odd around me Also,Hope_speech
Its very special to understand the real meaning of life This flower is for madonna,Hope_speech
To the ones who think or feel not all religious people are bad In this case we are assuming christianity for right know There are bad Christians no lie this is true but also lot of Christians are kind are excepting So be kind used to hate Christians because thought they would hate me back But realized not all of them will hate me,Hope_speech
The definition of racism is when one colour is portrayed as more superior than another,Hope_speech
just think love is love if you like boys you like boys if you like girls you like girls you dont have to change be yourself Im bi theres nothing wrong about it,Hope_speech
swear Juan is secret Dem,Hope_speech
Rebekah heterosexual Saying don agree with homosexuality seems to me so weird like don agree with redhaired people Homosexuals and redhaired people don need your blessing or permission You believe in your god if you want but,Hope_speech
All Lives Matter,Hope_speech
mdnayoure beacon of hope in dark unpredictable worldthank you for standing up and continuing the fight for changei love you,Hope_speech
dont agree with homosexuality sounds as stupid as dont agree with being Its fact about someone,Hope_speech
What is wrong with you people nThese are kids You are all sick,Hope_speech
All lives matter That includes black lives We need to get on our knees and seek God and his will Putting God first in life is putting your self first God has your best interest in mind You are important to God,Hope_speech
Im hispanic female studying computer science,Hope_speech
So were supposed to feel bad for black people Get outta here Sanders all lives matter where all equal,Hope_speech
Im guy and played Barbie doll when was kid But chose electrical engineering to be my major while was in college And now Im engineer Hahaha still think Barbie dolls are pretty Whats wrong with guys playing Barbie,Hope_speech
This was extremely inspiring,Hope_speech
Pretty and smart,Hope_speech
The fact is that racism points fingers in All directions There are both good and bad people of all cultures and nationalities To say ALL LIVES MATTER does NOT exclude African Americans It would be constructive peaceful way of bringing us ALL as equals Now ALL LIVES MATTER would promote putting an end to racism once and for all,Hope_speech
KNEW SHE MADE GOLDIBLOCKS was thinking that while she was talking about trying to get girls interested in engineering,Hope_speech
Weather your white or black just think for solitary second suppose you were white and it is all of sudden that it was illegal to say all live matter and only black lives matter was allowed to matter how would that make your kind feelnnIf were all of you would heavily think about not caring for only one nationality one race and only one skin color and think about each and every ounce of life that is on this planet because every single day everyone is killing one another and if you all dont stop its going to keep on going until there is no more life on this planet nnAll life matters because all life is precious nnLike Hannity said if you all dont have the courage to speak out and say ALL Lives MATTER then you all are political racist cowereds nnGod bless you Hannity,Hope_speech
Since when LIfe was defined by the colour of the skin of it Holder in this society everyone can live the LIfe they envisionMorgan Freeman and Denzel Washington are examples of this Claim,Hope_speech
am really glad that Imanaged to see this video ITs nice to know that engineering is not only for nerds and geeks Its for anyone who would like to put some effort,Hope_speech
This made me cry Im Hispanic,Hope_speech
God gave us choice my choice is to love would die for that kid,Hope_speech
It would have been nice Im female engineer but no work will take me in So,Hope_speech
know there is some sexism in the workforce and there is no doubt about that But the thing that hate is that these people are basically saying with all these stupid percentages that men need to change and help women into engineering and men are the problem that there arent really any women in that field And that is completely wrong the main reason that there arent any women in engineering is because women just dont choose to go into that line of work its as simple as that,Hope_speech
Just leave her alone She wouldnt want to look at the comment finding people asking about her sexuality because thats weird Its none of our business,Hope_speech
Jesus died on the cross for all of us,Hope_speech
thought all lives mattered,Hope_speech
100 sounds like something my daughter would LOVE She is always building and making things out of boxes and tape and paper and pretty much anything she can get her hands on,Hope_speech
Johnson nHer comment wasnt emotional at allnIt pointed out the reality you are ignoring moronWomen get uncomfortable when theyre treated unfairly and that is somehow their fault So instead of killing off sexism women in your world should just put up with itnOK,Hope_speech
by peaceful protests not violence or criminal damage,Hope_speech
Great Thoughts with positive outcomes and Inspiring new generation,Hope_speech
was going for brainless,Hope_speech
Im sorry to say this but dont think that she can do very much in order to inspire girls to become engineers with her product as it still heavily relies on the parents buying them believe that the real issue isnt getting girls interested in engineering but rather to prevent parents from pushing their kids into stereotypical roles because think that the families that buy Miss Sterlings books are the same that would have also gotten their girls variety of toys,Hope_speech
literally started crying out of happiness you go girl the world is ready for some change and we are no longer afraid to make it,Hope_speech
She literally introduced the world to the ballroom scenes Especially in time when homosexuality was taboo,Hope_speech
Blue Lives Matter Black Lives Matter Hispanic Lives Matter Asian Lives Matter White Lives Matter ETCAll Lives Matter Defend the Police Reduce crime Stop resisting arrest Stop talking back Obey the Law Respect the Police and anyone in Authority Simple Rule Criminals are like Children You need to punish bad behaviors Law and Order and JusticeA Civilized Society,Hope_speech
Ita about how hard you work,Hope_speech
totally agree all lives matter,Hope_speech
My choice is to love and live life,Hope_speech
Guess how came out of the closet Well didnt have to My ex best friend did it for me And guess what she did She was the first person told,Hope_speech
Im atheist and still support and agree with the LGBTQ community,Hope_speech
ALL LIVES MATTER Any thing else is racist,Hope_speech
Well she was fighting for us in the mainstream media when no one was,Hope_speech
All lives matter is better than black lives matter All lives matter included black lives,Hope_speech
GUESS WHAT feminism IS about empowering women and if didnt watch the video,Hope_speech
Rebekah also If loving someone will send me to ever lasting tormmet Than taking that hell loved in love Ive had it for life time and if had choice thtta if love someone Ill be sent away to hell Im gonna love that person with all my heart No matter the hell Ill experience,Hope_speech
This is great As middle school science teacher know and see how our culture does not seem to support females in science Ive started engineering projects this year and they have been well received by all boys and girlsnnIn reply to the comment about men not being in elementary Ed dont see men as not being encouraged to be teachers There is no culture saying men arent smart enough to be teachers However it seems girls may think they are not smart enough lot of it is misconceptions about what engineers are and donnIn response to the victim comment She is being an example for young girls that even if you are told you cant do something you should try again and not give up Teaching young girls to persevere and work hard is not bad thing,Hope_speech
As woman studying engineering,Hope_speech
All lives matter speak for all black people when apologize for BLM,Hope_speech
How did it go Please dont give up,Hope_speech
mensah if black lives matter how do you take out the black from BLOOD What makes person BLACK my son is white but looks black,Hope_speech
We all cannot dismiss the influence she has had in the progress for change in LGBTQ rights,Hope_speech
All lives matter one race is not above another,Hope_speech
We are so lucky and fortunate to have someone so smart and so dedicated to us and the cause,Hope_speech
God gave us choice and chose to love EXCUSE ME WHILE GO CRY THIS KID IS TOO CUTE,Hope_speech
feel sorry for her being raised in that kind of environment,Hope_speech
wont give up bc were there for me and you continue here have to fight too,Hope_speech
dont really get it when ppl say they dont agree with homosexuality Even when its said in the most respectful way possible Like what is there to disagree with If youre not hurting anybody let em be,Hope_speech
im womannThis is all nice and dardy,Hope_speech
Im currently doing civil engineering im girl and im on wheelchair which makes it even worse everone looks ar me like Im crazy how are you going to go on site those are the few demoralizing question get and this video made me cry so much And have to say it is not fair there are more boys than girls it is intimidating,Hope_speech
Watching this video just made my day Im planning on being software engineer and was scared about how hard it is and how girls cant be in that field and all that But right now,Hope_speech
Why ever bother to come out,Hope_speech
Yo for real why do all of you guys care so much about what her sexuality is gonna be Because she has short hair and wears cuff jeans lot of people wear cuff jeans and have short hair that arent LGBT Im okay if she does become LGBT,Hope_speech
yeah because he was being abused and starved at 14 thats illegal,Hope_speech
All lives matter Did God tell them something more that he didnt tell the rest of us There are some parts of this country that they havent seen how impoverished these areas are,Hope_speech
The girl with the red sweater handled that conversation SO WELL am LGBTQ and wouldnt have been offended having conversation with her She was nice and still respected the guy,Hope_speech
ALL LIVES MATTER If you feel as if you deserve more well get up off your Put your guns down stop killing and robbing,Hope_speech
Having homossexual relationships used to be normal in old Greecer The Spartans accepted it as way of creating bond between warriors,Hope_speech
Davis Im not white and believe that all lives matter Isnt it bit racist to assume that all black people agree with your values,Hope_speech
we need to all join together ALL LIVES MATTERS,Hope_speech
im not saying racism doest exist butwhen you generalize all of one race that is racismits black and whitenwhen we stop racism then all lives matter,Hope_speech
yamiGAJw queer is basically an umbrella term for someone who is not straight or not cis cis means someone who identifies with the gender they were assigned at birth,Hope_speech
dont believe in lying about yourself to make other people happy Spot on,Hope_speech
NELICOPTER Ikr they always do this dont understand why they think its so amazing that if they work in specific job if theyre females,Hope_speech
What an inspiration,Hope_speech
This is absolutely amazing cant express enough how much good this attitude is doing the world,Hope_speech
All lives matter and how Because when we stand before out maker we will answer for every life every soul we Pass and mistreat Whole wor going to hell in hand basket grandma use to say Be prepared to answer for those you hurt or mistreat or lead astray,Hope_speech
Corpus Thats good Still along way to go though,Hope_speech
mensah Get Over Yourself because we all live and die Just look for PEOPLE NOT COLOR,Hope_speech
What about the lack of women in construction,Hope_speech
Lehman So it would be ok for group of allwhite people to walk around with banners that say White lives matter and shout it out to all black peoplewhite people die tooand we know its sad and enraging and emotional but we cant afford to seperate ourselves like thatseperation and segregation IS racismdont fight racism by being racistjust be Human All lives matter,Hope_speech
so scared cry ever night praying my friend will be ok praying nothing happens just cause shes not the colour of me dont mean not there for her she the only person loved with my whole heart thats not my family but she like sister to me,Hope_speech
Stop treating people of different races differently and demanding bias in favor of certain races Duh,Hope_speech
Its really amazing how reality changed recently study civil engeenering and the bilans between female and male is around 5050 and its normal,Hope_speech
Im an LGBTQ kid dont know if Im bi or lesbian,Hope_speech
my choice is to love,Hope_speech
she seems very genuine and emotional here feel like ive not seen this side of her in forever so much love,Hope_speech
God gave us choice and my choice is to love MY HEART,Hope_speech
Its just sad how people are treating black people horribly one time someone in game called my friend that shes Black like the wall thats so rude cant stand racist people they are literally messed up,Hope_speech
would be killed in conversion therapy because Im proud lesbian and Im not gonna lie about being lesbain Beat me all you want,Hope_speech
Inspiring and Go Girl,Hope_speech
It SHOULD be All Lives Matter No need to drag downignore other peopleraces to get ahead While were at it,Hope_speech
wish people would love lot of Christian denominations are loving to LGBT,Hope_speech
Nobody has supported the LGBT community like MADONNA even in the darkest hours she has always been an advocate fighter for human rights,Hope_speech
Would it be racist if an audience booing someone who said black lives matter All lives matter,Hope_speech
Wow didnt realise her kind of music could have that impact was fan when was younger,Hope_speech
The color of are skin does not define are personality or are capability of doing and accomplishing stuff Its just color or more specific its just genetic,Hope_speech
Why not band together and fight all racism at once peacefully,Hope_speech
am bi BUT did not wake up one morning oh lemme kiss guy and decided wanted to date guys people that says homosexuality is choice is dumb,Hope_speech
Thank you for sharing your story Marcus,Hope_speech
Sunshine littlephilly hmm wasnt aware that loving my soulmate who is girl would send me to hellkinda makes me the happiest ive ever been love is beautiful no matter what form,Hope_speech
All these are correctand yes All Lives Matter,Hope_speech
Im lesbian Christian The beginning statement,Hope_speech
Morning Madera Slavery in America ended 200yrs ago,Hope_speech
IT DOESNT MATTER WHATS RACE YOU ARE,Hope_speech
Madonna is amazing she really is she fights for what she believes in and that awesome Ive loved her since was really young,Hope_speech
Thank you Madonna youre by years an inspiration and an openminder knight,Hope_speech
Ive never been fan of Madonnas music nor do like her personality but do love that she has been great friend to the LGBTQ community Also,Hope_speech
Ill say it Im not scared ALL LIVES MATTER ALL LIVES MATTER,Hope_speech
Great talk We also need more women in science,Hope_speech
want to study either software engineering or computer science and this video is really inspiring,Hope_speech
Its so beautiful that those children will have understanding for everything and everyone and wont be judgemental as the rest of the society Love this channel,Hope_speech
How can you be surprised that people are surprised that you are an engineer in the same video that unbiased shows that only 10 of engineers are femalesnnThat means that your colleges are right to ask you if you are one of those mythological unicorns There is literally 90 chance youre notnnAlso you want more female engineers Good Me too Society too Dont preach to men how theyre not reacting well to you on the off chance you are an engineer Preach to young girls how engineering is cool,Hope_speech
theres fine line between disagreeing with them and being against them she literally said shes alright with lgbt,Hope_speech
We all bleed the same Stop with the Radical Fascist Liberal Left Political Pandering ALL LIVES MATTER We are all created by one true God in his image We need to stop with all the hate Period,Hope_speech
Im not Christian tbh Im not apart of any religion but god accepts everyone and its not cool to be the same We were made to be different not to just protest about someones choice of sexuality or religion,Hope_speech
All lives matter Everyone should be equal rights But the world is brokennAnd not every life is valued,Hope_speech
Earth angel with an iron coat :coat: she had to wear it or she wouldnt have survived all the hate We love you Madonna We see and feel your light but we also accept your dark as well For to love only one side of humanity isnt real With out night there is no light,Hope_speech
lewis Hi Eve Its never to early to start learning engineering Especially these days,Hope_speech
This was so inspiring,Hope_speech
what does it matter if your female or male just do your job,Hope_speech
Im computer science major and know that feel Of not belonging,Hope_speech
work for tech company and recently conducted job interviews at local engineering school Less than 10 of the candidates were women As much as we support and strive for diversity in our company,Hope_speech
If so many people hate racism,Hope_speech
Say all lives matter is,Hope_speech
Ive seen hundreds of Madonna interviews and this is completely genuine She is honestly emotional in this Will always love her for fighting for my community and others who have been marginalised,Hope_speech
people who say that coming out is useless should watch this video,Hope_speech
There are nuff people in Istanbul who are not religious It is quite diverse city,Hope_speech
All people equalnNo special interestnStop the panderingnFollow the constitutionnProsecute criminals including bad cops,Hope_speech
Amazing talk What terrible professor to be so discouraging and daring to make fun of studentsthis really triggered me and reminded me of one of my former chemistry professorsso rude that everyone stayed quiet out of fear of her retaliating and giving bad gradesThese people should NOT be teaching Im so glad Debbie didnt give up,Hope_speech
Im lost but surely all lives matter,Hope_speech
America is not Patriarchy,Hope_speech
Im Christian but choose not to judge Its not my place to judge others and so love everyone plus might be lil bi so theres that:person shrugging:,Hope_speech
dont give scrap who hate for me ALL LIVES MATTER regardless of race,Hope_speech
There are lgbtq persons who do bad things Thats given But that shouldnt be the license to hate everybody else in the lgbtq sphere cause lot of us are nice and righteous Generalizing is what needs to go Ps,Hope_speech
Conversion therapy is one of the most fucked up things ever heard Never agreed with it You cant change how someone biologically feels,Hope_speech
can relate with her experience being minority in MecEng Major is really hard but,Hope_speech
All Lives Matter,Hope_speech
Im religious and lesbian,Hope_speech
He would be so disappointed Remember have dream to live in world where my four children will be judged by there character not by there skin color Then black lives matter happens and all lives matter is racist apparently and freedom of speech is dead You disagree your racist or sexist What happened to the world Theres only one race the human race History is not perfect from any perspective Everyone has been slave look at the gladiators for example theres plenty more as well dont forget about prisoners of war You cant sing certain music due to certain words if there so offensive or only one race can say them then take that word out,Hope_speech
queen to the LGBTQ Community,Hope_speech
That man is so incredibly strongi was moved Thanks,Hope_speech
lol Trying to fight off the trauma,Hope_speech
Nobody has supported the LGBT community like MADONNA even in the darkest hours she has always been an advocate fighter for human rights,Hope_speech
dont agree in hire people just because they are men,Hope_speech
Im still hiding my gender to my parents and they dont know Im dating someone My friends knows already about my gender and they are very supportive of it And Im very thankful to find true friends like them,Hope_speech
God gave us choice And my choice is to lovennnWow,Hope_speech
You can do anything Youre such an inspiration to continue the hard work Just like you thanked Debbie,Hope_speech
TA All the best dear Work with passion,Hope_speech
wish people understood that sexuality is spectrum and we dont all have to fit into specific box We are all human we all love,Hope_speech
can disagree yet still support someone that is homosexual Its her own opinion and choice,Hope_speech
yes he loves everyone,Hope_speech
God doesnt see color he sees whats in our hearts so therefore all lives matter its just choice of heaven or hell so you choose,Hope_speech
ALL LIVES MATTER To say otherwise is just racist,Hope_speech
Im Christian and believe in the Bible but what the heck that therapy sounds straight up cruel Im sorry he had to go through that,Hope_speech
cried am also girl who wants to be an engineer since was in middle school Thank you so so much love it:pleading face:,Hope_speech
Im 14 and in our school we have STEM program the fact that Im girl never discouraged me from applying But know that it discourages other girls as there are 22 kids in the program and only of us are girls,Hope_speech
Shrodinger Kat well thats just absurd because God created all human beings all different colours and shapes and sizes,Hope_speech
She saved and changed my life Love my Queen,Hope_speech
Im white to start off and dont think saying black lives matter is racist black people never said white lives dont matter there sticking up for there self like if your kid dies and someone comes in and says all kids lives matter calmed down people and help your fellow humans to have same rights as everyone its not right to hate someone because of color mean come on color wow,Hope_speech
There is God and He is good Beauty plus brains trumps everything else She is likely one of the most intelligent CEOs around and the hottest ever speaker on TED Talks,Hope_speech
Her speech is the reason why have decided to give my passion try And yeah Its engineering,Hope_speech
Please protest safely,Hope_speech
Atheism is Unstoppable,Hope_speech
Yall are missing the point of black lives matter Black lives matter means equal rights for black ppl and it doesnt mean were dismissing other races If disagree with BLM your disagreeing with black ppl living in society and if disagree with that then idk what to say to you,Hope_speech
respect and love your nation very much Very chill and open minded towards the stupid western media,Hope_speech
Ohhh would have loved that game Thank you for marketing construction toys to girls Ive always loved them as little girl,Hope_speech
Madonnas music took me through so many hard times Also,Hope_speech
wish that people werent so heartless She truly is an advocate for bettering the lives of others just wish that the so many lives were never taken away,Hope_speech
ALL LIVES MATTRESS WHITE BLACK RED BROWN YELLOWnHELL EVEN WORMS MnGET THE FCK OVER ITWE ALL ARE EQUAL BITCOIN ABOUT,Hope_speech
Omg Im first year chemical engineering student too Its real tough work sometimes wonder if im making all thr right choices because college was so harsh thought was doing academically fine until my grades and performance proved me wrong lost lot of faith in me and everyday dread going to uni bc fear itll be just the same old failures of yesterdays But even if nothings making sense anymore just keep on pushing and doing my thing No matter how depressing and lonely it gets,Hope_speech
used to think that all lives matter But now Im thinking we would all be happier without blm,Hope_speech
All lives matter for SURE Everyone is equal,Hope_speech
feel like just the thought of conversion therapy even though my parents dont believe in that at all,Hope_speech
As Hispanic woman this makes me both weary about pursuing my degree and even more driven at the same time,Hope_speech
Hiho Kids you guys are doing amazing work Once again Im so happy and grateful that you guys are expressing what goes around and coming into this world Kids need to know what goes around and understand what LGBTQ COMMUNITY and people who comes out and share what they went through their lives Such awesome Message that you all are showing,Hope_speech
All lives matter agree with,Hope_speech
just want to point out that the Bible does not say that homosexuality is sin The passage that Ive always seen sited has been proven to be translated incorrectly and is actually condemning pedophilia rather than homosexuality Men shall not lay with man was originally meant to read as man shall not lay with boy Homosexuality is never condemned Please do research and learn about the origins of the book you claim to worship Incorrect translations and interpretation of Gods words are harming real people on daily basis,Hope_speech
WTF let them love anyone ITS NONE OF YOUR BUSINESS,Hope_speech
De Los santos nah that would be to take step back We dont want to split each other up We have to unite in order to fix it,Hope_speech
choose to equalise Everyone has no more or less rights than anyone else You earn love and respect,Hope_speech
Some kids at my school have already come out,Hope_speech
Im so happy live in country that accepts homosexuality and conversion therapy doesnt exist in where live,Hope_speech
Rebekah Girl Im Christian too and you are waaaaaaaaaaaaay outta line What Im taught from the bible and what see it saying is that we should love all Do you believe that God loves each and every one of us cause thats what we are taught as Christians that he loves everyone of us So the fact you think God doesnt like LGBTQ people is misinformed because God loves all of us not just some of us ALL of usnnIts people like you that give us Christians bad name because you want to make your own version of life where God only likes what you think and thats what you tell people When in fact God loves all of us and wants us to love eachother like we want to be loved So before you come here claiming to be Christian go and rethink everything you think and read up on what God teaches us nnnLike girl bye,Hope_speech
Im lesbian and have been my whole life but came out to myself years ago am now 11,Hope_speech
All lives DO MATTER but the question is out of CONTEXT Those who answer this question fall into the TRAP,Hope_speech
hope you are getting support,Hope_speech
All life matter period and thats black matter too,Hope_speech
please someone introduce me to this man want us to be best friends,Hope_speech
am male engineer and dont feel like fit in in engineering If you are girl and you have the desire to become an engineer,Hope_speech
my choice is to love nnmy heart3,Hope_speech
Zara Hassan not the same The girl has respect for LGBTQ people She doesnt agree with being that,Hope_speech
Your name is literally my bio on everything XD,Hope_speech
Omg ur story is same as mine thank you for you comment and thank you so much Danby for your presentation finally feel like can dedicate to engineering fully,Hope_speech
Theres something fascinating to me about woman whos correct,Hope_speech
am so inspired by you Thank you for creating an amazing product for amazing girls and thank you for sharing your story You are beautiful speaker and beautiful person,Hope_speech
Omg Were at the exactly same state hope well get through this,Hope_speech
Very inspiring Thankyou,Hope_speech
lucky you hope can find my way to be such great woman Wish me luck,Hope_speech
Im having doubts these past months about pursuing Civil Engineering because also feel like dont belong but then came across this and viola This kept me back in track This made me remember why pursued Civil Engineering in the first place Thank you very much,Hope_speech
well have to respect her its not wrong if someone disagrees with homosexuality but at the same time CHOOSE not to hate and keep loving the lgbtqs there are differences,Hope_speech
fapnawb So All Lives Matter because all race that gets affected is applied,Hope_speech
Well people out there in America all lives MATTERS,Hope_speech
My parents were absolutely against me majoring in the humanities They encouraged me to go into engineering Im glad did Gender wasnt even in the question,Hope_speech
All lives matter agreenThough Im sure some people would say that the statement also persists to the unborn with abortion just throwing that out there,Hope_speech
Please for god sake just let people live their lives how they want,Hope_speech
All lives do matter yes right now most of the hate right now is between multicolor multicultural differences right now its sad to have this hate towards one another im sorry but believe all lives matter dont matter what color what gender or religion or sexual orientation now we can not ignore this hateful racism acts and violence we are humans we all have blood flowing through our veins,Hope_speech
Ive watched this video in 2017 this is very inspiring,Hope_speech
Tagerius thank you for using your time up to try and help some people learn about the abuse people suffer under conversion therapy and how ineffective it is,Hope_speech
Now we waitnnwhen the dust clears the good will inherit the world,Hope_speech
mean its male dominated field of course people surprised to learn your an engineer Also its probably only male dominated field because most women dont study engineering and pick something like liberal arts Im just saying,Hope_speech
THIS IS racest There saying that black lives matter but what about ALL lives What about the white people ALL LIVES MATTER no matter what color,Hope_speech
All lives matter Stop dividing people by skin color,Hope_speech
This made me cry So many things in contemporary Christian culture are such horrid distortion of what Christianity is meant to be What that boy said about choosing to love Thats what Christianity is about,Hope_speech
This was honestly exactly what needed at this moment Im currently in my first year of mechatronic engineering,Hope_speech
It should be all lives matter,Hope_speech
She is rare species Both engineer and so beautiful,Hope_speech
Some of those kids were so well spokennAnd hope that man has wonderful life,Hope_speech
say it all the time and will again ALL LIVES MATER,Hope_speech
this is so inspiring,Hope_speech
Dont change because they dont like younChange because you want tonnDont really know if this is an origin quote,Hope_speech
Inspiring Although Im guy,Hope_speech
please hug that little girl :pleading face::pleading face:,Hope_speech
All Lives Matter love thy neighbor,Hope_speech
was inspired as women to believe in myself and be strong independent women was raised with no encouragement and to be powerless She rocks :call me hand: OMG nearly cried to her comment at the end never give up,Hope_speech
And aside from how many girls major in engineering,Hope_speech
Just knowing Madonna is out there still going strong puts smile on my face,Hope_speech
Im currently working towards my bachelors in engineering Im female and not the smartest,Hope_speech
Everyone is adoring how that one kid said god gave us choice and my choice is to love,Hope_speech
All life matter is simple Any person from any race can end up in jail,Hope_speech
All lives matter Including every race Whites are the minority on this planet Fact,Hope_speech
Paul my heart is not full hatred ibam not racist person am black my self the naacp is honestly not need anymore it aint the Jim crow era black were truly oppressed black peot are not the only racial or ethnic group that experience disadvantages all live matter want to figh for that basic human right that no human being should experience racism and discrimination or should be killed for who the we come together as humans and fight for all human being who suffered from these issues not juts black people,Hope_speech
god gave us choice my choice is to love wait im literally crying love him so much,Hope_speech
Tagerius was really impressed with your ability to communicate the horrific implications of conversion therapy and support of the LGBT community but completely shocked and disappointed that you are advocating that abortion is killing baby Why is it that you think LGBT individuals are worthy of bodily autonomy but women arent worthy of having autonomy over their bodies,Hope_speech
Hey Im bisexual too,Hope_speech
This is the best speech Ive ever heard So inspirational Im 14 and want to be an engineer dropped Drama for product design few months ago and it was the best decision ever made Its now my favourite subject But Im in class of about 2025 and theres only girls thats including me,Hope_speech
think all lives matter instead of saying black lives matter we should all come together and be saying all lives matter Skin colors shouldnt change our feelings for each other but my opinion on George Floyd is that he didnt deserve to die but do not think hes hero because he was criminal and cant forgive him for when he held gun up to pregnant ladys baby hump and said he would shoot her baby hump and the lady herself,Hope_speech
im lesbian am 19 right now and just got out of Conversion Therapy month ago it was pure abuse say its no fun they didnt hit me with bible but they have me in locked room with nothing in it like was insane and read the bible on loud speaker and not feed me dont see how this is allowed they throw holy water in my face and say came from the devil and here am out of Conversion Therapy still lesbian wish they new they didnt change me,Hope_speech
know that was so sweet of the boy to to say hope he knows is good person,Hope_speech
Im about to start my career in civil engineering in few months you can do it,Hope_speech
please dont give up its worth it,Hope_speech
this woman is pioneer and love her endlessly for all of her work towards helping the LGBTQIA community and certainly women,Hope_speech
80s baby here Madonna was made by the lgbtq community She was there for them,Hope_speech
The main cause of racism is the mentality of people,Hope_speech
kind gentle man has to endure torture because he just prefers his own gender Whatever sexual acts he does at least 90 of heterosexual women do for their partners also Why is it so terrible What is wrong with religious people to condemn something that is neither bad or unnatural The profess to be the religion of love yet are so hateful and intolerant,Hope_speech
Feminists want equality of outcome,Hope_speech
Well that sucks People with 12 decades of experience in this tough environment not being taken serious is pretty disrespectful,Hope_speech
Idk if Im wierd but never really played with dollsI just loved playing with cars,Hope_speech
Shes an icon and idol Very inspiring Thank you for the uplifting words,Hope_speech
All lives do matter and im black person,Hope_speech
Dumse God also said to love everyone for who they are,Hope_speech
are incorrect on all accounts Women are not overrepresented She even stated that only 11 of the engineering workforce are female How is that number overrepresented Only 20 graduate with the degree only 20 even go into the field Lets see,Hope_speech
Of course all lives matter,Hope_speech
Every parengts wiling to put their child into mental and physical abuse in one of those so called therapy camp should be charged for child abuse This is revolting and dont understand why in the Obama era they didnt do anything Now with Trump its gonna continue and worsen,Hope_speech
ELM Every Life Matters All else is lies,Hope_speech
In my country there is no big discrimination against women pursuing degree,Hope_speech
dont think homosexuality is something you can or cannot agree with Its like saying dont agree with oxygen Its just thing that exists in the world You cant deny it or get rid of it Its not good or bad,Hope_speech
want to be like you when grow up,Hope_speech
She represents humanity compassion,Hope_speech
For anyone coming out its always hard too come out,Hope_speech
cried while watching this video Clearly pain is being reflected in every word when the guy was talking about abuse There are so many evil people in this world hope no one ever goes through such pain at early age in their lifenThank you HiHo for creating this video Im learning lot also showed this video to my little sisters and now they have also subscribed to your channel,Hope_speech
dont understand why it is up to anyone else but yourself to make the decision to become an engineer or whatever The great thing about america or any other nation that is similar is that if you work hard you can accomplish pretty much anything you set your mind to Obviously you need to network and some luck but saying you need to get more diversity just to get more diversity is absurd dont care who the engineer that helps make my bridge,Hope_speech
Noice Im bi too,Hope_speech
Val where are you from Lots of countrys still make it legal,Hope_speech
ALL LIVES MATTER To say anything else is ridiculous To be equal is to be considered as whole There are unfair things that happen and people need to be held accountable But to divide ourselves is not helping anything,Hope_speech
Im so thankful that growing up had those construction toys to play with when was young Its amazing that youve inspired such young girls to become excited about building things and learning about engineering,Hope_speech
We are all of the same race the human race,Hope_speech
Your thinking is right and great,Hope_speech
feel will cry it happen to me everyday at the university but am so grateful to be there thanks for inspiring us,Hope_speech
Im lesbian and one thing that bothers me is when supporters of LGBTQ get all mad when some people dont agree with us and call that homophobic Being homophobic is way different then not agreeing with LGBTQ Like the majority of these kids arent necessarily supporters and dont necessarily agree with it,Hope_speech
Jack Parsons exactly,Hope_speech
the boy asking for tips on how to be good friend for his friend Im crying omg,Hope_speech
The girl saying she doesnt agree with homosexuality she was taught that way of thinking dont believe she really feels that way its just what she was taught to say and think She was very kind and respectful know shell change her mind on homosexuality whenif she ever feels comfortable enough with herself Good luck to her and the guy telling his story in the video sorry dont remember his name atm edit,Hope_speech
Im very lucky that all my friends and family respect that am bisexual,Hope_speech
dont agree with homosexuality Thats like saying dont agree with French Theres nothing to agree with agree or disagree with,Hope_speech
Alll on the movement lives matter are criminals,Hope_speech
noticed that too its not right All Lives Matter,Hope_speech
Great Slave traders and racists shouldnt be admired in this century,Hope_speech
Thats right all lives do matter period and if you think that its not then shame on you ALL LIFE MATTERS PERIOD ONE LOVE TO ALL HUMANS,Hope_speech
He is very courageous,Hope_speech
All lives do matter regardless of race Period there is good and bad people of all races We all need to come together and stop letting the media separate us this is ridiculous,Hope_speech
This was so inspiring,Hope_speech
All lives matter because we all need peace,Hope_speech
that would just be uh pure mean so cute,Hope_speech
am black too and completely agree we are all humans and every single life is important not one is more more important than the other otherwise that is just racist and making the issue worse not better,Hope_speech
littlephilly but who said lgbtq is sin believe in God 100 and think Hes really merciful so He wouldnt send us to hell just because we followed our hearts love is love,Hope_speech
Some girls just like short hair My god Lesbian stereotypes are horrible,Hope_speech
dont think theres anything wrong with personally disagreeing with homosexuality as long as you still respect the LGBTQ community and arent nasty to anyone because of their sexuality,Hope_speech
there is absolutely nothing wrong with lgbtq people and will fight you if you think otherwise lmao:orange heart:,Hope_speech
Im tired of hearing black lives matter Im not against black people but all lives matter This protesting and rioting is wrong And have my reasons to believe this is paid for by the Democrats,Hope_speech
All lives matter Not only black,Hope_speech
My choice is to love literally started to cry,Hope_speech
Its good that you got strict religious type to voice his opinion and he was polite about it Throwing abuse at people who think differently never works but with open discussion the more enlightened thinking often wins through,Hope_speech
Im inspired Im 1st year student in Mechanical Engineering,Hope_speech
Yes like theres no differences We are all humans,Hope_speech
Sasha Dumse god made us to be ourselves,Hope_speech
think it goes back to Women being afraid to step into male dominated atmosphere and they are afraid they wont make any friends It goes back to the idea that women and men cant just be friends,Hope_speech
The truth is All lives matter,Hope_speech
Therapy and surrounding yourself with loving and accepting people hopefully,Hope_speech
think ALL LIVES MATTER,Hope_speech
We need religion where everyone is accepted One where youre free to love and be happy One where you can be yourself,Hope_speech
It might be against my religion but choose to love and not hate,Hope_speech
My family is very religious and dont know how theyll take it if ever tell them that swing both ways Im happy for the kids who have such positive view on the LGBT community,Hope_speech
have friend who chose to be lesbian because of negative experiences she has had with men Now she is happily living with her girlfriend doesnt miss being with man at allnnI have heard for others it is not choice and think that thats okay dont understand the hate against LGBTQQIAAP,Hope_speech
if everyone is too be equal the make it so everyone is equal,Hope_speech
IAM girl studying software engineering,Hope_speech
think Canada has pretty good Muslim community for the most part At least if Islam reformed like Canadian Muslims it probably would be fine think But still think almost all religion is cancer,Hope_speech
Conversion therapy needs to be illegal,Hope_speech
Happy using the term black lives matter degrades everyone elses struggles All lives matter argues equality for all and to bring down all discrimination and racism,Hope_speech
Tony Gokk our world is over populated by lot You can still adopt child poor loving child who needs attention and longs home If this is religious thing,Hope_speech
Trump isnt antiSemitic,Hope_speech
As she says women have different perspective In field such as engineering where innovative ideas and thinking outside the norm is so rewarded there should be definite demand for girls to have an equal chance for an engineering career,Hope_speech
this is inspiring im mechanical engineering student and needed this so bad,Hope_speech
Every life matters,Hope_speech
Chalk hope you succeed Good luck to you and all the women out there,Hope_speech
Dumse and god made other humans to love each other,Hope_speech
Thank you So true The church has done SO many awful things in Gods name and been terrible reflection of Christ Praying the church can wake up and repent of its past and present sins dont blame people for wanting to stay far from Christianity It just breaks my heart since know the way many Christians act is so contrary to the way Jesus called us to live He loved sinners,Hope_speech
This is very inspiring am studying civil engineering,Hope_speech
crystal has restored my faith in humanity,Hope_speech
The Nobel Peace Price is awarded to persons who Save Many Lives think she deserves the award,Hope_speech
There is good and bad in all races and all professions All races face discrimination from people who are jerks There will always be those in the world that do not see the person for the special person that they are It isnt right just have to believe that those who promote hate through discrimination will answer for it when they stand before God,Hope_speech
EVERYONE and mean EVERYONE has to act different when they are at work It has nothing to do with race or sex,Hope_speech
think this is my new favourite Madonna interview thank you for holding my hand through some of the worst of it Bless you,Hope_speech
bless you wish you all the very best xxx,Hope_speech
All lives matter is good Saying black lives matter alone is racist,Hope_speech
Through all the years her music got me through some tough sht will always be grateful :orange heart:,Hope_speech
This is awesome Very inspiring,Hope_speech
All Lives Matter especially now,Hope_speech
know so many LGBTQ members myself am pansexual and genderfluid Those kids are so nice,Hope_speech
Literally am mix of black and white but dont see any difference on the colour only see it on the personality,Hope_speech
Shes living legend She changed the world Madonna are my life,Hope_speech
This was so empowering and thoughtful Its so incredibly inspiring how enthusiastic she was and how she was never willing to give up This really shows us how good things take time It takes rejections and hard work It takes staying up til in the morning Thats when you make difference hope whatever youre working hard for is success and dont give your hopes up no matter how challenging or difficult things get,Hope_speech
How is it going so far Im looking to go into engineering too,Hope_speech
THE FOOL im not very religious Plus listening to different point of view is nice dont want to live in an echo chamber,Hope_speech
Im Doctor and people say arent young for calling urself dr,Hope_speech
Her story makes Bold claim Thanks for the jewish perspective on engineering Building from skill set Lego builds infrastructures TECH programs protecting intellectual property Creating new path KICK STARTER right on GOLDIE BLOCKS Girls lets get it Write on girl engineers,Hope_speech
Im Christian and dont care if you are homosexual As long as you dont harm anybody you do whatever you want,Hope_speech
was inspired as women to believe in myself and be strong independent women was raised with no encouragement and to be powerless She rocks :call me hand: OMG nearly cried to her comment at the end never give up,Hope_speech
Jane Gerrard Thanks for the excellent comments think that explains the experience of many women working in variety of disciplines TBC,Hope_speech
So inspiring swear The same problem is faced in India toonGuys always look down upon girls,Hope_speech
am female engineernhttp,Hope_speech
Thank you so much for inspiring me Ive always been feeling like Ive made the wrong decision by choosing to do engineeringI always feel like cant do it Im just surviving just wanted to finish and get out And do something better with my life But now get Im back thank you so much Im 400l mechanical engineering student from the university of Lagos,Hope_speech
Yes that was genuine Bless her Never give up hope love you ladyx,Hope_speech
Its OK to be white Its OK to be black Its OK to be brown ALL LIVES MATTER,Hope_speech
All lives are what you make of them nWe are all born and we will all die,Hope_speech
couldnt imagine going through that Hes so strong Thankful for all of the people that stood up for equality Love all of you,Hope_speech
am Christian and God did not teach teach us to not love someone because of there sexuality he thought to love everyone and show kindness,Hope_speech
Girl and boys are equal engineers like that she did not give up Like when her classroom teacher humilates her and she starts to cry also think she had good idea about girl construction toy,Hope_speech
used to think All Lives Matterno days,Hope_speech
He is gift from God,Hope_speech
Dumse Clearly he also made the man and man to love each other and female and female to love each other,Hope_speech
Hello read some of the comments on this video and got inspired to share my story too love in England and am currently in my first year of college and Im studying engineering In my college there are four classes and ended up in class where there are 23 boys and Im the only girl It was really scary at first because am already very shy girl and struggle with talking to new people sometimes,Hope_speech
Wtf is conversion therapy If someone just born like this,Hope_speech
dont think Hillary is stupid think shes frighteningly smart think she and the Donald are attempting to troll conservatives out of existence,Hope_speech
All lives matter no matter what color Whats the problem with saying that all lives matter,Hope_speech
All lives matter isnt movement nAll lives matter is statement EVERY LIVE MATTERS Why is that so hard,Hope_speech
All of us matter All human life matters,Hope_speech
All lives matter is statement not movement were not asking for anything so why is bad,Hope_speech
Some of the black lives matter people are doing things correctly to protect their people but there are some that are destructive against innocent people and bad people tooWhen someone says black lives matter it is rude to say all lives matter because the purpose of this movement is black protection for their people and its rude to bring other lives to erase its main purposeIts like saying My cousin died help methen person two replying who cares mine died tooRespecting personal rights means world peace,Hope_speech
Funny Typical misogynist You say feminists are stupid for thinking theres discrimination against women in stem fields just because women make up such minority but then use the same statistics to make point how women being minority in some fields means theyre biologically inferior or not capable of doing something and you just assume men are better at everythingSo hilarious and sexist,Hope_speech
She is an inspiration,Hope_speech
She has never been afraid to say these are my friends and love themnThis was well before it was fashionable to embrace the gaysnShe and Elizabeth Taylor were throwing millions of dollars towards AIDS research in the beginning,Hope_speech
All lives matter dont care what color you are dont care what race you are ALL LIVE MATTER If you cannot see that and agree with that then YOU are the problem,Hope_speech
Then dont represent it as justification for sexism if you cant prove your claims have faced sexism as well but dont go around bitching about itnnSexism towards Mennn1 Only we have to sign for the draftnn2 Only Men can be charged for domestic violence even if the aggressor is womennn3 Men receive 70 longer sentence then women for the same crimenn4 Women get special fundings,Hope_speech
When was 12 figured out that was lesbian my mom said that Im not her daughter anymore and sent me to my auntie in Newzeeland,Hope_speech
What dont like about this interview is that she doesnt own being heterosexual who supports the LGBTQ community She is straight children and all But maybe she believes love is love Either way lots of straight people liked her music as well wish all people the best All lives matter,Hope_speech
Born to be star an icon She has done so much for the LGBTQ community Im so horrified by the hate she gets because of her age,Hope_speech
Lyfe ofc all lives matter equally We all bleed the same But people only started saying white lives matter and all lives matter to take attention away from the BLM movement BLM is about equality for all lives,Hope_speech
god gave us choice and my choice is to love,Hope_speech
from djibouti that was great but you had courage to achieve your aim,Hope_speech
understand that but wasnt suggesting All lives matter should be the response and thats it what am suggesting is booing all lives matter is racist and we need to recognise that or though BLM is great thing we have to be careful not yo cause more racism and division as whatever the corr message is people take things and run with it using good things to hurt good people,Hope_speech
Okay so am majoring in engineering and this video hit me so so hard Im literally on study break after hours of studying mechanics of materials,Hope_speech
No they are not All lives matter,Hope_speech
why is everyone so annoyed at these CHILDREN like cmon they are probably not very educated in this and yall screech if they even think about the word choice,Hope_speech
God gave us choice My choice is to love Omgosh,Hope_speech
Its not something you can disagree with LGBTQ people exist Thats like saying you disagree with being Asian,Hope_speech
No one says it to be racist they say it because its true its not the color its the character,Hope_speech
All lives obviously,Hope_speech
Theres always way out and Madonna is just changing the world for the better,Hope_speech
Saying all lives matter takes away from the movement All lives are supposed to matter,Hope_speech
She is not and never has been afraid to speak out against homophobia because her herself us bisexual,Hope_speech
Can you give me some tips to be good friend to my friend Hold on Im crying thats so sweet,Hope_speech
This was so inspiring,Hope_speech
All loves matter Not color added all lives,Hope_speech
females dont do engineering as much cause they start to lack the social support when the study gets too hard or when the job demands are high and no one is there for them emotionally so they drop out,Hope_speech
Lives matter If you nominate only one race before that statement you are the racist,Hope_speech
ALL LIVES MATTERS AND OF COURSE,Hope_speech
completely understand you This Mexican girl will keep working towards her goals though,Hope_speech
Imagine if after Martin Luther King jrs have dream speech white peoples went around shouting all colors have dream too nnLike seriously :person facepalming: do you guys have to make everything about you nnnBlack peoples are trying to fight for justice by saying they matter nnAnd you white people have to come out of nowhere screaming all lives matter :person facepalming: seriouslynnThis fight for their justice has nothing to do with you people and yet you sorry asses want to jump in every black protest and make it about yallnnthats just playing white privileged right there,Hope_speech
No one like her Thank you MADONNA You inspire me in world that is becoming so crazy Never give up hope NEVER,Hope_speech
Amazing speech Really motivating,Hope_speech
My dad ALWAYS included me on all his manly things growing up He is my biggest supporter in pursuing my mechanical engineering degree started working in the industrial manufacturing industry and fell in love,Hope_speech
Its not choice to feel attracted to someone,Hope_speech
Abda Youre right though People shouldnt assume her sexuality,Hope_speech
love Madonna shes trailblazer and trendsetter thx Madonna for being unapologetically yourself and spreading love and empowering messages your so inspirational love my beautiful queen Madonna,Hope_speech
Thats Madonna how love to hear real fighter,Hope_speech
in Gods eyes all lifes matter,Hope_speech
when was young always took my brothers legos and cars and built things hated barbie dolls never have felt like the other girls am really considering engineering always threw the dolls and such away think im finally realizing this field exists Thanks to women like you,Hope_speech
All Lives Matter Im not racist dont support riots and lawlessness Protest peacefully for change and let the justice system take its course Dont be sheep,Hope_speech
MaderanI dont know the purpose of bringing up an issue thats over 10 years old and even its own citizens paid it no respect US tries to control the internet,Hope_speech
Laurencya am sorry but these tortures doesnt work for anyone,Hope_speech
We are all humans with likes and dislikes diffrent looks with all the same rights,Hope_speech
Its not about black lives Its all about the tactics of intimidation by the police that sometimes escalates situation and will lead to excessive force and generally due to the lack of cooperation by the suspect When ones freedom is at stake ones instincts will lead to defending that Liberty and often times this is precipitated by the police officer allowing his emotions to get the best of him It doesnt matter what race you are what matters is,Hope_speech
School is no longer about knowledgenEnglish class might not be so much about knowledge as it is about skill,Hope_speech
All lives matter Stop the hate people Hate breeds Hate Marching around shouting is all fine and dandy when its peaceful and such but there are too many folks that are racist as shit going along with the black lives matter marches We need to be kind,Hope_speech
Jules is such an amazing person,Hope_speech
Seriously people Dont be so god damned quick to believe EVERYTHING that you read ESPECIALLY when were talking about articles that are being google translated and quite often deliberately missquoted andor misinterpreted,Hope_speech
Sorry dont agree with what you are know that isnt exactly what they said but yeah look know theyre kid but hopefully theyll grow out of that mindset its just illogical,Hope_speech
If you strip your skin covering you all look the sameAll lives matter,Hope_speech
Ik thought she would get emotional because they would be able to relate but then again sometimes it takes long time to come to terms with the weird feelings you feel so she may be repressing them theres lot of discomfort on her face throughout the video and honestly think she fears someone is going to drag her out of the closet Growing up dealt with that same kind of fear not because my family wouldnt accept me because knew they would but was scared wouldnt accept me idek if that made sense but overall she could just be fighting this internal battle that her true self hasnt fully won yet,Hope_speech
Omg he came out to himself when he was 13 same as me omg awesome,Hope_speech
This is surprisingly inspiring,Hope_speech
That is what black lives matter protesters are trying to say All lives matter,Hope_speech
love you Madonna needed you so much in this life You are someone to admire Thank you so much for everything,Hope_speech
cant believe some people dont accept people because of who they like Religion or not The God know loves everyone,Hope_speech
Some of these little kids are so bright its crazy also love how kind and open Marcus was He had wonderful message about being yourself in general no matter who you are and love that,Hope_speech
Asiya you cant disagree with sexuality lmao its like saying you disagree with people being black,Hope_speech
The protesters rioters seem to favor the herd immunity strategy regarding the pandemic No social distancing,Hope_speech
All Lives Matter Period,Hope_speech
Im Christian and dont judge anyone on anything My opinion doesnt matter Gods opinion is the one that matters at the end of the day love people for being people no matter what Just bc ur christian,Hope_speech
Most female engineers work with are not native USA Austrian,Hope_speech
like that it was in toronto live in canada the most racist province you can find yourself in is Alberta because its essentially the texas of canada Toronto and British Columbia are the most diverse and inclusive places to be while wont say racism doesnt exist here,Hope_speech
DEFENDING the right of the LGBTQ community to live however they like and being accepted for who they are AND in the same time ATTACKING someone because they have different opinionbelief maybe similar to what those horrible people are justifying their actions with as long as they are not personally hurting anyone is highly HYPOCRITICALnIf you dont have anything good to say respectfully,Hope_speech
that kid asking for advice for being good friend gave me hope that was so cute,Hope_speech
all lives matter Regardless of your skin colour By saying blm youre dividing us Which is literally taking 10 steps backwards How do not see this,Hope_speech
How can you say you dont agree with homosexuality Its makes as much sense as saying dont agree with gravity,Hope_speech
ALL LIVES MATTER get what they went through but thats in the past you cant bring that up in defense,Hope_speech
It is shame that we men played and continue to play such mean game dealing with woman other than your mother,Hope_speech
wish that people werent so heartless She truly is an advocate for bettering the lives of others just wish that the so many lives were never taken away,Hope_speech
just want to hug her here She made me cry like this Madonna Very inspirational and strong woman,Hope_speech
my parents threatened to throw me into conversion therapy for being trans but were too ashamed to thankfullynIm in Canada btwdespite all our LGBT rights,Hope_speech
In Gods eyes we all matter,Hope_speech
Can we please talk about the serious topic at hand instead of assuming what childs sexuality is,Hope_speech
always wanted to be in stem so is my brother,Hope_speech
My grandma was in the military My aunt is doctor My mom is University professor My older sister is an architect want to be video game developer Im so proud to be in family of intellectual and accomplished black women,Hope_speech
Born to be star an icon She has done so much for the LGBTQ community Im so horrified by the hate she gets because of her age,Hope_speech
This made me cry it is beautiful,Hope_speech
Saying Black Lives Matter doesnt mean Screw everyone else who isnt black Why dont White Americans get thatnThe fact that group of people have to stand in protest and practically scream Hey We deserve the right to life because of the recent publicly exposed police brutality should be the concern here Saying All lives matter is unnecessary and is doing an injustice to Black Americans If all lives truly mattered then Black Lives Matter wouldnt be movement so necessary today,Hope_speech
Taylor that is the most insane comment ever go and search Shankuntala Devi,Hope_speech
Thank you so much sis feel better now,Hope_speech
We dont want race war,Hope_speech
We all know black lives matter too This isnt revelation to America,Hope_speech
My mom came out at the age of 39 years after she had me lmao,Hope_speech
My sister is lesbian nIts not that easy for everyone nMaybe im just stuck up and still think she is to young to decide who she is she is 18nIt was still hard thing for me to hear,Hope_speech
ExtraBitch Im Christian and dont like conversion therapy,Hope_speech
wouldnt say Im AGAINST homophobia and people who are homosexual also part of the LGBTQ community as AGAINST is too much of strong word dont agree with it,Hope_speech
TheLegend27 Is Alive also you can be christian and lesbian,Hope_speech
Never even occurred to me that it was boys thing Seriously had no idea might be studying chemical engineering next year and Im very excited Every person that have told just wishes me luck or congratulated me and is not weirded out by it This is the first time that Im hearing that its more of boys thing,Hope_speech
God gave us choice and my choice is to love WOW this kid gets it,Hope_speech
such an inspiration,Hope_speech
The best woman that supported LGBTTTQ forever shes deserve her award for looong Time she was recognized to fight for the human being,Hope_speech
All lifes matter,Hope_speech
Both Madonna and Elizabeth Taylor never turned their backs on the gaysnThey were both very involved with support for research from the very beginning of the AIDS crisis,Hope_speech
God gave us choice and my choice is to love,Hope_speech
Thats why love her she made me feel that being different is okay her music change people lifes,Hope_speech
hope that the money that goes to this video will be donated in some way to the families and people that need it right right,Hope_speech
owen eiffel Jesus said to love everyone no matter what,Hope_speech
came out as bisexual and she is one of the main reasons why turned bi have the biggest girl crush on her and still do Go Madonna,Hope_speech
Yall lives matter There,Hope_speech
LOVE LOVE LOVE THIS nSo inspiring need this toy,Hope_speech
920 To never give hope to never give up She said it with conviction,Hope_speech
dont understand people say dont agree its like dont agree that cats purr or dont agree that the sky is blue its weird,Hope_speech
Racism is dying,Hope_speech
Saying All Lives Matter means all people in this whole world matter and thats because God made all of them Nothing to do with skin color,Hope_speech
God gave us choice and my choice is to love That was so sweet,Hope_speech
Now stop this protesting because we are all equal My best friend is black and even she says all of this is blown out of proportion Yesterday in the UK seen black police officers dragging white man across the pavement You dont see me recording it shouting at them saying there racist There doing there job,Hope_speech
find it funny at the amount of attention the lack of female engineers gets while ignoring that females are outperforming males in every aspect of school BESIDES engineering Females have such options to their career fields but men have not had the same options opening up for them outside of traditional job roles,Hope_speech
Theyre scared of the truth That confident woman is very powerful and can acomplish anything she wants just like guy By the way Im guy,Hope_speech
Just be yourself man,Hope_speech
ALL LIVES MATTER God created us all and loves us all,Hope_speech
thought this was going to be another need feminism because speeches What pleasant surprise to wind up being moved and uplifted by her talknInstead of griping about all the problems,Hope_speech
Your right about the toys If we were given these toys we would have better spatial skills and love science and engineering,Hope_speech
feel like its generational thing Because am also not seeing an obstacle TooHard to overcome Stereotypes are for television It turns out you dont need to be some outcast But also believe its also because of women and influencers such as the speaker that make this possible,Hope_speech
love the child who said god gave us choice and my choice is to love want to meet him,Hope_speech
Alllllll lives matter we all came from jesus Christ,Hope_speech
stop forcing people to forcefully study engineeringnengineering is made for humans nif girls want to study engineering she willnif she wants to study something other than engineering she willnIts totally her choicennnnnA person should only study something in which heshe is interested in and thus can excel in that field only,Hope_speech
People need to stop telling Annie to come outnLet her live her life as human being whether she is part of the LGBTQ community or not,Hope_speech
ALL LIVES MATTER AGREE NOT JUST CERTAIN LIVES OR RACES JUST BUNCH OF CRY BABIES GET OVER IT,Hope_speech
Im female engineering student right now Im so glad this is in my recommendation,Hope_speech
Tyrone Marcus you are so stupid you know that the section that says that man should not lie with man was translated wrong and meant to say not lie with boy referring to pedophilia and God loves everyone you cant say he hates gays because he doesnt hate anyone it called love the sinner hate the sin you dumbass you are hypocrite,Hope_speech
It really sucks at least in america you have freedom of speech for now cant believe in 2020 we are still having skin colour prejudice and issues as result it is pathetic if in millennia we cant get past something so simple as to understand that diversity is benefit to our survival as species we are doomed,Hope_speech
Emilee Henderson exactly she wasnt being rude in anyway she was just giving her opinion like theres no need to harass anyone,Hope_speech
Exactly ALL lives matter,Hope_speech
Brave compassionate man and role model right here Much respect,Hope_speech
All lives matter why is Black live matter Why is White live matter Why is Yellow live matter All lives matter But do what you think its right Never ever mistaken between Criminals and Heroes,Hope_speech
teared up watching this think Debbies story is just so incredibly inspirational She is an incredible role model not only to the little girls she reaches through GoldieBlox,Hope_speech
Ovi But they certainly have more female engineers than you do,Hope_speech
When was little girl didnt like barbies but my parents kept bringing them but kept playing with my cousins legos and my teacher used to gave me legos when get full mark,Hope_speech
some people differnt and thats ok and love is love and my church has pastor and allmost every body is part of LGBTQ and think and am bisexul and thats ok sooo what am saying is that love is love and deal with it and god would not make us if he knew we where going to change btw am olny 10 so this is very hard to wright so thx,Hope_speech
This is so inspiring MD PhD in engineering is my end goal have too many ideas and realized need engineering training to do the research My brother is petroleum engineer Im at community college starting my journey to wherever school end up My credits in Psychology have 119 but too old to transfer but working in psychiatric field and mental health has given me the vision have now,Hope_speech
will always be thankful for Madonna Shes reason Im not afraid to be me even have portrait of her,Hope_speech
Dont listen to the people who are trying to bring you down If gaming scientist doesnt exist,Hope_speech
For people who were judging Annie and read that she has come out now but Im not sure if thats true was the same way when was younger because grew up in religious family But was really really confused and hated myself because couldnt understand why God would hate me if like girls Which for me made me try to prove even more that didnt like girls at all finally left the religion two years ago and came out as bisexual Its really scary if your family is homophobic and tell you that you are damned forever for that,Hope_speech
dont believe in lying about yourself to make other people happy,Hope_speech
Hates not gonna get you anywhere in the world PREACH,Hope_speech
Where does this impression come from that LEGO is boys toy It is completely gender neutral,Hope_speech
Im studying to be civil engineerhope succeed,Hope_speech
Walker saying you dont agree with the LGBT community is like saying you dont agree with black people we dont have choice to choose our sexuality or skin colour,Hope_speech
thanks for encouraging me to fight with dignity once again appreciation to the tips and real life facts Respect,Hope_speech
Will nutsnThere good people and bad people All life matter,Hope_speech
say all lives matter dont care who likes it and who dont point blank ALL LIVES MATTER,Hope_speech
Revolutions eat themselves,Hope_speech
What about people who actually like engineering And want to make world better place,Hope_speech
Im so glad that my brother wasnt sent to therapy ahem torture for being trans,Hope_speech
anime preductions im also trans guy and know how hard it can be to tell someone Its amazing that you already have told some friends,Hope_speech
The STEM field is very diversethe problem is the vast number of Indian and Asian women and men in STEM strangely dont seem to count Notice,Hope_speech
Shes always done what is daring or pushing boundaries Any negative publicity shes every gotten has only increased her celebrity Evidence,Hope_speech
MADONNA THE CHANGE AGENT,Hope_speech
IT You need to stop They can choose how they want to live,Hope_speech
have nothing against gay people,Hope_speech
Take your time Youll be able to do that and be yourself You can do it,Hope_speech
cried Im glad my parents are reasonable with my sexuality,Hope_speech
All lives matter all people matter all point of views matter all religions matter,Hope_speech
honestly think people can love who they want to love,Hope_speech
Jens Im not offended by black lives matter The first comment in this topic was about how the slogan was racist went on to say that dont think its racist but had my concerns how it could be causing divide and doing more harm than good nA good number of the comments on here say its racist so clearly some people have an issue with it,Hope_speech
Shes also got every right to her own opinion She is child And she may not even be sure of what shes saying Leave her alone,Hope_speech
Toys should be made to build more skills like this,Hope_speech
Keep working hard in what you want to do You know you want to work with games Look into it Read books,Hope_speech
my choice is to love :pleading face:,Hope_speech
loved how the boy asked how he can support his friend on sexuality so he can be there for him like that is so darn sweet,Hope_speech
loved the kids reactions and comments hope this next generation is more tolerant,Hope_speech
ALL LIVES MATTERnHey,Hope_speech
FINALLY something positive,Hope_speech
This conversiontherapy is pure nonsense and is the most ridiculous and damaging trash have ever heard of in the 21st century It is all too often religiouslyfueled poison and can never work One can simply never turn homosexual into heterosexual any more than one can attempt to turn heterosexual into homosexual Did anyone ever attempt that It is as if the ignorance,Hope_speech
came across this vid and saw her amazing speech Im in my third year doing my degree in ME and faced the same struggle Thanks for the speech Its inspiring Thanks Debbie,Hope_speech
Kodomo All lives Matter literally means All lives including Black lives matter No wonder why people dont support BLM anymore,Hope_speech
01 neither did you obviously it says not to lay with another man as you would with woman and it states that it is an abomination never says to hate anyone in the bible it literally states the opposite,Hope_speech
People really start to suck as they grow up The younger kids were so sweet and accepting as opposed to the older girl whos clearly in denial mode About herself,Hope_speech
All lives do matter Stop playing your games,Hope_speech
Keep persevering Anyone can become great engineer,Hope_speech
Jesse Pollack Im not against lgbt,Hope_speech
really like that theyre introducing kids to these subjects Its incredibly important escpecially in this day and age,Hope_speech
God loves all lives conceived and born,Hope_speech
The video says kids meetbut it always feels like Im meeting new and unique person,Hope_speech
Just ignore racism Dude please educate yourself,Hope_speech
Homosexuality is not choice just like your race,Hope_speech
dont understand when people say they dont agree with homosexuality,Hope_speech
got chills throughout the video Im so happy to be able to come into the field with women and as an inspiring aerospace engineer,Hope_speech
No one is better than anyone else we are equal,Hope_speech
This person inspired me to be an engineer This makes me really happy really needed this,Hope_speech
Lonelymilanj are you for realshe did her work when no one else did,Hope_speech
am teenage girl watching this years after this video was published and found it really inspiring,Hope_speech
Discrimination in hiring is illegal under Federal law,Hope_speech
Sasha Dumse God made us to be kind to eachother,Hope_speech
She is pretty and smart wow,Hope_speech
All Lives Matter,Hope_speech
Sunshine littlephilly ok so you have an opinion but oh my god this was comment that cant leave alone as member of LGBT feel like this is very nOffensive we should not need to change who we are to make others happy and we will not change our sexuality or identity for anything thank you Im just sayin,Hope_speech
Gods Word Matters until people get serious about God work live according to His Word,Hope_speech
Ill be graduating with degree in CS engineering next December was always the social,Hope_speech
Madonna in her songs and her voice have always been there as way to comfort me,Hope_speech
Melanie Schneiderman nWe are all call to love everyone and see their beauty :orange heart:,Hope_speech
love Madonna came out and told that Ive always liked Women sumhow always wanted to be Man,Hope_speech
lost most all except one of my friends after coming out as bisexual Im lucky my family is so accepting My sister is bisexual as well The only hard part is my grandparents on my fathers side We meet up every year for few days My older cousins bring their girlfriends and every year at the end of the visit my grandparents say to me Someday you will bring your boyfriend to be with us We cant wait to meet him when you get one Its so awful,Hope_speech
god gave us choice my choice is to lovenwhat an amazing kid,Hope_speech
This is so inspirational to female engineers like myself Almost cried out of happiness Thank you for this,Hope_speech
im glad they got male perspective to balance the discussion dafuq you know how much easier it is to get job as woman they want to hire 50 women when theyre 20 of grads how is that equal for generation thats been taught woman can do anything as good as men it should be about ability not genitals totally agree on that point,Hope_speech
All lives matter not stop being racist in this country,Hope_speech
All lives should matter Not just only back lives that matter us,Hope_speech
All life MATTER White,Hope_speech
This speech was really inspiring Thank you so much,Hope_speech
If all lives dont matter Soon No lives will matter Stop the hate Show some love,Hope_speech
Can be honest Idga single what others think about me and am just learning that there arent many women in the engineering field It doesnt really trouble me one bit My goal is to study it,Hope_speech
BOTH Black lives do matter,Hope_speech
Im so glad have accepting parents My dad who was raised very very religiously actually accepted me first He had to tell my mother that it wasnt phase and it wasnt just because had bad boyfriend But now they both love me and my dad has cut his losses with religion before came out but he was especially glad he did after came out Sadly,Hope_speech
We all cannot dismiss the influence she has had in the progress for change in LGBTQ rights,Hope_speech
If had to pick which is more feminist would say the exposing American Feminism is more accurate than the modest Muslim Feminism think society is better overall when women are more revealing than mean or at least have full liberty to show as much or as few as they want am not for public nudity but even as Christian know lust can happen in all levels of clothing so might as well let woman show what they got,Hope_speech
She fight and defend,Hope_speech
Totally agree All Lives matter,Hope_speech
was really about to give up on entering STEM and just go to art school But this helped me,Hope_speech
God gave us choice and my choice is to love im crying,Hope_speech
Hates not going to get you anywhere in the world God gave us choice My choice is to love cried,Hope_speech
We were all created equal USA is the land of the free home of the Brave,Hope_speech
think sexuality is choicennGirl if could choose to be straight would but,Hope_speech
All lives matter and at the same time criminals should be dealt with as per the law,Hope_speech
Im female first year engineering student in South Africa and struggled great deal with engineering drawings in my first semester Debbies talk was just so relatable to me and extremely inspiring,Hope_speech
She saved and changed my life Love my Queen,Hope_speech
All lives matter EVERY LIFE we are all here to live together with respect to each other PERIOD,Hope_speech
All lifes matter,Hope_speech
musnt force someone to change just let them no the consequences that their choice will bring and leave it at that,Hope_speech
My parents gave my brother all the next latest and greatest electronics that were coming out during early 2000s and they use to give me all the pretty dolls and role play toys typical for girls nThey thought he was going to be programmer cuz he played lot of computer games but he decided to major in art and majored in computer science lol didnt even know liked programming until took an intro cs course during my senior year of high school nI always knew had kind of an engineering mentality growing up because liked taking scraps from the recycling bin and building random things from it even made houses for my dolls and ignored the store bought doll house my parents gave to me for my birthdaynThis really inspires and reassures me that Im making the right choices for my path might even consider after complete my computer science degree to go pursue engineering as well,Hope_speech
just want to make this clear all lives matters but black people arent treated equally,Hope_speech
im really amazed by his perseverance probably would have broken down and pretended to be straight just to get out of it,Hope_speech
Even the most remote part of our places here when they see Madonna picture or hear her song you can see inspiration and it radiates from her,Hope_speech
pants nI could say the same thing to you Ive made many new points including how affirmative actions could hurt minorities as well,Hope_speech
In general Im inclined to believe people when they say they are being mistreated Especially when these signals are coming constantlynIm not in their shoes and cant pass judgement on what they should,Hope_speech
She represents humanity compassion,Hope_speech
My choice is to love perfect answer because God is Love so thats why the gospel needs to be spread through testimonies and exposing the false churches that the devil comes in the name of Thessalonians,Hope_speech
My choice is to lovennMe crying and sobbing because of how awesome that kid is,Hope_speech
statue does not takeaway from him being books and scriptures,Hope_speech
Treat People With Kindness Treat people like you want to be treated,Hope_speech
All lives matter Period end of sentence,Hope_speech
The only thing that puts doubt in girls minds are videos like this to whom ever is making stuff life this nnGet bent And hope to the atheist God that my daughter grows up and understands that all this is just bullshit and that her fate is in her own hands,Hope_speech
Boa In US women are given preference over men by,Hope_speech
Tagerius It is illegal now and Im very happy think people should be themselves,Hope_speech
Im 68 yo white male and say All Lives Matter,Hope_speech
Omg conversion therapy should be illegal,Hope_speech
Ill never understand when someone says they dont agree with homosexuality It literally has NOTHING to do with you Theres nothing to agree with It just is what it is and always has been,Hope_speech
Heh yeah coming out is really scarynWhenever feel confident enough to try and come out,Hope_speech
was that girl who would rather play with the legos and Lincoln logs Thank you for the inspiring speech,Hope_speech
Taylor What school did you go to that actually did that Every school Ive ever been to gives girls and guy equal chances,Hope_speech
All lives matters God created Man Woman,Hope_speech
dont agree with homosexuality boy someone ought to teach you some manners Nah but seriously people need to realize that this is not choice have classmate who is bisexual its girl and she absolutely loves girls but she cant be in an open relationship because her parents would despise her if they ever found out Being against someone who is LGBT is basically being against peoples existence and everyone has the right to live their lives as they see fit Of course just because you are certain way right at this moment doesnt mean you are destined to be that way forever,Hope_speech
year later and hope you are fulfilling your dream 3nI reported comment and truly hope you had not seen the remark,Hope_speech
ALL LIVES MATTERS WETHER YOU ARE BLACK WHITE BROWN BLUE YELLOW ALL HUMANS LIVES MATTER IN THE SIGHT OF GOD CHRIST SHALOM,Hope_speech
homosexuality isnt something you can disagree with Just like having red hair The sentence dont agree with red hairness doesnt make sense Same for dont agree with homosexuality,Hope_speech
ALL LIVES MATTER NOT JUST BLACK LIVES EVERYONE IS GODS CHILDREN NO ONE IS ABOVE ANOTHER WHAT WE HAVE SEEN CURRENTLY IS EXTREME MAOIST ATTITUDES DEMOCRATS ONLY PANDER TO THESE ANTIFA AND BLM EXTREMIST GROUPS CCFP coalition of the conservative free people,Hope_speech
Awesome Not only that youve created engineered,Hope_speech
will always be amazed for this beautiful soulThank you for be there for us,Hope_speech
Roog That just goes to show that women are more interested in factors other than financial remuneration in their careersnnHeres the thing,Hope_speech
Never give up never think you are less because of choice you make you are you and that will always be the same,Hope_speech
Its most definitely racist all life matters no matter what all men were created equal and that means they all have life and if they lose that life including black white pink orange whatever it is gone forever,Hope_speech
dont agree with it but have friends that lgbt and respect them and love them even if dont agree god will always love them,Hope_speech
You are right all lives matter and Im black,Hope_speech
Good Keep that mentality and dont be victim,Hope_speech
In india women engineer is very common like 35 nFunny thing is in my class Computer Engineering teachers use to give more marks to girls and top students are girls But during placement phase only guys could make into top companies,Hope_speech
Im teenage girl and want to become an engineer Never have thought its boys thing,Hope_speech
all lives matter in Gods eyes,Hope_speech
am 17 guy and from Edinburgh am studying engineering drawing there is of us studying year uni level guys girl we are the first at that level in our school for 10 years next year there will be another people doing this level guys girls,Hope_speech
love Madonna shes trailblazer and trendsetter thx Madonna for being unapologetically yourself and spreading love and empowering messages your so inspirational love my beautiful queen Madonna,Hope_speech
God gave us choice My choice is to love That is literally the sweetest thing Ive ever heard,Hope_speech
Dont give your imaginary friend in the sky credit for her hard work She is working to change the world,Hope_speech
DailyUpdate no but still social distancing and wearing mask should be practiced while protesting Thats all am asking know time is the essence and now is the time to stand up and protest to try and change racism But pls everyone stay safe,Hope_speech
Im bisexual and still in the closet dont know how long will be staying in there for,Hope_speech
Sheila Makena when not agreeing with someone leads to crimes against the lgbtq people such as conversion therapy It is in fact being homophobic,Hope_speech
know that homosexuality exists,Hope_speech
Sunshine littlephilly Obviously you do my understand sexuality It is not choice and you cannot just change it But do appreciate that you would still treat them as human and be kind to them,Hope_speech
girl nd is Computer Engineering student nd love fact dat my parents always wanted me to an engineer played wid those blocks as young nd yes India may developing country bt glad my parents didnt only picture guys as an engineer,Hope_speech
God gave us choice My choice is to love That was amazing,Hope_speech
Jemel Shahid if its obvious that all lives matter,Hope_speech
spent years in highschool with majors science,Hope_speech
Not all Christians think this way dont think its disgusting how they treated him,Hope_speech
All lives do matter we are all human beings after all,Hope_speech
If you say All lives matter,Hope_speech
accept that you want to be equal,Hope_speech
am religious but its not meant to hate everybody because hates not going to get you anywhere in the world God gave us choice and my choice is to lovennAweeeeeew wow :sneezing face:,Hope_speech
am cryingso much love to Marcus and everyone LGBTQ,Hope_speech
Absolutely nothing wrong at all Its probably given you greater ability to empathize with your colleagues,Hope_speech
As Christian absolutely cannot stand conversion therapy God teaches us to love everyone,Hope_speech
Women have equal opportunity to succeed at STEM related fields in fact with graduation rate much higher than men,Hope_speech
wanna be an engineer but suck at math But like chemistry and physics,Hope_speech
This is true dont mind so much people being surprised that Im in STEM mind how some men in STEM have treated me because Im female,Hope_speech
yall need to shut up ab annie every girl with short hair isnt lesbian jesus christ,Hope_speech
im catholic lesbian,Hope_speech
RACISTS CANNOT WIN,Hope_speech
Im glad to hear that youre figuring out who you are and that you have someone to talk to strongly recommend that you talk KantaDiya about how youre feeling,Hope_speech
blisscl totally understand just think the slogan sounds racist,Hope_speech
Im stunned by the number of sexist comments by males here Whats more interesting to me is why so many males are insecure about the fact that women are entering the field of engineering This isnt war what are you so afraid of That your masculinityintelligence is under attack Well,Hope_speech
Im here to break all kinds of stereotypes Im freshman engineer major JESUS IS GOOD,Hope_speech
What about the rest of the world all lives matter we are all human Or do you you all just want attention,Hope_speech
littlephilly have question Im not lesbian but have so many friends who are apart of LGBTQ community and support and honestly would do anything for them,Hope_speech
This was amazing,Hope_speech
you really couldnt have been more racist with that comment Im African American and support the all lives matter statement You sit there and say white people make it about them Uhhh no its not just white people its every other non black race and theyre not trying to bash this protest But why cant it just be about police brutality and racism in general Black people and white people get hated on all the time and that goes the same for Asians and Hispanics The all lives matter thing is saying police brutality needs to end and so does racism And do you really think black people arent racist against white people just saw video of group of black people beating the sht out of white people and setting their cars on fire Like what kinda response is that It seems like you think only black people know struggle racially or otherwise and thats just not true,Hope_speech
want to be biomedical engineer This video has helped me so much Im only 14 but its been my dream for about year now hope one day will be as successful and brave as this woman,Hope_speech
dont think Trump was trying to be anti semetic,Hope_speech
if youre passionate about it give Ted talk yourself No need to put other people down to bring something that you think is important to light Minorities in any field should be taken seriously,Hope_speech
Im teenage girl who wants to become an engineer was talking to friend recently about why he decided that engineering wasnt for him,Hope_speech
We are missing the best female talent There may be females that are truly interested but not encouraged as in told about engineering not forced or bullied out of it there have been studies that show capable females leave STEM because they are bullied by peers or faculty do not force anyone into field they are not interested in have cousin that would be capable but not interested tell her to do what she likes But there are females that would like it we need to find them diverse workforce makes it better workforce Crash tests were only conducted using males dummies until females engineers got involved and saw there needed to be tests on females as well Females and males do approach problems in different ways,Hope_speech
Agreed grew up in conservative household and saw homosexuality as being bad until was 18 Now Im 24,Hope_speech
am male who choose to change from being an engineer to being early childhood teacher when turned 50 Everyday tell all the children care for that they are engineers,Hope_speech
Bisexual Unicorn here and absolutely love this video These kids were so darling feel bad for this poor man though Why cant people stop pushing their beliefs on others Religious people want to say that we as LGBTQ individuals are doing that to them but were just being who we truly are If anything,Hope_speech
Brown meant to say dont care who Boos me because know at the end of day Im right its also pretty hypocritical people sit there and complain about racism but they turn around at the exact same way our lives only matter blah blah blah all lives the way see it racism is black and white either you think that you are better than that person because you are that color you are racist or you think theres no difference between that person whether theyre that color or not and you are not racist so what do you think about that the only way for racism the stop is when all lives matter but you know what think people are too proud to admit it so therefore racism will never ever ever end because people actually boo the people that make sense because it doesnt go with their beliefs you either believe that their lives matter and yours doesnt or youre racist but in reality theyre actually the ones being racist,Hope_speech
All lives matter shout it from the roof top My family died for all people,Hope_speech
Both me Im girl and my sister are currently Chemical engineers Im about to graduate and shes doing her senior year Growing up love playing with lego and making my own portable fans with simple circuits She loves barbies and stuff animals She is doing great in UCLA Doesnt seem like the toys we play matters that much,Hope_speech
Because the most common thing Ive used to describe it is if your house is on fire but mine is fine why should you have fireman come help you because all houses matter saying all lives matter takes away from the problem,Hope_speech
hope this changes,Hope_speech
Thank you Madonna youre by years an inspiration and an openminder knight,Hope_speech
Its very special to understand the real meaning of life This flower is for madonna,Hope_speech
growing up extremely low income and as woman of color engineering resources were not handed to me there were no toys this warmed my heart to know that girls my nieces age have toys like this regardless of that Im honored to say Ive been accepted to some incredible universities as bioengineering major so screw anyone who tells young women especially minoritiy disadvantaged that we cant do it because we can,Hope_speech
She doesnt sound like victim to me She sounds like an engineer tried this It didnt work so tried that figured out this Then tried that It worked,Hope_speech
Its fact but its not the case at this time We dont have oppression at such large scale by all races There are problems in the black community that needs to be fixed at this very moment Of course all lives matter but saying all lives matter against black lives matter is like math You have problem you need to solve so you solve one problem at the time,Hope_speech
Why is it black vs white and not vs the people who control the institutions all whites aint the enemy To be honest looking at the climate just for saying all lives matter or WLM you get fired and dragged,Hope_speech
Do you think that God is going to think that black lives matter If you have it right with him all lives will matter,Hope_speech
Again all lives matter,Hope_speech
THIS WAS VERY INSPIRATIONAL TO ME,Hope_speech
The people in the young boys life are doing such great job You can see hes already becoming his own person and being really positive force,Hope_speech
All Lives Matter,Hope_speech
This was such heartfelt Ted talk really hit home for me as an industrial engineer in my senior year Especially personally this week because have dealt my whole college life with doubters and disbelievers in my intelligence and diligence to realize Im not alone in feeling alone was very awakening and motivating Im so inspired to inspire young females to dare to challenge societal pressures and expectations and open the minds of the close minded An engineer once asked me what it was like to be in mans world and replied with Im used to it and its not mans world,Hope_speech
All lives matter no matter what colour simple,Hope_speech
Thank you Madonna from the bottom of my heartyou truly are an admirable and inspirational human being,Hope_speech
would protect all lgbt people from those religious mean people would hit those religious people like those who treat lgbt people in abusive way with Bible and yell go away religious demons,Hope_speech
And Sounds like marketing adnnBe what you want No one cares If you lose girls STEM interest by 10,Hope_speech
All lives matter to God,Hope_speech
Why do people say god hates LGBT people when his whole thing is loving everyone,Hope_speech
Network Engineer here 23 and currently working as an instructor teaching men and women looking to be in IT Next want to teach at University,Hope_speech
Im woman and dream of being an engineer,Hope_speech
All lives matter and will never kneel to anybody except God,Hope_speech
Rebekah You are just as bad as everyone else yeah not everyone believes in God dont either and you may think you are doing good but you are actually causing harm do you think LGBT people choose to be LGBT no bc if it was choice no one person would choose to be discriminated against and beaten up and killed for who they love conversion therapy is awful and shouldnt even be thing and get it you are religious but the Bible never really mentioned homosexuality you just took that one part and said oh this must mean homosexuality when it could mean many things and lets not forget to Bible has been translated so many times from the original version we dont really know what it says and dont wanna hear anything about the your religion,Hope_speech
ALL LIVES MATTER:sign of the horns::sign of the horns:WE ALL SHARE THIS WORLD SO ALL LIVES MATTER,Hope_speech
think shell come out one day,Hope_speech
This is fantastic Cant wait to show it to my 10 year old girl,Hope_speech
All lifes matters,Hope_speech
get so emotional watching this Im crying right now We are all equal,Hope_speech
Im currently in college pursuing an electrical engineering degree have the same feelings am constantly doubting my self It always seems like everyone else in class is understanding except me try so hard and barely make it wonder if Im just setting my self up for failure Like what am doing to myself Is this worth it in the end Will make it to the end This video really touched me and made me understand that we can do this So what if we are the only girls So what if we dont do it right the first time Lets keep going and not give up,Hope_speech
Injustice anywhere is threat to justice everywhere Martin Luther King Jr,Hope_speech
Better to enjoy the light before it dies than to contemplate its death until its to late,Hope_speech
Ofc all lives matteralwaysbut right now black lives are in dangerits likeif house is on fireare the firefighters gonna spray every house because all houses matter or are they gonna spray the house on fireobviously the house thats on firesame applies for thisblack people are getting killed and not being treated with justice right now so they must get the attentionto say all lives matter is just trying to take away the spotlight from the problem black people are facing,Hope_speech
My choice is to love my soul just sobbed there That kid is so cute,Hope_speech
believe that all lives matter,Hope_speech
My mom is an engineer,Hope_speech
this is so inspiring being girl that wants to go into engineering,Hope_speech
Im going to cry went through such similar experience and just hope all people can take away from this is to really actually treat people how you would like to be treated and be kind,Hope_speech
Super Taco GAMING that is the point The police obviously shouldnt have killed him it doesnt necessarily mean that he killed him because his race,Hope_speech
What an inspiring talk not just for engineers or aspiring engineers,Hope_speech
Rebekah Homosexuality is an attraction and not an act with consquences that directly affects other people and their well being Also,Hope_speech
Women have much easier time getting engineering jobs as people are specifically trying to hire them,Hope_speech
Why the hell does skin color matter so much anyway had hoped that people had moved beyond this,Hope_speech
All lives matter includes black lives,Hope_speech
Poor guy was straight up abused as kid but he pushed through it because he loves himself that much,Hope_speech
you gonna make it There are so many jobs that require engineering skills but are not pure engineering,Hope_speech
Girls can do much better than boys,Hope_speech
im guessing the people who do that want people to know that they are friends with the just for validation,Hope_speech
All Lives Matter for me If you protest for only colourdoes not mean which colour it will created jealousy,Hope_speech
bachelor of science in civil engineering currently on my sophomore year and tbh,Hope_speech
am girl in 6th Grade who is interested in STEM Whenever tell people that,Hope_speech
this makes me hurt so badly conversion therapy is abuse and there is no use for it you cant change who people love,Hope_speech
You can paint an apple what ever color you want but will still taste like an apple in the inside,Hope_speech
Black lives matter all lives matter regardless of skin colour,Hope_speech
Its really stupid my friends parents threatened her with conversion therapy her dad is pastor and found out weeks ago,Hope_speech
Exactly You cant bring gender equality by just focusing on one gender Its absurd,Hope_speech
Dunbar God has no hate in him He is pure love,Hope_speech
think its is Its literally form of torture,Hope_speech
People think that the LGBT Community isnt really hurt or pushed around in any way nThis is proof that this stuff still happens,Hope_speech
The Amazing Atheist Ranting about Trump There may be some Racist groups that support Trump but that and all the hearsay speculation does not make Trump Racist as The Amazing atheist would have you believe Trump is not Racist,Hope_speech
My brother is bi and support him very much,Hope_speech
Lovee thiss so inspiringlove ittt,Hope_speech
Like this comment to support nBlack lives matter nWe will and should live as equals we look different but we should be treaded the same black or white boy or girl we are all humans so protest fo what is right or you can fall and be stone hearted for as long as you live and remember god made us all as equals,Hope_speech
These young people are VERY enlightened and so very compassionate,Hope_speech
think we should collectively agree to not label this as therapy This is not therapeutic at all This is abuse Covering it up with medical term when its not even medical in nature hitting someone with book is physical abuserepeating verses meant to break your will for hours day is mental abuse is disrespectful to the field of medicine which serves to help and cure people Gayness does not to be cured It is not disease It is not choice There is absolutely nothing wrong with it Now lets respect one another and help stop this abuse,Hope_speech
Islam is just like feminism in the fact that the definition on both sounds great,Hope_speech
This kids are amazing Im proud to think that Im part of this generation that will help to fix the mistakes the previous generations had,Hope_speech
The kid who said he chose to love is very smart and mature for his age to say something like that Its nice to see that there are still kids like that who believe in being kind to one another and not trying to fit in if it means being mean,Hope_speech
Dont worry Tough time too shall pass,Hope_speech
Tank Its not about whats wrong with playing with Barbie dolls Shes trying to emphasize on how girls are trained expected to not go into the STEM field How people think that girls arent smart enough for it although facts say the opposite,Hope_speech
studying nuclear engineering really inspiring,Hope_speech
lgbt youth rise up,Hope_speech
Is it true if youll take engineering you must be good in drawing nAnd want to take engineering and my weakness is drawing,Hope_speech
GREAT WORLD NEEDS THAT,Hope_speech
