Text,Class
She looks great Greets from Chile,Non_hope_speech
Many Christians see sin as this horrible thing that should be perished from our bodies so that we are all pure and are one with God and Jesus Christ However,Non_hope_speech
These BLM people are not making it easy to like them,Non_hope_speech
Bear noticed you mentioned that slaves was Democratic Party thing wonder how the racist Democratic party elected Obama How did that happen Republicans hated Obama can you explain that,Non_hope_speech
Its sad this stupidity spread around the globe,Non_hope_speech
get taking down the statue but tossing it into the cannel It will cause tax payer money to fish that outmoney that could go to outreach programs or schools,Non_hope_speech
Poor little black people ALL LIVES MATTER,Non_hope_speech
This is one the most remarkable batch of kids Ive seen so far,Non_hope_speech
but what about your great great grandchild,Non_hope_speech
Griffin how is Greek Mythology Witchcraft,Non_hope_speech
Jenny Yao Let me try to make my point different way If we are going to aim for 5050,Non_hope_speech
Thank you Larry,Non_hope_speech
Introvert And yes,Non_hope_speech
Ainura Cc hi Thats the name of the official organization also think if the organization had different name lets say black lives matter too it will still get twisted in order to dilute the meaning agree that all lives matter but people only started saying that AFTER black lives matter became thing,Non_hope_speech
What would jesus say,Non_hope_speech
Who said black matter more,Non_hope_speech
Thank you breathren Ill be there in month,Non_hope_speech
Ray AgenThere is no sexism that you know of,Non_hope_speech
Ok whos ready for an asteroid strike next,Non_hope_speech
My cousin is pansexual Pan sexual Its joke we have,Non_hope_speech
as human being speak for all of us when say we disown you,Non_hope_speech
Lilyx nur actually brainwashed water rider,Non_hope_speech
Its the feminism effect,Non_hope_speech
the biggest beneficiaries and profiters and the creators of the atlantic slave trade were the british,Non_hope_speech
Stay there and dont come in The USA,Non_hope_speech
how can the girl who disagrees with homosexuality look like the biggest lesbian ive ever seen,Non_hope_speech
TJ said something before that even though hes bi he knows most of his subscribers arent so he wouldnt do it,Non_hope_speech
Everybody gangster until one guy start coughing,Non_hope_speech
So many aces am happy,Non_hope_speech
When they started booing at the white life matters that kinds hurted me tho,Non_hope_speech
No This time we ll never forget dont loock back Peter Tosh and Mick Jaggern,Non_hope_speech
Those who forget history are doomed to repeat it without that Statue how can we remember,Non_hope_speech
This is such ridiculous debate How do our lives matter anyway,Non_hope_speech
Umm thats cuz adults are older and stay as they are when they were youngernnLike some 80 year olds or 90 year old people still believe that black people shouldnt have rights and thats what makes younger kids be racist,Non_hope_speech
McMacaveli Shakoor dont know any person that worships statue,Non_hope_speech
She loves gays Big source of revenue for her,Non_hope_speech
This is distraction to the covid 19,Non_hope_speech
Starts at,Non_hope_speech
lives matternIf you put color in front of lives you are racist,Non_hope_speech
We should topple Cromwells statue as well He oppressed and butchered thousands of Irish people,Non_hope_speech
Paysour Slavery has nothing to do with anything It ended 150 years ago But what you should remember is its the reason your here,Non_hope_speech
Ok first of all,Non_hope_speech
Francesca nShut the fuck up nAnd stop replying to every comment,Non_hope_speech
hate you,Non_hope_speech
maybe because they are facing worse than systemic racism Civil wars in africa Famine in yemen Slaughter of palestine by israel slums in india,Non_hope_speech
These people only care about their own agendas,Non_hope_speech
ur mom is cat white people are not the ones that are oppressed and getting killed by police for no reason you ever heard of daniel shaver You just sound like dumbass liberal running your mouth when you should put sock in it,Non_hope_speech
does not give those clowns the right to criminal acts,Non_hope_speech
McFondle False Madonna isnt superstar or any kind of star for that matter and above no one Madonna is human An elderly human at that,Non_hope_speech
Remember to vote Trump Not because hes good choice,Non_hope_speech
Whatever happened to Clarke,Non_hope_speech
ALL LIVES MATTER IF YOU ALL LIKE IT OR NOT nTHIS CLOWN Juan williams SHOULDNT HAVE CAREER IN THE NEWS INDUSTRY BECAUSE HE KNOWS NOTHING,Non_hope_speech
He is right,Non_hope_speech
She appertaining came out as bi while agonnnIf you listen to how she was talking it sounds like she was told to say that,Non_hope_speech
BLACK CAUCAS IS RACIST,Non_hope_speech
have looked at the stats and beyond,Non_hope_speech
2020 is definitely the worst year Ive witnessed all my life,Non_hope_speech
Whateva Im proud to hate them all,Non_hope_speech
oh sure he is The fact that they gave him the award before madonna,Non_hope_speech
What country is it,Non_hope_speech
Petra Pavicic Dont try to soften it down Lmao,Non_hope_speech
Greatest crackdown in world history,Non_hope_speech
Lay off with the face fillersyou look like monster,Non_hope_speech
yorocco1 spot on,Non_hope_speech
Im sorry have to go see Juans ugly face there and know what hes going to say so Im out,Non_hope_speech
Its because its universally understood that white lives already matter nCurrently the evidence shows that black lives are not as much of priority as white lives :person shrugging:nnSystematic racism,Non_hope_speech
Sunshine littlephilly would you be okay if told you dont accept nOr agree with heterosexuality God accepts and loves all his children,Non_hope_speech
remember that Greta thunberg and how all the demonstrations she caused changed nothing,Non_hope_speech
Anti white to some people means black people dont want to be slaves Racist miss the old days when people knew their place When black people resist racism they are antiWhite LOL,Non_hope_speech
came here because of the thumbnail The kid is so brave and its the proof that the protest is peaceful hope she can grow up safely,Non_hope_speech
World CK out Candace Owens Congressional Hearing in full its 24 mins,Non_hope_speech
Im in Narnia at the moment hope one day can make it out the closetWardrobe,Non_hope_speech
Come on people do not want to defend trump,Non_hope_speech
used to live in shared house with family who would take in foreign students One student was from Saudi Arabia and he was amazed that women were allowed to walk around with no hijab on female student asked him to go for drink and he actually went back to the family he was staying with and asked them Is this allowed in your country Is this OK because its not allowed in Saudi Arabia So you cant possibly equate Islam to feminism,Non_hope_speech
they did throw in their own river lol,Non_hope_speech
That would just be ehpure mean omg that little girl is so adorable,Non_hope_speech
except in this case the vast majority of people hate the people ripping the statue down,Non_hope_speech
the EU end the Fourth ReichnTeacher fired for twerking on her vacationnnhttp,Non_hope_speech
demon faucet theres only two genders someones ignorant,Non_hope_speech
Move get some new material,Non_hope_speech
WHY IS EVERYONE ACTING LIKE POLICE DONT MATTER THEY HELP US USE COMMON SENSE IT WAS JUST ONE OFFICER THAT KILLED GEORGE FLOYD ITS OVER NOW STOP THE PROTESTING BRING BACK THE GOOD POLICE WHO SAVE OUR LIVES,Non_hope_speech
Matthew agreed,Non_hope_speech
to be clear,Non_hope_speech
wait im sorry buuuut beating someone Bible is disrespecting the WORDnalso im sorry that ppl had to go through this the Holy Bible has never ever taught us to do such things,Non_hope_speech
catering to the 18 fnjoke ALL PEOPLE MATTER,Non_hope_speech
guess the key was not giving up after the 2nd big rejection Toy Fair Theres probably lesson in this go to the internet first much bigger and wider audience,Non_hope_speech
All lives matter And if that is racist,Non_hope_speech
Clinton will will because the system is rigged,Non_hope_speech
Im woman and Im horrible at memorizing stuff Chess and memory are not gender topics and if you want to insist they are at least cite study,Non_hope_speech
What about Hispanics Mexicans Indians latinas,Non_hope_speech
Shes so confident cant not love her,Non_hope_speech
FCK blm bunch of freaks,Non_hope_speech
Irish people were enslaved for hundreds of years but you dont see us looking to take lucky charms off cereal box,Non_hope_speech
When saw the video,Non_hope_speech
People like you are the problem,Non_hope_speech
Aria Maas how do you not know that white people are not your yardstick,Non_hope_speech
Showing interest in person is not microagression,Non_hope_speech
graduated in Electrical Engineering and have been working in this field for 20 years The things that they are saying they get asked,Non_hope_speech
thank for speaking the truth its soooooo truethey need to get off their knees and stop it,Non_hope_speech
The stupid person bring it on he wood rather protests and die with the virus when he gets sick hope he dose not expect the doctor and nurses to look after him prat,Non_hope_speech
Its meant to be Mathew 24 nation shall rise against nation,Non_hope_speech
BLM is as racist as the KKK Both are hate groups Both are minority group Both are violent End racism End hatred,Non_hope_speech
Kid101 What are talking about,Non_hope_speech
Garcia HY Pocnsy noun the parctice of claiming to have moral standards or beliefs to which ones own behavior does not conform pretense OG arrington back to the study with respect,Non_hope_speech
192 Please go somewhere else spreading your hate,Non_hope_speech
These Goons have been instigated by some entity for their own interest to disturb the peace in this country they should be grateful they are here in the UK,Non_hope_speech
niether do you you come out her,Non_hope_speech
There IS color and the darker people get treated differently,Non_hope_speech
halim comments,Non_hope_speech
youre on the money,Non_hope_speech
Wolfie nnNone of what wrote was what felt,Non_hope_speech
That boy in the gray shirt is literally smarter than the majority of adults,Non_hope_speech
That would just be,Non_hope_speech
After all its about muh feels How do these women even get out of bed in the morning Life is hard for the,Non_hope_speech
just like gaga what are the odds,Non_hope_speech
Its all about votes,Non_hope_speech
If you want to know more please visit trevorprojectorg this twisted attempt to justify torture can must end,Non_hope_speech
Why shes dressed like MICHAEL JACKSON,Non_hope_speech
If all lives dont matter untill BLM is true and know your note saying this then your life doesnt matter so why would you be wanting to fight for black lives if your life doesnt matter,Non_hope_speech
Madonna already has her place permanently She also has her place in the Guinness Book of World Records Shes living legend She doesnt have to try anything Nor is she trying to,Non_hope_speech
senator Sanders is not only ignorant,Non_hope_speech
Dimitri Petrenko Its not racist Not at all Its protest to the Black Lives Matter protest What mean by that is,Non_hope_speech
Must suck being white male atm,Non_hope_speech
BLM has always had the same agenda,Non_hope_speech
Sakrison Maybe someone should have asked the founding fathers All men created equal makes them look like hypocrites,Non_hope_speech
ah im in tears hes such strong person for always being unapologetically himself,Non_hope_speech
Bernie Sanders is an idiot If this guy will somehow ever get elected,Non_hope_speech
Its called soft bigotry Go on now,Non_hope_speech
If all of the horrible things happend when he was 14 and he came out of the closet when he was 13 that means he had terrible birthday,Non_hope_speech
The reason why you cant say all lives matter is because we are being forced to believe that ONLY black lives matter,Non_hope_speech
Black lives matter is cult,Non_hope_speech
Some One was thinking the same thing was like wth,Non_hope_speech
Her voice has changed,Non_hope_speech
Kinney Lol,Non_hope_speech
carrot is vegetable Does saying that make broccoli or celery less of vegetable No Saying carrot is vegetable is not changing anything with the fact that broccoli is vegetablennBlack lives matter Does saying that make white lives matter No If you think differently,Non_hope_speech
Law abiding citizens lives matter nThat covers all colors but law abiding lives only,Non_hope_speech
Juan cant win going against the great minds of elder and this sherriff They wont cave to the idiotic liberal ideology Juan isnt fighting for black ppl,Non_hope_speech
whats up with your english mate,Non_hope_speech
THIS IS ME,Non_hope_speech
cannot breathe they will be crying when they are icu with covid in weeks Disgusting twats,Non_hope_speech
they booed him when he said white lives matter thats racist,Non_hope_speech
sheriff David Clarke is the man,Non_hope_speech
What they are really saying is that they want we want equality,Non_hope_speech
living legend the great Madonna,Non_hope_speech
Jimmy Pop too bad your skied daddy doesnt exist,Non_hope_speech
Fuckin joke We been goin work risking our lives for this Get em all back work Fuckin piss takerswe should all go on strike as well Then they ll have problem and it wont be bit of public disorder itll be the end of it all After all we aint getting looked after by no one,Non_hope_speech
every race is racist,Non_hope_speech
dont understand this you have to respect their opinion Sure,Non_hope_speech
Ppl that dis liked this bruh George Floyd is sad be did that,Non_hope_speech
We Americans are those miderable,Non_hope_speech
you have really focused on the negatives here Yes under performers and climbers will do anything to manipulate the system to survive or get ahead nI have seen both males and females pull the harrassment,Non_hope_speech
Wow Hope black people dont get covid 19 cause hospitals are refusing to treat black people Hospitals are treating whites only Stay safe BLM dont catch coronavirus,Non_hope_speech
WHOA THIS INTERVIEW IS EPICMADONNA AND THE JOURNALIST ON POINT,Non_hope_speech
All lives matter Why does my life matter less because am white,Non_hope_speech
like it how you leftist liars expose yourself with such bs videos Great big story was always to me leftist channel,Non_hope_speech
Theo Colvin we have to STAN,Non_hope_speech
Ofc all lives matter But black lives matter phrase is just emphasising black because it needs to be given more attention,Non_hope_speech
Sunshine littlephilly Hello,Non_hope_speech
Kelechi okoroafor YES thank you,Non_hope_speech
Sorry did not know,Non_hope_speech
im in high school thats an engineering magnet school and in my engineering school their are girls out of 30 kids kind of upsets me and adding that of them have dropped the engineering program for the following year,Non_hope_speech
As queer man feel for those that have been forced into conversion therapy But lets just get it out of the way,Non_hope_speech
White lives matter but you better not say it,Non_hope_speech
Made the mistake of reading the comments Female engineers,Non_hope_speech
Dont worry She actually came out as bi few weeks later,Non_hope_speech
Maddie Grace it means that it wasnt evidence of racism,Non_hope_speech
Love Larry Elder both with and without his Afro,Non_hope_speech
That little boy gives me hope for the world,Non_hope_speech
These kids are more woke than our Vice President,Non_hope_speech
Sad that such division is now accepted All life is important anything less is true racism by definition,Non_hope_speech
Skate wow taking every joke in life seriously,Non_hope_speech
Korean Voice if you really think all lives matter then there should be no reason for you to have an issue with people saying Black Lives Matter,Non_hope_speech
Beaten with bible im deaddd,Non_hope_speech
listen to the song american life by madonna,Non_hope_speech
Alm has political undertones that counter blms motives love how everyone just takes the slogan all lives matter at face value and then completely switches up these standards by putting extra meaning on the slogan black lives matter If anything is racist,Non_hope_speech
is designer of product So,Non_hope_speech
kennedy mensah ALM is antiBLM because BLM is hate movement lead by self admitted marxist activists,Non_hope_speech
OwO Youre wrong That is not Thats Marxist movement theyre using the name so they dont get ridiculed Dont you get it theyre hiding under the protection of something else That way they can pull the race card as defense,Non_hope_speech
You have one right here,Non_hope_speech
Big Pete historical revisionism,Non_hope_speech
Why not give the bisexuals some options,Non_hope_speech
They got it wrong,Non_hope_speech
Nelson The majority of African Americans do not agree with BLM because first off,Non_hope_speech
The Palestinians are good example,Non_hope_speech
Pay attention and dont cast judgement and be racist,Non_hope_speech
Wait wait Its only for Earth And even then,Non_hope_speech
Is Hilary even Jewish,Non_hope_speech
even birds are seen as racist in Sweden come on,Non_hope_speech
Here before the comments go to shit,Non_hope_speech
The reason that anyone did it willingly is because they were coerced and brainwashed into believing that they were broken nnIf you read Boy Erased,Non_hope_speech
Thompson Theyre disagreeing with their lifestyle,Non_hope_speech
Gonzalez Maybe look up the word inclusivity and realize your own hypocrisy in other parts of your life That is the premisse of the discussion in this video Inclusivity as opposed to favoritism,Non_hope_speech
Invented it,Non_hope_speech
Strange that there is never any mention of the money paid to the leaders of the African tribes involved or the atrocities and genocide going on within these counties today,Non_hope_speech
Strikes me as weird that you take the view of one Republican and try to use it to represent the views of all Republicans,Non_hope_speech
AIM American Indian Movement,Non_hope_speech
Godlessness leads to lawlessness Gods Life Matters,Non_hope_speech
Just make everyone get tan or bleach until were all the same color,Non_hope_speech
Thats sad viewpoint Yes your life matters too,Non_hope_speech
The only thing hate is hate,Non_hope_speech
Paul lol heshe has yet to show us this false info,Non_hope_speech
Whatever one might say about Madonna these days,Non_hope_speech
Its the presidents fault minorities live in poverty Maybe if those living in poverty got job or an education,Non_hope_speech
guess they just didnt want big flipping statue to celebrate him and they didnt genuinely want to erase him from public memory Just thought,Non_hope_speech
Mandonna is my favorite artist,Non_hope_speech
Placeholder has the value of zero gather you knew that already Do you selfidentify with that in any way,Non_hope_speech
Hi Debbie Just wrote comment on your GoldieBlox told my daughter is an Engineer must tell you that toys brought her like automatic car,Non_hope_speech
Its really sad racist with what is going on Our cities have been destroyed All keep hearing is how much the small black businesses have suffered To me it says White ppl dont care if George Floyd would have been white,Non_hope_speech
Actually its you whos being rude,Non_hope_speech
Hum Im just not convinced that alm is an honest call for representing these issues It matters that alm originates from counterprotests that propose police brutality to not be an issue nI think it is just statement to dismiss blm If am wrong,Non_hope_speech
We can only talk to God,Non_hope_speech
Or people could just shut up so that no one wins,Non_hope_speech
So were done with the virus On to the next month shenanigans,Non_hope_speech
FAULSE idol worshippers That is man Jesus Christ saves,Non_hope_speech
have but one disagreement dear Sherrif,Non_hope_speech
My entire family is Christian and Im afraid to come out,Non_hope_speech
People forgot about this,Non_hope_speech
Just like Trumps bible PR stunt Thats politicians for you,Non_hope_speech
All lives matter Democrats do nothing for black lives matter Dont be fooled Americans,Non_hope_speech
Why dont we say all lives matter and them name them Lol Oo cant name anything bc dumb ppl would think was racist Do white lives matter think all lives matter no matter what color happen to be Wake up The false narrative is so bad now that ignorant ppl are pushing false statements left right,Non_hope_speech
the girl with short hair must have internalized homophobia,Non_hope_speech
Richard Littler how,Non_hope_speech
if she looks queer it does not mean she is actually,Non_hope_speech
She has the sexiest armpits ever Even hairy,Non_hope_speech
Check out video called Hate Crime HypocrisyLouder with Crowder It will give you all some much needed perspective,Non_hope_speech
The best cop ever,Non_hope_speech
ideology of victimhood list of grievances that do not existnwhen you talk less and pay more attention,Non_hope_speech
This is what am thinking We as society sweep so much under the carpet that it is actually sickening,Non_hope_speech
feel like people dislike these videos without even watching them,Non_hope_speech
The whole thing is jokelol all black lives matterand the democrats are laughing at the suckers following them down the path to socialismcrush black lives matter ALL LIVES MATTER Its political move by the democratic socialist partyMAGA The media is telling and showing you what the dems want them toexcept Fox Newsgood job,Non_hope_speech
Ive met good cops and bad And trust me they dont care what color you are The bad ones are about pain,Non_hope_speech
Id like to believe hes on 8chan bringing us the freshest and dankest of Trump memes to the forefront of America,Non_hope_speech
Love ya Sheriff Clarke,Non_hope_speech
Im Living Like Jim Morrison its the truth it looked awful when she performed on New Years eve,Non_hope_speech
Pretty sure theyre misattributing good chunk of perceived offences to sexism People can dislike each other over so many things,Non_hope_speech
Statistics are statistics An engineer DEFINITELY knows that One should be empowered by the fact that they are going against the norm Not dethroned But thats just my thoughts on the matternHowever wouldnt say this is rampant sexism Although Im just glad no one used fucking buzzwords like misogyny or bigots and other feminist bullshit They exclusively talked about their experiences rather than pushing some feminist agendannThis wouldnt have been disliked so much if it wasnt for the fact that the title and face of the video initial reaction,Non_hope_speech
Covid 19 over on to next thing whats next lol 2020 is mental,Non_hope_speech
worry me,Non_hope_speech
fan 167 black people above all in the world,Non_hope_speech
That cops deserve penalty death but trump is like we will shoot you,Non_hope_speech
The council should have went also,Non_hope_speech
Excuse me BeatenWith BIBLE Are these people calling themselves Christians Because thats the most unJesus like thing Ive ever heard,Non_hope_speech
people need to educate themselves and be bias about the situation before say All Lives Matter cause no one said white or any race matters,Non_hope_speech
DefEnd the Police,Non_hope_speech
This girl is so pure,Non_hope_speech
Now if you say any other races lifes matter youre racist have lot of white privilege,Non_hope_speech
you need to come out of the leftwing enslavement camp youre stuck in Theyll tell you to act like victim to keep you more marginalized,Non_hope_speech
Madonna sounds touched,Non_hope_speech
Yeah and so is the discrimination against orcs in Italy Both are racist,Non_hope_speech
Kai Lucas Zachary how does one look lgbt,Non_hope_speech
its no exaggeration feel the same to this day,Non_hope_speech
The kid that said if they see their kid being beaten by book they will beat the beater with the book Is my spirit animal,Non_hope_speech
They multiplied Remember HIM said theat he will be replaced be the oncoming generation nSo Mussolini and Hilter and Il Re et Emperatore they are still around aswell nMay Halie Selassie bless you Much love and greetings in the name of HIM from Germany Deutschland,Non_hope_speech
Not all those people are nice though,Non_hope_speech
Marshall it literally in the name and the movement,Non_hope_speech
The Sheriff is good person He hits the nail on the head,Non_hope_speech
so whos gonna tell annie,Non_hope_speech
WAS JUST ABOUT TO COMMENT THAT,Non_hope_speech
UnSalted Kiddo The PTSD will remind us,Non_hope_speech
some give motivational speeches from inside their mansions,Non_hope_speech
Lmao all the Straights:trade mark: are having bit of freak out over this,Non_hope_speech
Her way of saying she outlived Prince and Michael Jackson,Non_hope_speech
They said that about 2016,Non_hope_speech
Are we going to destroy George Washington statue too since he was slave owner,Non_hope_speech
It is now evidently clear that diversity is destroying western nations,Non_hope_speech
2020 is so boring tbh,Non_hope_speech
The police brutality myth is total lie Statistics prove caucasians are MORE likely to die in the extremely rare brutality incidents The media is LYING and attempting to make whites and Trump look bad to ensure they win the presidency to keep the corrupt real plantation owners in power You are being played,Non_hope_speech
Ditto my man,Non_hope_speech
chick who doesnt like homosexuals needs to figure her life out were the same as you,Non_hope_speech
Isnt conversation therapy illegal,Non_hope_speech
Johnny not it not about the white,Non_hope_speech
How is stealing somebody elses work stupid reason,Non_hope_speech
Black lives matter is racist and it self evidently shows,Non_hope_speech
Luis statistics wise yes more White people are killed by Cops then black people But Also Statistics Wise more Unarmed Black people are killed by Cops theres Difference Also Anyone Who has Counter Protest like All Lives Matter are Racist or Bigot because they dont care how many Unarmed unjustly Black people are being killed so once White privilege is Taken away ND White Supremacy we will have peace,Non_hope_speech
RIGHT Shes cat away from building herself tiny off grid home with lady roommate and adopting some kids from latin america,Non_hope_speech
would you prefer communism,Non_hope_speech
Im sorry love black but all lives matter to me,Non_hope_speech
OMG sounds like bunch of unattractive women whining,Non_hope_speech
Butt of the Day Ranking,Non_hope_speech
ExtraBitch Im so glad we as Muslims dont do that,Non_hope_speech
Man the video that video was awesome thank you God bless America,Non_hope_speech
Nice gave birth to big poo today aswell,Non_hope_speech
Nersai Jeden How about the suffering of Asian people during WW2 How about the suffering of the Palestinian Do you know who sold the slavery to the white people,Non_hope_speech
What question did they idk if theyre boy or girl think the guy was asking them about it being choice atfirst,Non_hope_speech
Coconut and BLM is acting CONTRARY to what MLK taughtnIts an evil political movement that Hurts the black community and everyone else,Non_hope_speech
This shows how racist BLM is,Non_hope_speech
great speech here in Spain so curious,Non_hope_speech
Some of his questions were such waste what terrible interviewer SHAME hope he reassess his career,Non_hope_speech
Theres no need to say all lives matter because white lives have always mattered in America Black lives havent Until white supremacy dies it makes no sense to say all lives matter because it changes nothing 1st realize white supremacy is problem,Non_hope_speech
Blm protestors know so little about what they are protesting its hilarious,Non_hope_speech
Its not choice,Non_hope_speech
Razvan Lupu he isnt saint,Non_hope_speech
TBH someone like her didnt come to my mind is not because shes woman,Non_hope_speech
The kid that is religious and is still an ally is rare one:pleading face:,Non_hope_speech
Whoa thats impressive writing boomer backwards Can you do some more lol,Non_hope_speech
Why is it controversial to say all lives matter nnBecause the left says so :person shrugging:,Non_hope_speech
Right in the feels,Non_hope_speech
Wouldnt that be nice,Non_hope_speech
Rebekah Why would you want to support God that wants homosexuals to burn in hell for eternity If were you,Non_hope_speech
Election time againdivide the people,Non_hope_speech
really want people to stop using religion as an excuse for ignorance,Non_hope_speech
white lives dont matter we are all racist right,Non_hope_speech
LeCoy has she ever stated that she is neutral,Non_hope_speech
Such fake,Non_hope_speech
It is too bad we dont learn more from past mistakes made in historyn500550 BC Cyrus the Great conquered the known world His only directive to conquered nations was to free all slaves No monetary compensation was given to the slave owners for their lossesnHe then told conquered nations that they could choose to stay part of his empire or rule themselves Under the condition that they kept up with his no slavery directive Otherwise he would conquer them again in order to free thier slavesn2,Non_hope_speech
Istandbul is not Muslim country,Non_hope_speech
Thats what the far left do,Non_hope_speech
Comiskey dont feel like we need reparations We lost war Part of my tribes treaty is that there will be peace as long as we dont have standing military force It happened in the past and feel like it turned out better than ot could have since most losing nations are the ones that have to pay reparations after wars Now if the US broke up and there was war again or with another tribe then would think the winners would get the spoils,Non_hope_speech
Who will be purged,Non_hope_speech
Why are there lot of confederate flags at every single trump rally Why do confederacy supporters support trump The parties switched DumpTrump2020,Non_hope_speech
Its very telling to me anyone that says black lives matter only thinks of the black community as worthy of being human That is pure evil think to say,Non_hope_speech
Theo Colvin im spitting my drink,Non_hope_speech
haha cant breathe,Non_hope_speech
She looks awful,Non_hope_speech
You are such racisst,Non_hope_speech
Who decides the letters LGBTQIXYZLMNOP And all homosexuals just have to follow along the party line and just agree with this stuff,Non_hope_speech
just do not understand why people dont realize that shes top witch Satanist and all of her videos and everything and so much of what she does totally is obvious and prove that and shes just part of the new world order to brainwash people for the agenda for the transgender agenda for all that stuff cuz she actually is transgender and people need to do their research cuz her recent show she just did was completely Satanist New World Order shows the end time stuff and people really need to watch who they worship and look up to because people worship this woman and shes Satan worshipper,Non_hope_speech
saw this video,Non_hope_speech
If people dont agree that all lives matter then we have no chance of ever uniting and Juan Williams attitude is perfect example,Non_hope_speech
god bless trump in 2020,Non_hope_speech
The word racist is so overused its lost its meaning its actually funny when someone calls another racist for just walking down the street if the word racist didnt exist you all yes said YOU ALL would HAVE NOTHING and al Sharpton would be broke,Non_hope_speech
every generation is ungrateful not just this one,Non_hope_speech
Yes hes running the country but you have mayors running their cities along with governors running their states my guy Dont be an idiot,Non_hope_speech
They need to be all publically hung,Non_hope_speech
Galloway truth And we really dont even hear what they are learning in schools,Non_hope_speech
George floyd was criminal thoit sad that he died and the police officer is paying for it But why all the violence for criminal that has spent 10 yrs in jail almost,Non_hope_speech
Change equals ChallengenThis woman has delivered thousands of quick and witty lines over the past four decadesnBut,Non_hope_speech
Again you people know what theyre saying white lives have always mattered it doesnt need to be said and they consider it insulting or ignoring the meaning of blm Im not blm but these people know there just doing conservative spin your protesting their protest saying all lives matter,Non_hope_speech
Just little bit,Non_hope_speech
wonder when this will change to,Non_hope_speech
Atlas his trying to say that if we dont have statues to idolize slave owners we are doomed to becomes slave owners,Non_hope_speech
wont make this toxic,Non_hope_speech
Po what you just wrote and said in black and white is called contradictionary hypocrite:rolling on the floor laughing::rolling on the floor laughing:,Non_hope_speech
Yeah Black live mattersupport you all from malaysia,Non_hope_speech
Im laughing too at your precious White Racist symbols being torn down and defaced,Non_hope_speech
the question is so easy to answer the problem is the politics they take it to another lvl to take the vote of black people,Non_hope_speech
BS How is it narcissistic Or racially exclusive,Non_hope_speech
Interesting How the Jewish Nation had slaves in the Old Testament Exodus 21,Non_hope_speech
ItsKimch Thats not the same thing as what hes talking about Forced fasting is when he was withheld food not by his own choosing or belief in its purpose,Non_hope_speech
Willow Rainy its not antiwhite Its also not shaming people because there ethnicity its saying that they were less then because of the color of their skin,Non_hope_speech
mean if you come out publicly that you are AGAINST africanAMERICANS being denied the same RIGHTS and DUE PROCESS than other Americans,Non_hope_speech
Blm indignant at all lives matter when they are killing,Non_hope_speech
Innocent water riding or some,Non_hope_speech
The left has become too extreme,Non_hope_speech
bluefavoritesnThe term matter,Non_hope_speech
we are mad lol why do you think it says all,Non_hope_speech
Lol except they have it way better here Blacks are propped up on pedestal in America They are given everything for free They have nothing to complain about They are just racist hypocrites,Non_hope_speech
Randall Sims Who are the way that youre speaking about,Non_hope_speech
So many people will be cast into the lake of fire,Non_hope_speech
Pandaliano the media says no,Non_hope_speech
Peter Tosh Equal Rights 19810613 Amsterdam,Non_hope_speech
HiRAEth Because your satans son,Non_hope_speech
Im making some gayce friends this is nice,Non_hope_speech
black lives matter is just phrase at the end,Non_hope_speech
The first step is make it illegal in freedom states or states that have enough freedom,Non_hope_speech
nYoure more logical than some others,Non_hope_speech
Those who dont learn from History are doomed to repeat it,Non_hope_speech
am have big respect for sherif David Clarke You are wonderful man God bless you,Non_hope_speech
He actually supported and endowed schools,Non_hope_speech
Guess which statue they wont pull down Karl Marx,Non_hope_speech
That Sheriff for President Try to negotiate with that refreshing,Non_hope_speech
BJGvideos right like shes probably the oldest in the video and everyone else except her were so acceptingwhen someones ignorant theyre ignorant and thats that,Non_hope_speech
Judging others Who do you think you are,Non_hope_speech
Sheriff Clark seems to know the real problems on this matter and the things needed to fix it everyone else just talks politics,Non_hope_speech
Ok but why is it protest against black lives matter,Non_hope_speech
Im stealing that plot,Non_hope_speech
love her she is the ideal mother figure,Non_hope_speech
They have done everything so they will eventually run out out kids meat thats what mean,Non_hope_speech
BLM used to have clear,Non_hope_speech
Racism will never end while there are still ignorant stupid people and to be honest in uk its causing divide the fact protesters are damaging statues of wartime leaders,Non_hope_speech
also big words dont make sounds smart m8,Non_hope_speech
Im pretty sure she is,Non_hope_speech
Well done Brilliant this,Non_hope_speech
Disgusting lefty tosser hooligans How many people did their hero Lenin murder,Non_hope_speech
What exactly is the point of this videoIf the people are indeed racistsexist that these women talk of what is this video going to do that would change it,Non_hope_speech
OMG her face is not moving,Non_hope_speech
Well riot 1992 in gta was based on same riot from 1992 in LA so it did happened before with Rodney King but know its global,Non_hope_speech
cant believe you tube hasnt taken this down,Non_hope_speech
now what the hell does that suppose to mean If you like someone because he is decent human being,Non_hope_speech
Well the thing is marijuana and alcohol beer are actually the same thing just in different substance Did you know its actually really hard to die from marijuana compared to alcohol If you want to learn more heres linknLink,Non_hope_speech
Donald Trumps father is affiliated with KKK,Non_hope_speech
It is not controversial to say All Lives MatternIts fact,Non_hope_speech
Rodney king wasnt killed by Police,Non_hope_speech
And thats what destroys and causes fights amongst us Lack of respect to simply let the other side share their POV,Non_hope_speech
Go covid19 Nice going protesters poor millennials are like lemmings,Non_hope_speech
He built Bristol And Africans also sold their own people as slaves Do your research before typing,Non_hope_speech
Its racist to say all lives matter:rolling on the floor laughing::rolling on the floor laughing::rolling on the floor laughing::rolling on the floor laughing::rolling on the floor laughing:,Non_hope_speech
peoples lives matter,Non_hope_speech
Your sick in the head for supporting mass murderer and kidnapper,Non_hope_speech
Forget what The fact that people are being senselessly killed by police hope you realize that if they do forget,Non_hope_speech
this looks like it was all plan to get black people out in large groups together dureing pandemic that kills more black people than anyone else,Non_hope_speech
When you scroll through the comment section,Non_hope_speech
Without them your economy would fall,Non_hope_speech
Hates not gonna get you anywherennOMG AN INTELLECTUAL,Non_hope_speech
Police ARE HEROS,Non_hope_speech
You all need to repent and be saved,Non_hope_speech
Jesus had job and he didnt run when the police showed up,Non_hope_speech
Love from France We love you Madge,Non_hope_speech
Someone just fortnite danced down the street and think it is fair to say it deserves to be euthanised,Non_hope_speech
The girl with the short hair is lesbian,Non_hope_speech
Up until read the comments section,Non_hope_speech
theDargon Who says theyre gnomegender Wolfkin,Non_hope_speech
Yep my god she is demonstrating patience with these questions This is fascinating Her ballet teacher,Non_hope_speech
Caca Milis sa Seomra Spraoi BannedVideo Because there is war on for your mind,Non_hope_speech
33 Rich peoples lives apparently matternOf course they do That is the whole purpose of the struggle We want to make sure thatnBlack lives matter,Non_hope_speech
SHERIFFS stand up man,Non_hope_speech
black lives matter protestors dont damage peoples property,Non_hope_speech
IP address please Im using it for scientific purposes on gas that have been working for,Non_hope_speech
wouldnt say know anyone whos going through this but know that my parents arent really Supportive of me being bi My mom just says that am confused,Non_hope_speech
Juan is so blind He doesnt want to lose his job he is under the democratic leadership,Non_hope_speech
These kids are much smarter than we think they are,Non_hope_speech
Zule Thats joke right,Non_hope_speech
She looks vulnerable or is that more concious,Non_hope_speech
Feel bad for these kids,Non_hope_speech
They are selfhating hypocrites that hide under religious righteousness ignore them,Non_hope_speech
Brady Im so sorry sweetie but your wrong being black is not sin and in opinion being black,Non_hope_speech
Two of three founders of the movement are selfconfessed Marxists Search short history of BLM youtube link into Google and watch the first result The video is made by the founders of Black Lives Matter at,Non_hope_speech
Heather Boyd and youre clearly ignorant and dumb yourself too,Non_hope_speech
dont see how saying give it few years or whatever is any better than telling lgbtq person that its just phase,Non_hope_speech
Well if you cant be honest with your answers because of votes well what else are you going to be dishonest about nThats how corruption starts not being honest nTheyve lied for generations but now trump is completely honest hes threat coz his base and followers appreciate his honesty and not lying to get votes and completely going against their promises like the democrats have done for decades They dont care about anyone but regaining power nTrump 2020 PROMISES MADE PROMISES KEPT something none of the democrats can say,Non_hope_speech
To HELL with George Soros and The Drug Cartels AMEN HAILLUJAH,Non_hope_speech
Police should of arrested them on sight now we want the statue cleaned and REPLACED back were it belongs,Non_hope_speech
From four years ago Saying All Lives Matter while true is dodge The former Milwaukee Sheriff is out of work for reason,Non_hope_speech
Chirho Knight thanks to George soros,Non_hope_speech
Microaggressions RAMPANT SEXISM,Non_hope_speech
Talk about SUCKING BIG BLACK ONE,Non_hope_speech
Someone says all lives matter and people say you dont get it But think THEY are the ones who dont get it People who say All lives matter are trying to discourage the mindset that race matters at all Instead of focusing on the race of people,Non_hope_speech
What shall we say to the woman that George Floyd held at gunpoint while his mates ransacked and robbed her house,Non_hope_speech
its another way an umbrella term for someone who is lgbtq if you dont know the specifics,Non_hope_speech
Just the irony of it Should our next leaders be black gangsters,Non_hope_speech
The interviewer is bit too adulatory,Non_hope_speech
Dont worry about sweet pea Sweet pea is troll,Non_hope_speech
Except that your situation is very rare Ive been in tech 25 years and you are the first guy who has ever described situation like it am also white and have worked in majority Black workplaces didnt experience racism everpersonality clashes Of course,Non_hope_speech
When first read the title thought it said kid meet conversion therapist and was like WHAT,Non_hope_speech
This is political correctness at its highest We have actually came to point where one cant say all life matters,Non_hope_speech
And what are those,Non_hope_speech
Some people dont like to hear all lives matter,Non_hope_speech
Kat dont know what do you mean,Non_hope_speech
This is sad to watch but good news at least pandemic is finally over:person facepalming:,Non_hope_speech
To be honest,Non_hope_speech
Much respect to sheriff Clark,Non_hope_speech
silver thats is the NWO plan,Non_hope_speech
blm doesnt make any money off of all lives matter thats why,Non_hope_speech
Brown why dont we focus on human lives not one race,Non_hope_speech
Amazing Atheist president,Non_hope_speech
Jack Parsons You mean where are their parents with Kids live matters movement,Non_hope_speech
People dontnGet what,Non_hope_speech
Dunstan Ultimate Research Document,Non_hope_speech
Yip the British stopped the slave trade in muslim countries toonAt great personal costnMuslims had slaves and still do in Africa,Non_hope_speech
Bernie Sanders pandering to whomever he happens to be talking to,Non_hope_speech
have lot of respect for that sheriff He speaks the truth,Non_hope_speech
Seeing as these things get politicized and quickly find their currency in the anti crowd guess the honest reflection of Wireds viewers take is the initial likedislike ratio Wonder what is says Of course the average Wired reader is pretty liberal But stil,Non_hope_speech
The 562 native American tribes mattered,Non_hope_speech
Why the lesbian said she dont agreed with the homosexuality WTFnnIf she is straight,Non_hope_speech
This is message to all you racist white people Black people are just like everyone else and we are humans too think twice before you hate us,Non_hope_speech
well said Sheriff well said the family unit is the most precious thing for the healthy upbringing of children,Non_hope_speech
absolutely agree just dont get how people think thats not racist but if you white lives matter or something its apparently racist:thinking face: isnt the definition of racism treating group of people different because of there skin colour or where they live This world doesnt make sense,Non_hope_speech
So basically if youre not black,Non_hope_speech
Ashlee Johnson what is that true omg link,Non_hope_speech
For news men,Non_hope_speech
One race matters is destructive thinking American is melting pot built on blood,Non_hope_speech
Chaos chaos its great for ratings right news media what disaster,Non_hope_speech
Are female engineers rare or something Im music major so have no clue,Non_hope_speech
All lives cant matter if black lives dont :person shrugging:,Non_hope_speech
This Madonna reminds me of the bedtime stories Madonna She sounds so calm,Non_hope_speech
people are getting killed just because they are white too,Non_hope_speech
The woman has 800 million dollarsshe can do whatever she wants,Non_hope_speech
Covid19 was created for this purpose,Non_hope_speech
Africa for Africa people Fight for it,Non_hope_speech
Because people dont want equality They dont want colorblind society They want to celebrate their differences bc of skin color,Non_hope_speech
People say Black lives Matter becasue it is obvious that many Americans think they dont matter The slogan does not day Only Black lives mattter Saying all lives matter is way to avoid saying that Black lives matter It has been adopted by racists around the country 400 years of history which many refuse to acknowledge prove that black lives do not matter to many Americans,Non_hope_speech
Im shocked that the short haired girl agreed to do this episode cuz for sure she knew that EVERYONE is gonna talk about her and not about the guy,Non_hope_speech
GameRoll nHavent you noticed that people do the same thing for all their fallen heroes and dearly departed The best time for cold analysis of persons life is probably NOT shortly after heshe has gone Also people have tendency to make IDOLS of the dead when it is politically or otherwise convenient We cannot blame Mr Floyd for immoderate comments which others have made about him following his brutal murder For it remains fact that he was murdered nnnNow didnt hear any of these allegations about his behavior before It neither surprises me to hear it,Non_hope_speech
As there is one also Im an atheist to grew up Christian so still know the verses,Non_hope_speech
she may be,Non_hope_speech
What virus Its hoax flu remember,Non_hope_speech
Censored Why do you pretend to know what its like to walk in my shoes nIts just strange that have people of different backgrounds trying to say that or people with white skin are treated differently By who,Non_hope_speech
they want special treatment its in their makeup They THINK theyre SPECIAL,Non_hope_speech
does she need to repeat it What didnt you understand,Non_hope_speech
think he resigned his position to take up role in the DHS,Non_hope_speech
Do people actually think that trump himself uses that twitter account,Non_hope_speech
Boyd The only serious issue have is your Stupidity you are sellout Oreo BRO knew the BRO would get to you You are Black and in denial Raised by white parents or Black Parents that are Repulicans that raised on false ideas about being black is discrace Shame on them Im not black and have more sense than that were brain washed as it was However Don The Con has very few like you that will bend over to him Or any white person at that would have been good Sellout to your Bros back in the slave day Just like today The Steve Harvey way Kiss the white mans hole and he will take care of you SHAME ON YOUBy the way there is more in another comment,Non_hope_speech
BBC Censored black lives do matter more And Im white guy,Non_hope_speech
IT IS RIGHT TO SAY ALL LIFE MATTER IN GENERAL,Non_hope_speech
Because he deals with black lives on daily basis,Non_hope_speech
Women dont get funny looks when talking to other peoples kids,Non_hope_speech
God Bless all the Police risking their lives everyday,Non_hope_speech
how can you disrespect your own body It is YOURS,Non_hope_speech
Choke on bag of spoiled clits Please and thank you,Non_hope_speech
What fun joke,Non_hope_speech
OMG shes still alive,Non_hope_speech
All Wendys matter,Non_hope_speech
That sheriff is NOT having it lol,Non_hope_speech
India has Hindu Extremist Government,Non_hope_speech
PJ Davis Spiritual Warfare Music yes they donEveryone is equalnThe founding fathers wrote thatnThink Jesus said that as well,Non_hope_speech
yes yes it is these lads needs some more masks,Non_hope_speech
love how Kazachstan has the lowest percentage of Central Azia Maybe part of Borats legacy,Non_hope_speech
Their agenda is getting equal and fair privilege under the law Can you understand that As for white privilege,Non_hope_speech
George Floyed abaddoned his family Girl barely knew him,Non_hope_speech
Alamayehu duh of course All lives not blm group agenda do your research Your naive,Non_hope_speech
Butcher not higher than white on white Do your research idiot,Non_hope_speech
Are we gonna achknowledge this whole thing started cause of one stupid of police officer,Non_hope_speech
88 your sick in the head for supporting mass murder,Non_hope_speech
All lives matter as 2Pac once said all lives matter,Non_hope_speech
This particular moment isnt about all lives Right now we are dealing particularly with the way BLACK LIVES have been devalued Imagine if your special needs kid gets bullied and as counselor send him to school prepared with the saying hey my feelings matter Imagine teacher calling you saying dont like that because all of the kids feelings matter Youd be upset Of course all of the kids matter but right now,Non_hope_speech
Pigs in blanket Fry em like bacon Their chants arent even clever Also,Non_hope_speech
of Nibiru Any time these cretins open their mouths they are spreading racism as they are full of hatred like the racists that they are nnI dont remember hearing them say anything about the actual racism their own kind in South Africa is committing on daily basis Proof that they are not against racism but in fact racist themselves against white people,Non_hope_speech
Man Im black and disagree with black lives matter But think all lives matter man,Non_hope_speech
How about were all black lives matter and until you start protest in Chicago and Baltimore Im done listening to any of the arguments,Non_hope_speech
It has nothing to do with the colour of ones skin and everything to do with behaviour,Non_hope_speech
Liu nhomework isnt usually checked How do you know this Actually,Non_hope_speech
Sheriff Clarke was spot on,Non_hope_speech
Juan immediately turns to Micheal Brown,Non_hope_speech
Everyone here is so worldly Having red hair is not sin and will not send you to hell There is no scriptures in the bible,Non_hope_speech
Lots of people owe Madonna without even knowing it,Non_hope_speech
RIP Leelah Alcorn,Non_hope_speech
She look amazing right,Non_hope_speech
They are privileged apologists,Non_hope_speech
OH NO dont want to get microarrested and go to microjail,Non_hope_speech
As Christian cannot stand it when people hide behind their faith in order to be bigoted Like youre saying youre homophobe but you cant admit its because youre crap person,Non_hope_speech
British hate WHITE PEOPLE too,Non_hope_speech
Its been horrible and it just got worse with BLM DESTROYING EVERYTHING,Non_hope_speech
David Clark is the absolute worst Thank you for leaving Milwaukee,Non_hope_speech
Nietzsches Moustache ass is ass man,Non_hope_speech
This is the definition of talking for saying nothing,Non_hope_speech
Irrelevant story but hope you think its funnynI was like and was taking dumb buzzfeed quizzes like what kind of pizza are you and stuff and came across an article that was 10 Disney songs that are about coming out of the closet Or something along those lines so just remember going into my brothers new and empty wardrobe and pushing open the doors dramatically singing whole new world,Non_hope_speech
civil war nnall lives matter,Non_hope_speech
Being Racist to Fight Racism Isnt that Promoting Supporting Racism It Should Be All Lives Matter,Non_hope_speech
Rebekah what,Non_hope_speech
dont agree with homosexuality dont agree with the thousands of pimples on youre face,Non_hope_speech
The only matter care about isnFECAL,Non_hope_speech
Most white people just will never be able to understand why black people do what they donnI dont if it is due to lack of empathy or they just dont care,Non_hope_speech
Leftist liberals are biggest intolerant and shameless peoples,Non_hope_speech
You were invited to her Villa,Non_hope_speech
Tommy Qreusse nI dont quite agree Racism is not being pushed think that the ideal of racial equality under the law stands firm This has sound basis in the Word of God,Non_hope_speech
Just so you know,Non_hope_speech
WTF why wouId sIave trader statue has to exist in 2020 nUSA is pure eviIGood job protesters,Non_hope_speech
osteen True but what learned was he assualted pregnant lady with gun so though it was wrong to be killed what he did was wrong too,Non_hope_speech
Ehprotests the world over are clearly predominantly white in numbereven the initial riots in the US were more whites than blacks Thosell be white people the world over showing strong growing support for black folkunlike yourself Ill assume White people who cant believe theyre seeing police beating the shyte out of people peacefully protesting,Non_hope_speech
Fear only God,Non_hope_speech
Just because shes concealed some wrinkles does not change her to point of unrecognizable think youre pretty fu king stupid ok dude Go fk yourself you CREEP,Non_hope_speech
Pride Toronto only signed the demands to get the parade moving They have no intention of actually excluding police floats or any of the other demands,Non_hope_speech
What has been She the white Cosby Sure took small talent long ways Time for the seniors home madge,Non_hope_speech
To any of you out there who think black conservatives are Uncle Toms who have sold out to Whitey,Non_hope_speech
Poole so wheres the second wave Ahahah,Non_hope_speech
Its the clintons,Non_hope_speech
That sherrifs reading teleprompter for sure 1000 thats fact Scary,Non_hope_speech
This Sheriff is awesome would have loved to hear from him more,Non_hope_speech
larry elder just evaporated this dude,Non_hope_speech
Rebekah nYeah youre right,Non_hope_speech
think the thing between the boy and the teacher was consensual relationship In the article it didnt say the boy fought back or reported it earlier It sounds like he went along with it even though it was clearly suspicious think he was trying to blackmail her to get more free shit by reporting her to the school If were that kid,Non_hope_speech
Your MANIPULATION tactic does Not work with GodnBLM is Hurting the black community and everyone else,Non_hope_speech
The sheriff was spot on,Non_hope_speech
Eventhough our countrys wealth was partly down to the slave trade like so many european countries Britian was the first to abolish it in the 1820s Our history of the slave trade however hasnt stopped them wanting to come to our country,Non_hope_speech
The fact that black lives matter as movement exists is because black people are being treated like they dont,Non_hope_speech
Kane and so onnnOh god,Non_hope_speech
No not really,Non_hope_speech
Well she knows how to sit in the chair so she must be straight,Non_hope_speech
167 trick question,Non_hope_speech
Really dont wanna get involved or anything but the girl who doesnt agree with homosexuality has cuffed jeans and pixie cut and ill leave it at that,Non_hope_speech
Shawna HiRAEth shes not lmao,Non_hope_speech
People who disliked this are the true evil,Non_hope_speech
Its actually rehabilitation just like an addict they under go rehabilitation,Non_hope_speech
AJ Mulenga still dont understand how all life matters is racist Because people that think thats racist are dumb,Non_hope_speech
dont understand what people mean by dont agree with homosexuality its stupid to me,Non_hope_speech
especially black people in the most safest city in north america,Non_hope_speech
Is it wrong laughed when he said beaten with the Bible,Non_hope_speech
Zoldyk npeople will hate you more if you riot It is not the answer,Non_hope_speech
Where is she now,Non_hope_speech
Say no to racism Bury all those racial memories that keep humanity down and back,Non_hope_speech
Danielle It shows them they cant be who they are without being severely hated What it doesnt isnt fixing,Non_hope_speech
This girl watch Doctor Who Omgs,Non_hope_speech
It does but In this current day and society it seems that black lives are targeted the most,Non_hope_speech
Because it takes the focus off of their victim hood And your struggles dont matter because they are self righteous muppets who sniff their own farts,Non_hope_speech
How is it not,Non_hope_speech
Why do we have statue of slave trader,Non_hope_speech
She is still the best,Non_hope_speech
Bristol The wrong turn if was iraq,Non_hope_speech
987 people were shot by cops in 2017 775 of the victims were not black,Non_hope_speech
you cant really disagree with being black lmao,Non_hope_speech
AND SHE HAS SHORT HAIR IM,Non_hope_speech
USA Theres Bristol in America know theres one here in the UK,Non_hope_speech
They say coronavirus doesnt affect protestors,Non_hope_speech
James Maher Perhaps missed something here What exactly are you talking about,Non_hope_speech
You probably wont either,Non_hope_speech
Where is your video about inspiring the next generation of female Biologists,Non_hope_speech
Bless you When people can be judged by their character and not their skin color we all win,Non_hope_speech
Thats sad tho,Non_hope_speech
To those that think Black Lives Matter is Wrong Thing To Say Need to hear this Black Lives Matter movement Didnt Mean that Black Lives Matter and yours or Other Lives Not,Non_hope_speech
Shoot the cop who killed Floyd,Non_hope_speech
do even understand what ALM is meant for,Non_hope_speech
To believe in equality for women is dumb imo If was asked that,Non_hope_speech
Meaning that no more slavery respect us as respect ur selves thank,Non_hope_speech
Kid in the red shirt :thinking face:,Non_hope_speech
So from the booing hear,Non_hope_speech
few elite Africans who converted to there Arab masters religion was part of it,Non_hope_speech
No one ever said only black lives matter,Non_hope_speech
definitely thought the girl in the burgundy sweater was LGBTQjust sayn,Non_hope_speech
Beaten with bible Brings whole new meaning to the term bible bashers,Non_hope_speech
Jesus Christ will tell you,Non_hope_speech
go home africa,Non_hope_speech
If you have to pose the question,Non_hope_speech
The Clown blessed be the fruit,Non_hope_speech
was being sarcasticnIm far from wanting to see anything in ruins nIm full of sorrow Nye Bevan spinning in his gravenAnd we should put our trust in Boris Johnson,Non_hope_speech
Kodomo Alright leftist,Non_hope_speech
Blade see it all of the time Even in my own family My mother is White You really just proved my point If you can point out all of those physical differences,Non_hope_speech
Aaliyah Yusuf nHave that same energy when asians were getting attacked by racist ppl,Non_hope_speech
Uh better not cuff my jeans then,Non_hope_speech
the fist is not helping matters,Non_hope_speech
Haskins Where did you get your PhD on Black people Do you have degree in American history Is black history American history you literally have no idea about the other person,Non_hope_speech
This shits mad weird you shouldnt be teaching kids about this kind of stuff kids arent sexual so you shouldnt teach kids about it,Non_hope_speech
Thank you to everyone taking part in the BLM movement even if its just listening nnThis movement is not for selfish cause Black people are being penalized and executed and we desperately need your help to stop the bleeding nNo one is asking for handout We simply want justice and fairness for all race nnThank you,Non_hope_speech
Byuriii oh retweet retweet for sure,Non_hope_speech
That officer at the beginning set the record so straight and true that you might as well call it day there nuff said,Non_hope_speech
Survivor Ridiculous not like the dude was on the verge of dying this is so stupid hes not survivor survivor is someone who went to war and SURVIVED im disgusted they compare this man to real survivor,Non_hope_speech
Honestly just stupidityget help,Non_hope_speech
Winter Soldier thanks,Non_hope_speech
Queen of the world,Non_hope_speech
How When Soros is behind is behind all of this Black people are getting played,Non_hope_speech
and Elizabeth Taylor was the first,Non_hope_speech
Im black woman from another country have sisters that are white,Non_hope_speech
Stereotypes dont spring out of nowhere,Non_hope_speech
guess the blacks killed on the 4th of July dont matter because they werent killed by white police,Non_hope_speech
watched Boy Erased the other day and after watching this video need to say to anybody that is going through conversion therapy,Non_hope_speech
Madonna is the PHONIEST person on earth She is absolutely selfish and vile,Non_hope_speech
Atlas stop asserting and prove don is racist,Non_hope_speech
My name is Jess,Non_hope_speech
SHE IS NOTHING BUT TOOL FOR THE ILLUMINATE SAD,Non_hope_speech
The real truth said it like pro,Non_hope_speech
Jonathan Brandis Whatever blows your skirt up:rolling on the floor laughing::rolling on the floor laughing::rolling on the floor laughing:,Non_hope_speech
BS more whites are killed by cops IDIOT aMErika,Non_hope_speech
France explain why BLM and not ALM,Non_hope_speech
Lavin LMAO im not clicking that link,Non_hope_speech
Xx you should see color though When you say you dont see color you are denying who people are,Non_hope_speech
your guessing,Non_hope_speech
Qwerty it IS truenEvil main stream media will be judged by God and so will the Hatred of BLM and antifa,Non_hope_speech
racist person has awoken,Non_hope_speech
This is stupid,Non_hope_speech
Dont stop fighting Silence is violence We cant breath Am next,Non_hope_speech
It shouldnt have been there obviously the guy donated huge sums near his death to bristol to get brownie points for heaven lol He knew he was guilty glad its down but blm is waste of time as well,Non_hope_speech
Pandering much Sit down you virtue signaler,Non_hope_speech
Driscoll Born to be and engineer vs Born with inclinations are two completely different things nYes they are different of course but so not so much in the context of what was saying,Non_hope_speech
wait till it all explodes,Non_hope_speech
Didnt even watch the vid but Ill tell you why its controversial to say all lives matternIts because racism is tool used by the elite to divide the populationnSo they want the divide and this BLM group helps that divisive agendanOf course all lives matter,Non_hope_speech
Sunshine littlephilly God told you personally he didnt agree with it,Non_hope_speech
the world survivoreis kinda over exadurated,Non_hope_speech
Long Have you ever thought about the reason why these people resist arrest The answer is simple,Non_hope_speech
apologise for stereotyping but the girl who said she didnt understand love,Non_hope_speech
wait minute isnt the leader of the democrats black man come on black people all lives do matter,Non_hope_speech
Its done Get over it It needed to be done and the government was just stalling,Non_hope_speech
People say it because its truthful Your problems arent bigger than my problems Your life isnt more worthy of being talked about than my life You arent better just because you say you are ALL LIVES MATTER If you really think that statement is meant to silence black people,Non_hope_speech
CNN analyst Juan Williams,Non_hope_speech
My choice is to love Could you give me some tips or something to be good friend to my friend Such sweet,Non_hope_speech
No offense but dont think LGBTQ has any thing to do with personality,Non_hope_speech
Why would you beat person with book,Non_hope_speech
Yea Slavery had nothing to do with skin color,Non_hope_speech
Emily Larae Also saying hell never say black lives matter because he got bullied by few black kids as an year old is also silly,Non_hope_speech
BOOOO WE WANT EQUALITY BUT LETS BE RACIST TO EVERYONE ELSE WHO ISNT OUR SKIN COLOR BOOOOO,Non_hope_speech
Omg TJ is Christian now,Non_hope_speech
These kids are so sweet Well done,Non_hope_speech
Better late than ever,Non_hope_speech
Are you going against black lives matter,Non_hope_speech
Nice guy not easy sad too,Non_hope_speech
if you want Im not you,Non_hope_speech
Were not gonna be your friend because you like doctor who,Non_hope_speech
The girl that doesnt agree with homosexuality looks like she hasnt came out yet:rolling on the floor laughing:,Non_hope_speech
Boet GG apparently believing thinking that black lives matter makes me black supremacist If believed only black lives matter would say only black lives matter But said black lives matter,Non_hope_speech
One woman did all this big shoes to fill when shes gone,Non_hope_speech
No offense but what does Asians have to do with this No hate tho Im Asian myself,Non_hope_speech
Nettie Holmes brother it is called joke,Non_hope_speech
The anti racists are the true racists nnI was making longer comment but my browser mysteriously stopped working,Non_hope_speech
believe in all lives matter but what most people get upset about is that its protest to Black lives matter Thats the only light can shed on the BLM movement for getting upset about ALM,Non_hope_speech
wouldnt hit my child with book saying THE POWER OF CHRIST COMPELS YOU just because they came out as LGBTQ,Non_hope_speech
Agreed Idiotic behaviour like this will only fuel racism,Non_hope_speech
souls and forgive ur ignorance You arent as evolved as higher intelligence people,Non_hope_speech
pi Im Communist Lives Matter to those individuals in our lives but as Society we are not obligated Im Voting TRUMP 2020,Non_hope_speech
Hillary Clinton,Non_hope_speech
Sometimes Madonna seems so false but here she seems so genuine honest,Non_hope_speech
Just be like Gary and everything Will be ok,Non_hope_speech
this woman changed my life,Non_hope_speech
RAMPHISA they scream karma believe in it yet think they are not responsible for their ancestors crimes Lmbao We dgaf who is protesting for whites,Non_hope_speech
and MSNBC is the Left version of Fox,Non_hope_speech
Repent God loves the sinner but hates the sin Dont believe this creature of Satan Shes going down and shell drag as many as she can with her,Non_hope_speech
white couple completely screwed up by media and years of leftist indoctrination preparing them for this hideous assault on civilisation,Non_hope_speech
Baby Lives Matter,Non_hope_speech
BLM Too lol Sorry Now Im being rude about gender an honest guy then,Non_hope_speech
you gotta hate Larry Elderwhy He speaks with datathis man has more courage in his pinky finger nail than 95 of democrats and especially any liberal under 30 Black lives mattertell the black fathers,Non_hope_speech
Boring The grandeur of Britain itself is reminder of slavery and empire No point destroying historical items,Non_hope_speech
Insyirah Ami nnCapitalism isnt system of ethics Its an economic system For someone who claims to be educated in business,Non_hope_speech
leaving the world isnt as scary as it sounds,Non_hope_speech
All lives matter if you judge any act for the color of skin regardless what color you are YOU ARE RACEST plane and simple,Non_hope_speech
You speak with women in technical way,Non_hope_speech
Black here again,Non_hope_speech
can say to the klan black lives matter or all lives matter Klan actual harrased and killed innocent people they did not think all lives matter or black lives matter,Non_hope_speech
But not in asia tho,Non_hope_speech
The Sheriff like everyone else is tired of the BS,Non_hope_speech
Well still respect you,Non_hope_speech
Why is it controversial to say black lives matter if its true,Non_hope_speech
More ad hominems and no facts yawn,Non_hope_speech
Jesse Pollack some people just dont get it as long as they stay in their corner you stay in your corner,Non_hope_speech
Love Sheriff Clark he is awesome,Non_hope_speech
Wagnon nRespect,Non_hope_speech
LMAO Throw him in there too,Non_hope_speech
congratulations you can read Do bleach lives matter,Non_hope_speech
grew up with an father who was an engineer was always encouraged in maths since very beginning Now fail history,Non_hope_speech
Bennion have you seen him or talked to him lately or are you just reffering to the character named god in those fantasy books that were written in time where you could have child as your wife and everybody thought we are the center of the universe,Non_hope_speech
Have you watched the video,Non_hope_speech
Okey so all my life Ive wanted to be writer or actress,Non_hope_speech
willholt11 Omg you are so dumb,Non_hope_speech
as swede hearing tj trying to pronounce swedish words was laughing my ass of,Non_hope_speech
Griffin god is not our creator hes is figure conjured up by the human mind to explain things that long time ago we didnt understand like how we came to be and how the earth was formed,Non_hope_speech
What does TONY TIMKA think Hmmmm,Non_hope_speech
think Gary Johnson used poor choice of words,Non_hope_speech
miss the people of yesterday at least we were able to experience something that the kids today will never experience By comparison it was like whole different worldI always thought things would get better wouldve never imagined the world today,Non_hope_speech
Yup My friends have given up on liberalism centrists What difference day makes Jesus not good,Non_hope_speech
Her voice sound so different than it used to nHer speaking voice sounds so tired and weakshe doesnt have that sassy attitude that she used tonHow nice,Non_hope_speech
If had walk in closet would be in their ALOT nEdit,Non_hope_speech
Jonathan LaBrae True brother,Non_hope_speech
completely agree with you,Non_hope_speech
Is Alive Okay fine,Non_hope_speech
White lives are not more important than black lives Black lives have been over looked How many Presidents,Non_hope_speech
Rebekah if youre as you so claim genuine Christian Youre not good person nAnd you probably arent even genuine Christian yourself,Non_hope_speech
Sheriff Clarke is awesome Whoring for votes Plantation Politics Im going to use those quotes later,Non_hope_speech
more like you upstanding hero of little bean,Non_hope_speech
What has she done,Non_hope_speech
No they dont read books,Non_hope_speech
WOW FINALLY SOMEONE ELSE AGREES THERE IS ONLY ONE RACE,Non_hope_speech
Well probably because the parents do want kids to go crazy so its become rule And ive seen in other Kids meet blank the parents be pulled up She mayve been scared,Non_hope_speech
Juan needs to be jobless his no good in the media,Non_hope_speech
Some ppl want to feel victimized and opressed and too lazy to get damn job,Non_hope_speech
Needed going in the water wtf is there such disgusting monument there for anyway,Non_hope_speech
USA is imploding,Non_hope_speech
your nuts What planet do you live on Clearly you are clueless about her,Non_hope_speech
Can you believe it,Non_hope_speech
this is SIMPLEyou are what you worship never was taught that in school correct ALL people are made in Gods image end of story want to choose another form of worship btw,Non_hope_speech
say that to the whites going to the beach,Non_hope_speech
Sasha Dumse no god makes people fall in love with each other their own hearts and feelings do,Non_hope_speech
This is the definition of talking for saying nothing,Non_hope_speech
if George was criminal then it does have nothing to do with racism When will people see this agree that George shouldnt have been killed but it probably wasnt on purpose,Non_hope_speech
LovelyLPSCrew OP said internalized dont think youre understanding the point lol,Non_hope_speech
88 no one should vandalise statue by movement that has no aim and no end they have lost their way and Will begin to distroy the country,Non_hope_speech
Gotta appreciate that when Juan Williams was talking literally everyone interrupted him gotta love fox for not letting people speak,Non_hope_speech
theyre are very few now if days mostly republicans who are Christian are saying its sin at least where live,Non_hope_speech
Crystal is just the loveliest and so wise for her age,Non_hope_speech
wouldnt stop laughing for years if all the people doing this died from C19,Non_hope_speech
say to these hypocrites in the Black Lives Matter Movement that all human lives matter regardless of their skin tone,Non_hope_speech
Stupidity will never give you or anyone else break TJ,Non_hope_speech
Princess Di liberals love promises like PLANS,Non_hope_speech
may ask why,Non_hope_speech
354 ancient egypt no longer exists And they were not built by slaves,Non_hope_speech
hes not trying to be funny hes telling facts through the evelotinary chain of primates to humans roughly million years ago weve been the first species complex and capable enough to create third gender or at least reverse engineer gender not only that but most breeds of dogs and cats exsist today because humans are again the only species on earth capable of doing the things we do,Non_hope_speech
Lol hey black people Asian lives matter as well nYou guys discriminate Asian people more than white peoplenFunny,Non_hope_speech
100 this They know nothing,Non_hope_speech
thought the same thing,Non_hope_speech
So its an insult to say,Non_hope_speech
Where are the police Kneeling in front of thugs,Non_hope_speech
Im really getting sick of BLM,Non_hope_speech
Sutherland Ofcourse,Non_hope_speech
So Democrats destroyed the black family unit through their policies and have now convinced BLM per BLMs own mission statement to attack the American nuclear family as whole:thinking face:,Non_hope_speech
Sunshine littlephilly bro you are Who are you to tell someone they will burn for being in love Your god may preach hate and violence but spreading that message makes you part of the problem and shoving your hate down peoples throats is simply wrong,Non_hope_speech
This is good officer we need more like him,Non_hope_speech
it is in some states but any religious organization is able to preform conversion therapy in any state,Non_hope_speech
Athy1 Im over here trying to figure out whats it going to do nnnnDont get mad anyone who reads this,Non_hope_speech
Wonder if the police will stop Carl marxs statue being destroyed or nelson Mandelas,Non_hope_speech
Ivanov it literally does more harm than good Most people who make it out of conversion end up having to get ACTUAL therapy,Non_hope_speech
Raphael Taylor Am,Non_hope_speech
Butter So her jeans defines her sexuality now Waoh,Non_hope_speech
Somewhere along the line Dems are funding these goalless protests,Non_hope_speech
Are there other statues of slave traders still up in the UK They should all be removed immediately It is shameful that they were ever even put up in the first place,Non_hope_speech
Sam Abesh Lol yeah Ive been taken off lists to visit hangars before take aerospace eng and when asked why,Non_hope_speech
mensah way more whites die by cops than blacks The media just doesnt show it But you are right about cops never loose their jobs or pay even if it is there fault,Non_hope_speech
its nothing about racismits about people who want to do work for theyre living and those who wants everything to come free crime doesnt pay is the lesson from this but people turns now it around and whine about every hammeroid that they got from sitting their whole life this is sick shit and so fucked up,Non_hope_speech
Dont make me laugh,Non_hope_speech
Are you fcking high Brainwashed drone,Non_hope_speech
Wow The plantation owners have really gotten the slaves fighting for them,Non_hope_speech
Until we start to acknowledge that we systematically oppress and discriminate against blacks,Non_hope_speech
BobbityBob19 Priti Patel is priti fit,Non_hope_speech
Annie think her name is she out here with buzz cut,Non_hope_speech
Can we agree all lives are equal,Non_hope_speech
well it is book its written or printed work consisting of pages glued or sewn together along one side and bound in covers thats book,Non_hope_speech
New software may be answer for police dept abuse to be ended finallynRemember redlining by banks on loans to designated areas of cities loans were too risky to give too blacks Now fuming police Depts and their unions support will try it with new spin Soon Google earth and algorithims will take the address and zip to tell an officer if call is to an extremely hazardous RED or safe GREEN ZonesnTHEY WILL RESPOND AT THEIR DISCRETION WITH NO REPERCUSSIONS BY POLICE DEPT ALLOWEDA RESULT OF UNION NEGOTIATIONSnPolice are not obligated to go into an overly dangerous situation and sacrifice their life and blacks being lost needlessly,Non_hope_speech
completely agree If you have natural interest in given topic,Non_hope_speech
Come on Hannity,Non_hope_speech
Nord Then why are you even here,Non_hope_speech
All lives do not matter cause white people didnt get lynched this week,Non_hope_speech
actually children act better,Non_hope_speech
Im studying Accountingmy last year but want engineering,Non_hope_speech
The Clown dont agree with everything about Madonna but too am sinner but let me ask you somethingwho turned all the men into sinnersIt goes both ways,Non_hope_speech
In the name of Black life matter Why cant protest when some people shoot in ur school,Non_hope_speech
yh you did cause his names Jules,Non_hope_speech
these videos make me love kids so much more cant wait to raise compassionate little humans,Non_hope_speech
The star was most likely chosen to fit the text,Non_hope_speech
she may just like her hair short but anyways if she doesnt maybe its internalised homophobia,Non_hope_speech
Are you are starseed child If yes,Non_hope_speech
Unborn lives matter the most,Non_hope_speech
Shes in the Guinness Book of World Records as the most selling female recording artists of all time,Non_hope_speech
Morrison think phrased it wrong in the sense that never played with Legos Ive seen it,Non_hope_speech
noticed that within engineering schools,Non_hope_speech
This is great who needs reality tv,Non_hope_speech
Police are much more hostile towards poor people,Non_hope_speech
Love her always,Non_hope_speech
Bauer Frazier Though largely agree with your post,Non_hope_speech
Chloe Faye mean they are there to hear his story,Non_hope_speech
ARREST THE KILLERS OF BREONNA TAYLOR,Non_hope_speech
Fellow Catholic checking in,Non_hope_speech
Why not they burned our history we are the creators of the world,Non_hope_speech
literally thought she was lesbian,Non_hope_speech
Also did some of you forget we in pandemic,Non_hope_speech
White people own other humans as slaves for hundreds of yearsnnBlack people finally tear down those statues because enough is enough and things need to be saidnnWhite people Hey,Non_hope_speech
Haskins if you wear mask youre an idiot Hinder your immune system ans get hypercapnia Lol,Non_hope_speech
There is no one way that engineers dress,Non_hope_speech
White lives matter Black lives matter your lives matterThe ridiculous crap needs to stop,Non_hope_speech
Its not controversial to say all lives matter Haha thats nuts:face with hand over mouth:,Non_hope_speech
Ellen Thorne Thank you Unfortunately the BLM extremist want whites to believe otherwise Incredible how so many people lack common sense and fail to see the hypocracy behind the movement to spread SocialistMarxist ideologies All it takes is one glance at the BLM mission statement to see black lives is the least of the movements worries,Non_hope_speech
But she clearly says that she doesnt agree with homosexuality,Non_hope_speech
Some One SHE HAS SHORT HAIR AND CUFFED JEANS,Non_hope_speech
Kids meet an Xbox player,Non_hope_speech
Replace it with george floyd statue,Non_hope_speech
The sheriff is correct black lives matter has been destructive in its naturen This ideology that they give people is very misleadingnnnAll lives matter if you put color in front of it you yourself are separating segregating and potentially have become racist or biased on one group of persons by their color of their skin,Non_hope_speech
TheNatureLover oh okay Thanks for clearing that up,Non_hope_speech
think she is an indigo spirit they are like angels but more aggressive like warriors because they are here to change the old outdated paradigms,Non_hope_speech
Repent for what Are we casting stones What did Jesus say about that Hypocrite,Non_hope_speech
Wishing you love light on your journey,Non_hope_speech
Because like Im so educated because like Ive been to like Bristol uni like and they like taught me to like hate myself for being white like Absolute special needs,Non_hope_speech
What data is Juan referring to when he says clearly there is an excessive use of police force,Non_hope_speech
This was not the appropriate video to put this in have some respect rest in piece gorge Floyd,Non_hope_speech
Im with the sheriff,Non_hope_speech
live in the north of England and can tell you we are all piss poor It annoys me when Im told my white privilege is helping me because honestly work hard and have nothing to show for itn So When Im told not to judge all people of colour the same,Non_hope_speech
But there was no girl with short hair,Non_hope_speech
Until everyone can understand that ALL LIVES MATTER,Non_hope_speech
leila lalala :thinking face:maybe Ive never given it much thought,Non_hope_speech
The people who came up with All lives matter were sending the wrong message Most of those people are whites who think blacks shouldnt get so much attention,Non_hope_speech
The oppressed will RISE up,Non_hope_speech
vos shes witch,Non_hope_speech
that would just be,Non_hope_speech
my lives is matter,Non_hope_speech
What change does throwing over statues make Shouldnt they lobby the government What police brutality is there against blacks in the UK Even the leftist BBC doesnt say this is correct,Non_hope_speech
when,Non_hope_speech
poland write in English dont understand what your reply,Non_hope_speech
Ive never seen more disingenuous phony in my life Shes taken the world for rip off ride Wake up,Non_hope_speech
If God was important they wouldnt oppose equal rights,Non_hope_speech
people have been campaigning for the removal for some time now They didnt listen,Non_hope_speech
TronI feel sorry for all of you for not following Gods word am good person,Non_hope_speech
Sunshine littlephilly Iv heard if believe in Jesus and know him as my saviour will go to heaven we all sin,Non_hope_speech
Alessio Popovic we are not all the same We are all different and thats beautiful We should all be treated the same,Non_hope_speech
They have always had chips on their shoulders,Non_hope_speech
what how are chinese people white please dont forget that there were anti chinese and asian laws in history,Non_hope_speech
In actuality both the colours black and white are not colours They are lack of colour,Non_hope_speech
if your becoming racist because of slaver statue so be it,Non_hope_speech
Stranger Here who isnt,Non_hope_speech
These protest are about the systematic killings of blacks by the authorities and racism that exist within the western system,Non_hope_speech
My gaydar went off as soon as she came on screen,Non_hope_speech
So right on so many levels,Non_hope_speech
God Pro life Pro Gun but both at the end of the day have unfounded beliefs,Non_hope_speech
Frederick Uzokwe oppression is worse than deathnHeard it all now,Non_hope_speech
Po they are treating it that way Manson would be happy in these days as they are pushing for his beloved race war,Non_hope_speech
Nobody says blue lives matter,Non_hope_speech
what thought the west classify asians as yellow huh,Non_hope_speech
This sheriff is non factor,Non_hope_speech
Most of the violent acts in the Bible took place before actual christians in small section of the book where the Canaanites were still around Youre ignoring most of the book which is peaceful,Non_hope_speech
David Cobb no bell end its not what said is it,Non_hope_speech
Gays love you too Madonna Thank you,Non_hope_speech
Its hard to trust wikipedia,Non_hope_speech
would never apologize for saying all lives matter,Non_hope_speech
Beautiful Human Being Earth,Non_hope_speech
Thats not commandment,Non_hope_speech
So youre telling me only black lives matter no one else get real everybodys life matters white black look whos being racist,Non_hope_speech
And your weather why you didnt win dont have that happens to everybody,Non_hope_speech
Darryl wouldnt be surprised if this somehow actually got black people to start hating black people,Non_hope_speech
love how YouTube once again didnt notify me of this live event,Non_hope_speech
Rahi Da Silva you straight up took the words out my mouth brother Thanks brother,Non_hope_speech
Imagine going off on someone for an ongoing LGBTQ joke within the community,Non_hope_speech
The US and europe is not the world btw,Non_hope_speech
BILL CLINTON THE RAPEST RIGHT and now that Illuminati witchwho btw said she wanted to bomb the white houseand she received prizemaybe shell get sacrifice soonwho knows such BS shes clearly annoyed by this poor interviewerhes sooo boring,Non_hope_speech
Uh Do you even know how to spell Judaism No you do not Get lost 12 year old,Non_hope_speech
funny how none of these idiots cared about this statue before today,Non_hope_speech
marcus where are the people who did this to you so can beat them with book,Non_hope_speech
Clip No they dont,Non_hope_speech
We should keep conversion therapy but instead of converting kids,Non_hope_speech
Oh yeah didnt realize talking about mens issues was class problem of blaming womennKinda like how feminist dont give shit about mens issues or mens rightnfeminism today is hate group,Non_hope_speech
Such passionate woman She is so under appreciated One day shell be gone,Non_hope_speech
blm will never matter,Non_hope_speech
the other sat back and watched george floyd is one of many we are fighting broken system,Non_hope_speech
burger imagine house is on fire,Non_hope_speech
That liberal dude looks like jazz raisin mixed with that John waters guy,Non_hope_speech
The Home Secretary is stupid coolie,Non_hope_speech
David McDonial thats shame They way you react tells me other wise But ur not the only person in the world who lies to themselfs Its common forgive you,Non_hope_speech
so you have to be british to like british show,Non_hope_speech
Eternal lifes matter,Non_hope_speech
We shouldnt be arresting and arresting black people for year See if the world gets lot safer,Non_hope_speech
God is not partial all lives matter even those that dont know Him,Non_hope_speech
MrCosmin94 its sad youre so ignorant Im legit agnostic and anyone that can make such an assumption against all possible evidence in universe that has no reason to exist That merely exists as probably of 11trillion to the 13th powerwhich shatters the laws of probability according to Stephen hawking and to deny any sort of evidence from the philosophical world,Non_hope_speech
Staged and facilitated,Non_hope_speech
Well dont agree with your delusions,Non_hope_speech
very few want him in officehes already fucked up the country has tried to be king Obama Hes just going to declare Martial law crown himself king If bloody Hillary cant buy her way into being president,Non_hope_speech
The president is not doing any of this its the democrats thats calls the all of this,Non_hope_speech
Obamas increase in welfare is not only crippling the economy as whole but its ENABLING poverty When people are comfortable in their poverty,Non_hope_speech
So what bernie Sanders means its ok if black man killed white person its ok but if white man kills black person hes racist,Non_hope_speech
am die hard Atheist and was raised in christian home 18 years until left for college recently got into debate with some bible bashing door knockers explained that knew about Christianity and all the lies that it promise me and never game me told them Jesus hates,Non_hope_speech
BP Gaming but if say what he said Id be threatened,Non_hope_speech
cant we just be excellent to each other and party on,Non_hope_speech
OMFG All lives matters All lives matter equallynnBut some lives are treated as if they dont matter That does not mean their lives do not matter nnLook,Non_hope_speech
gaming but history is the problem Perhaps if everyone could let go of the past rather than obsess over past glory and mistakes that caused trauma or create separation perhaps humans could start to move forward as species,Non_hope_speech
Hey im going to study electromechanical engineer but didt pay very attention to thisI never thought that all the student will be boys omg im scared where did get,Non_hope_speech
Thats the dumbest op Ive seen in while The president IS the person whos running the country dumbass,Non_hope_speech
This guy is totally right Im white man and love what am listening to here and there opinion on what is going on We do not hear enough from the black community on what is going on,Non_hope_speech
Can bring wheel barrow,Non_hope_speech
Rebekah Just couple things nFirst,Non_hope_speech
George Floyd was Criminal against her own Race,Non_hope_speech
Woko haram visits Bristol Attacks statue,Non_hope_speech
Aelor omfg All lives DO matter But atm blm because lot of blacks are dying as result of police brutality and racism If kid gets hurt and is in need kf bandage,Non_hope_speech
TheRealJacob603 no it is nothing like your comparison,Non_hope_speech
is Lord Savior Because pointing gun at the belly of pregnant woman while robbing her house is totally minor matter,Non_hope_speech
If you say All Lives Matter,Non_hope_speech
You have to be impressed by Sheriff Clarke He sees the suffering first hand the rest just have theories about it,Non_hope_speech
If you need to add survivor then it is not therapy,Non_hope_speech
People are allowed to have opinions :person shrugging: Most likely she gained that opinion from family membersreligion Even if not theres no need to shame her for having an opinion,Non_hope_speech
Actually there have been very few cases of it working,Non_hope_speech
Not single person has died from it Not one Its no different than Alcoholics Anonymous where people try to help you stay away from bad behavior,Non_hope_speech
did you know black and white are not colors they are shades go try reading book and learn,Non_hope_speech
No they fight about their black skin thats it We should be take care of ourselfs too,Non_hope_speech
Being Keith Harings birthday then made it more emotional for her,Non_hope_speech
go back to Africa,Non_hope_speech
willholt11 You tell me What honest statements about Black people have you made why are you making them Do you know any Black people What are you afraid of Does Black Lives Matter,Non_hope_speech
Its really amazing,Non_hope_speech
Youre one of those lunatics speaking in this video,Non_hope_speech
CHASER its cool that he including being Asian It shouldnt be big deal also agree with the sheriff,Non_hope_speech
shes inspiring,Non_hope_speech
Chance Mckinney used to do that before even thought that might be bi but still dont know,Non_hope_speech
The one who doesnt agree with homosexuality is definitely lesbian lmao,Non_hope_speech
think Ive found where all the over 55s chill on YT lol,Non_hope_speech
you mean something every normal person does when they cant afford tailor,Non_hope_speech
Sanders is so clearly manipulating young people,Non_hope_speech
Abdi see you get your information from tictok,Non_hope_speech
get them out of the country they are destroying history,Non_hope_speech
Ineedthat incredible jacket shes wearing,Non_hope_speech
the Niller Waffer oh,Non_hope_speech
Sheriffs da MAN,Non_hope_speech
Its your boy uh skinny penis Do you think the same thing about homophobic posts on the internet mean if they cant handle it,Non_hope_speech
The majority of these women seem to be speaking of assumed sexism,Non_hope_speech
Alexander Laurie Birchley what does bringing down war memorialsleaders even achieve Who would actually benefit from it Theyre literally only doing it to look good,Non_hope_speech
Once again you are claiming stuff your government provides In my country those things you said are for both genders as long as you are entitled to them Not every country is like yours so dont generalize into somehting you dont know dont know what kind of dangerous,Non_hope_speech
Injustice anywhere is threat to justice everywherenBLM when people mention chineese slavesn,Non_hope_speech
The best thing about wormy sanders is the fact that he is old and will die soonAll lives matter you group of Jagaloons,Non_hope_speech
The girl is the red sweatshirt is very obviously some form of LGBT Theres something more than just tomboy vibes coming from her,Non_hope_speech
That is stupid quote The same kinds of evils will happen even if people do know about history And some people want to repeat history,Non_hope_speech
Lol wow 4yrs ago election time is best to bring up racial issues to get those low informed voters,Non_hope_speech
Political arroganceignorance is what got the world in the mess it is in,Non_hope_speech
Its ridiculous to believe all lives do not Matter JESUS died on the cross for we are all Gods Children,Non_hope_speech
This is 2020 and statues like these belong in museum now,Non_hope_speech
Think am gonna vomit,Non_hope_speech
Well he is right,Non_hope_speech
That would be just pure mean,Non_hope_speech
dear Marcus Igor are awesome already listening to the podcast,Non_hope_speech
Im studying railway engineering,Non_hope_speech
lol Im laughing so hard at someone who survived through being forced into manual labor and survived being starved omg what fucking joke it is haha,Non_hope_speech
Jack Parsons Thats why dont support them,Non_hope_speech
nHi Im recent aerospace engineering graduate from UK There were only few girls in our department You know what Instead of set aside,Non_hope_speech
House of straw,Non_hope_speech
agree Just like homeless elderly Asian man got violently attacked by black man Does that man live not matter So yeah,Non_hope_speech
Oh and by the way Im black hispanic,Non_hope_speech
Madonna its time to visit your dentist and get some teeth whitening,Non_hope_speech
God loves us all lets move on and FIX the citiesnTroops home spent on all communitiesnGood luck from Australia,Non_hope_speech
Campbell nopenIf all lives DONT matter FIRST How can ANY lives matter,Non_hope_speech
Kneel Down New Normal,Non_hope_speech
Well granny lost the eye patch,Non_hope_speech
Did the shorthaired lesbian just say dont agree with like homosexuality Im shook,Non_hope_speech
whats racist is black people getting killed for simply being black,Non_hope_speech
What disgraceful time Bring back the 80s please,Non_hope_speech
Native Indians lifes matter,Non_hope_speech
Out of egypt have called my son,Non_hope_speech
Why cant you let the guy finish his point Silly conversation,Non_hope_speech
Go to Chicago See if Black lives matter there,Non_hope_speech
present are your parents homophobic my parents are,Non_hope_speech
Thats rare motherson scenario,Non_hope_speech
wont beat them with book Ill beat them with broom,Non_hope_speech
What the fuk is an African American You really are propper fukked up country,Non_hope_speech
Another Cultural Marxist IF she is really an engineer what has she done Maybe the fact that women are more interested in advocacy and groupthink is why we shouldnt waste time training them Reminds me of that other Jewish woman agitating for more women in video games guess gender doesnt matterunless you can agitated for women This is more mushy thinkiing Things can only get better with female perspective So are we going to ACKNOWLEDGE MEN AND WOMEN ARE DIFFERENT YES OR NO You Cultural Marxists cant keep up with your own lies Ted is pretty much trash now,Non_hope_speech
yall are talking about the girl that said dont agree with homosexualality but my best bet is that shes part of the lgbtq community and is just trying her best to hide her true sexuality because shes scared or ashamed that she wont be accepted,Non_hope_speech
Men are feminin too Somebody lied to all of us smh,Non_hope_speech
god gave us choice,Non_hope_speech
Shrodinger Kat youre saying that people are entitled to Religion but youre also saying that they cant actually adopt the full beliefs of their religion even the ones you may personally disagree with or society may disagree with,Non_hope_speech
There all making people hate them,Non_hope_speech
Is that what happened,Non_hope_speech
Wood How so Did we say George Floyd was savior of mankind Did he save someones life No George Floyd is one of many black people who died of police brutality and social inequality He was catalyst that finally allowed this chain reaction to explode Please understand the meaning of all this before ever thinking about posting something so despicable as this,Non_hope_speech
All black panel How smart is that And what is up with the that sheriff and slavery He loves that word,Non_hope_speech
use your brain Great Big Story,Non_hope_speech
rippy pancakes Slavery has been around since day one,Non_hope_speech
What is this university name Im in my last year of mechanical engineering and Im not loved to graduate as Im girl was buliing dayly and yes that is third world university,Non_hope_speech
crowd was being facetious,Non_hope_speech
She looks amazing,Non_hope_speech
Shes just such beautiful person Very touching interview,Non_hope_speech
good luck You can do it,Non_hope_speech
Never said that but ok,Non_hope_speech
at least one person here is thinking,Non_hope_speech
White man is weak nowadaysnWhat disgrace,Non_hope_speech
wonder how many of them have notes,Non_hope_speech
When you realize this video was from years ago,Non_hope_speech
Why does this video have the date of Oct 15,Non_hope_speech
he isnt real,Non_hope_speech
It sounds like these women are upset about being treated just like everyone else in the workforce,Non_hope_speech
All this do is dividing black and white people even more We have to look beyond skin color Erase the boundaries between people When we do that there will be no black community or white community It will be peoples community,Non_hope_speech
There are as many if not more whites killed be the police,Non_hope_speech
the inference is supposed to be,Non_hope_speech
kolb invite you to review the dictionary definition of brought,Non_hope_speech
Right thought was the only one who noticed that change in her energy she seemed so uncomfortable in her 50s,Non_hope_speech
If they called themselves Black Lives Matter Too,Non_hope_speech
Cheese Oh my god youre genius,Non_hope_speech
If Black Lives Matter then WHY are so many black babies being ABORTED Dont they matter as well Im all for ALL LIVES MATTER,Non_hope_speech
Life is tough but its alot tougher when you are stupid,Non_hope_speech
Brown its not an assumption when black lives matter and Antifa lock people inside building and then set it on fire thats not protesting nor rioting its domestic terrorism,Non_hope_speech
Painter youre uneducated and refuse to learn All lives matter has come to be protest against BLM That may not be how it started or how some people use that word,Non_hope_speech
agree that blacks have been treated poorly in the past and to lesser extent,Non_hope_speech
because the focus and advantages wont be on just the morons,Non_hope_speech
Yes plastic surgery,Non_hope_speech
This is how the Irish problem startednPoliticians must listen to the peoplenStatues firstnThen what,Non_hope_speech
Churchill statue next,Non_hope_speech
When the sheriff first came on the public scene many years ago,Non_hope_speech
Yall talking lesbian but think it more likely thats shell come out as trans,Non_hope_speech
Wth why cant people just be like him,Non_hope_speech
Why do we have to keep us separate in communities,Non_hope_speech
NERII NYA how do you know Are you pretending to be Christian There are lot of FAKE ones and that is grave mistake did you read the Bible for saying that is false,Non_hope_speech
Haskins dont know Whats worse Making honest comments about black people,Non_hope_speech
Also Im not disagreeing with you but the enslaved bit was for every other race apart from white but still ALM,Non_hope_speech
dont agree at all,Non_hope_speech
The one everybody thought was bi,Non_hope_speech
BLM what joke GET JOB,Non_hope_speech
Brown So Im not good person because teach Gods word and have been kind to everyone here am genuine and have shown that throughout this entire thread You didnt say word,Non_hope_speech
Exactly and thats why they hate it,Non_hope_speech
Provocateur why are you bringing tattoos into this So what if someone gets tattoo,Non_hope_speech
race that has done nothing for the betterment of mankind certainly has lot to say,Non_hope_speech
Send them back,Non_hope_speech
Please describe the exact crime and violence BLM itself has caused and promoted,Non_hope_speech
Weird that this has comments enabled when Special Books by Special Kids isnt allowed to have comment section,Non_hope_speech
As an American,Non_hope_speech
The chemistryenergydynamic between these two feels so awkward Love her,Non_hope_speech
Plantation politics Exactly,Non_hope_speech
So blacks can be lazy and complain in Africa lol they dont want to be anything other than angry,Non_hope_speech
He was abusive as well His wife said that before she divorced him,Non_hope_speech
Not white people when they have all the privilege,Non_hope_speech
Hahahaha that sexism test at the end was such horsesht,Non_hope_speech
Realism vs feelings propagandamost people prefer the last one This is why almost nobody gives damn about real issues like Hong Kong,Non_hope_speech
Every life matter Black,Non_hope_speech
Theodore Haskins bro listen to yourself,Non_hope_speech
and throwing away boxsets of roots,Non_hope_speech
id yeet dictionary at them,Non_hope_speech
Pitner Didnt imply it was current at allnQuite simple statement,Non_hope_speech
Honestly screw them people aswell abusing police officers disgraceful,Non_hope_speech
Rhodesia is name only used by bitter white former colonists who can move on with their lives,Non_hope_speech
She looks incredible,Non_hope_speech
Id just yeet the book back at them,Non_hope_speech
This was years ago,Non_hope_speech
When people are running for president or anything like that the Santa said whatever of course theyre going to say what you want to hear dont make us look dumb Bernie goofball all lives matter,Non_hope_speech
But cop pulling up car deep each car can say it gang have force number,Non_hope_speech
We are all thinking it,Non_hope_speech
that would just be uh pure mean shes so cute omg,Non_hope_speech
cough cough cough cough coudies,Non_hope_speech
Jim Byrne what you just said is literally so racist and offensive:woozy face:,Non_hope_speech
Wilson It means,Non_hope_speech
Digging the Misfits poster in the back,Non_hope_speech
So did he survive suicide attempt or anything You can only survive if your life is in actual danger Hes victim,Non_hope_speech
know right it feels horrible to have someone assume your sexuality,Non_hope_speech
They have no clue,Non_hope_speech
Why are all these kids smarter than me,Non_hope_speech
Eric Miner Depends in the program There are some that is specific time frame and others that are like institutional places They send them to live there until they are cured,Non_hope_speech
How are Christians ruining these kids when all of them were kind and respectful,Non_hope_speech
Abolish Qualified Immunity,Non_hope_speech
mask Is dumb so whi sold slaves to americans mr big brain,Non_hope_speech
BLM is not racists if it were wouldnt be defending it here,Non_hope_speech
If you think BLM is doing anything then youre an idiot,Non_hope_speech
Tagerius well thats something at least,Non_hope_speech
It makes me sick If walked down the street with sign saying white lives matter,Non_hope_speech
Its okay to be white,Non_hope_speech
Who us protesting for Equality,Non_hope_speech
nAnd When look at the pyramids dont think they are literal structures to guide pharaoh into the afterlife,Non_hope_speech
More whites killed by cops than blacks killed by cops think we need movement to combat the brutalization of white citizens by the police nnWHITE LIVES MATTER,Non_hope_speech
Stranger Here who isnt,Non_hope_speech
ok annie you can leave now,Non_hope_speech
World You ought to know by now,Non_hope_speech
live on the premise,Non_hope_speech
Djelloul Because its immoral,Non_hope_speech
like seeing her this way She seems real,Non_hope_speech
Agreed this will fuel racism damn sure,Non_hope_speech
Hes great interviewer,Non_hope_speech
Its torture not therapy,Non_hope_speech
Im black and never thought about this have changed my mind about this BLACK LIVES MATTER TOO,Non_hope_speech
Didnt see the survivor part,Non_hope_speech
Rebekah love how you need god to make up your mind about something and cant think for yourself,Non_hope_speech
How is she supposed to do that,Non_hope_speech
Um yes love doctor who lmao love crystal,Non_hope_speech
Yknowmy gaydar is going off around Anniecloset case,Non_hope_speech
What about the sixyearold autistic kid that got killed by two black cops thats why all lives youre playing the race,Non_hope_speech
LOVE the jacket she is wearing Very Michael Jackson of her,Non_hope_speech
God bless and protect sherif Clarke,Non_hope_speech
When hear black lives matter but not all lives matter feel like they are saying my life dont matter So if my life dont matter so why should care about anyone elses life,Non_hope_speech
StAtIsTiCs are RaYsIsT,Non_hope_speech
Suffering He better apologise on his twitter account otherwise well cancel him for something he did near on 200years ago Some idiot,Non_hope_speech
Men think with their brains and women think with their emotionsnnThinking with emotions is semantically invalid statement If you mean to say that women react impulsively to their emotions,Non_hope_speech
What instrument do you play,Non_hope_speech
Im pansexual and mentally and physically disabled,Non_hope_speech
Is User hrnnngngggggn marxist nsdhjdbdkdhdknnanyways the looting has mostly stopped as they have now gotten much more organizednnthe protestors have also made wishes to not be violent,Non_hope_speech
This is 100 true But your oppinion cannot change the fact that the world has race problem You can choose to ignore it but its there All lives cannot matter until black lives matter It is not possible for all lives to matter if weother races keep on blowing up innocent black people,Non_hope_speech
Should all the castles built by the normans in Wales be demolished too this is all ballocks,Non_hope_speech
What in the hell is wrong with everyone Booed on stage for saying All lives matter They cant think for themselves Their thoughts are controlled by the media Pathetic,Non_hope_speech
TnThe Narrative tell lie often enough and sooner or later people will believe it,Non_hope_speech
What panel,Non_hope_speech
This video is not just pointless,Non_hope_speech
The sheriff is ontheground experienceI believe him,Non_hope_speech
Can you link the source Really need it atm,Non_hope_speech
Byuriii the joke is on those who judge,Non_hope_speech
What is hindering African American prosperityn,Non_hope_speech
God Bless all the Police risking their lives everyday,Non_hope_speech
TJ its hostage situation cheJay,Non_hope_speech
Then what are we all arguing aboutnBINGO,Non_hope_speech
doubt everyone in the world would choose to be homosexual so calm down honey,Non_hope_speech
Why is she dressed like Michael Jackson,Non_hope_speech
The worst thing you can do is deny who you are,Non_hope_speech
This guy is joke guess when he was younger the black panthers wasnt influence on him,Non_hope_speech
Is Alive Do you have to spend so much time attacking other people on some random video,Non_hope_speech
Not only blacks almost everybody from all races are being affected by the misuse of power shown by the police,Non_hope_speech
Its really hard to relish this slogan because it has been politicized in way that condemns blm and its motives as whole,Non_hope_speech
RL Noob ikr that audience is happy and all when someone stands for their own race but when its different race they get all defensive and make themselves look like the victim,Non_hope_speech
Every time read the comments section in this and other types of videos where women describe their experiences,Non_hope_speech
You cant get wand and be like Bippity Boppity Boo,Non_hope_speech
To say anything for vote Shameful,Non_hope_speech
IM IN LOVE WITH THE COP THAT IS REAL MAN SEXY MASCULINE GOOD MORALES,Non_hope_speech
If you click strongly disagree with all questions then make your gender female age 1820 something living California with Bachelors degree you get two zeros,Non_hope_speech
Focus on the demand and not the supply,Non_hope_speech
Lets all go out stealing,Non_hope_speech
Butt of the Day ma gewdness,Non_hope_speech
Dark Gunman The feminism effect like that title,Non_hope_speech
You sound dumb Af,Non_hope_speech
Black college students at MANY universities are demanding black only spaces,Non_hope_speech
You really think it wasnt CmonnTrump and his staff are just idiots oc,Non_hope_speech
Rellie Wise literally not even half,Non_hope_speech
Lavin your exactly on point the majority is dumbed down,Non_hope_speech
And even if it actually was,Non_hope_speech
Chiware uhthats what said did you not read the comment,Non_hope_speech
They do but,Non_hope_speech
BLM sounds like fashizm That is exactly how it started back in the history,Non_hope_speech
Not true my friend Racism is still very high today but it is lower than it was 60 years ago,Non_hope_speech
dont get it when ppl say they dont agree with homosexuality like wtf what is that supposed to mean im religious myself and do believe theres some sort of higher being,Non_hope_speech
What seems SATANIC here is you,Non_hope_speech
that would just be uhhhpUrE mEaN,Non_hope_speech
LG she seems very sad in an emotional way,Non_hope_speech
438 Racists viewed this,Non_hope_speech
Can ask serious question blm is wanting change but why wont blm got to the continent of Africa and protest in some of the war zone countries,Non_hope_speech
yes they did lol there are letters from African Kings asking Europeans to stick to the trade ports instead of moving in land and stealing people from towns along there rivers There was also court cases in the country of Bennin that were going to decide if the ancestors of royals should pay reperations to those who they sold into slavery They decided against itnnAfricans dont even dispute this claim the only people that do is white western liberals and those who they teach There is too much evidence to deny this,Non_hope_speech
They already up to do it morons,Non_hope_speech
do kind of dislike the depiction of Maui Im from New Zealand,Non_hope_speech
JACkEBOY says person that isnt infected Someone who is might have different opinion Stay safe,Non_hope_speech
Until we stop using terms like colored communitys this will never go away,Non_hope_speech
HardynFine Any argument you put up can be disproved Go ahead Shoot By the way,Non_hope_speech
name What evidence All youve done thus far is appeal to your own incredulity That is not evidence No,Non_hope_speech
or maybe possibly straight,Non_hope_speech
Im all in for equality but think what the future holds for USA is akin to the aftermath of Nazi rule in Germany The German government is now very apologetic to the Jews People Whites maybe will become very sensitive to slight black person According to me,Non_hope_speech
Salehi exactly,Non_hope_speech
Gaming ROBLOXnThat makes no sensenBlackAfrican descentnBrown can mean different ethnic groups depending on which country you say that but Brown in the US would be Latinos and Brown in Canada would be South Asians and Middle Easterns,Non_hope_speech
She turned 61 just months after this interview,Non_hope_speech
want the Demon of homosexuality to DM me,Non_hope_speech
Thats true actually,Non_hope_speech
jesse Pollack bless your heart,Non_hope_speech
George Floyd held gun on pregnant woman dressed as cop Whats wrong with you,Non_hope_speech
DramaNation you dont get high by beer and beer isnt made from weed plants,Non_hope_speech
Alan Hunt says the guy who cant spell amazing,Non_hope_speech
Black lives matter is racist and delusional,Non_hope_speech
Rivas Black people,Non_hope_speech
Cole racist asf but okay,Non_hope_speech
No one is trying to change the past,Non_hope_speech
mindprism dont associate with the types of women you associate with find those types of women,Non_hope_speech
She has old lady voice,Non_hope_speech
Have whole lotta hope,Non_hope_speech
2020 is the moment that ppl wont ever forget,Non_hope_speech
TA If you are getting good marks then it will shut them up And if your marks are poor then it is understandable why they think that but still not okay,Non_hope_speech
Look around you,Non_hope_speech
yes they did Except thankfully that never actually happened,Non_hope_speech
hans kasper No one ever said white lives doesnt matter Why dont white Americans start their own protest instead of trying to forcefully join and switch the agenda In no way is it double standard,Non_hope_speech
For ages thought BLM was type of sandwich,Non_hope_speech
Absolutely horrible thats still thing,Non_hope_speech
Windsor new york,Non_hope_speech
FBLM TAG THE BATHROOM WALLS AROUND THE WORLD,Non_hope_speech
Lynn We come from different countries Youve obviously been brainwashed by socialism used to think the same way,Non_hope_speech
Applaud the protesters,Non_hope_speech
When blacks come into say the uk we dont force them to worship christian religion or any for that matter but if the white man goes to muslim country we have to ABIDE by there rules black lives matter phshhht,Non_hope_speech
Ummm read her brothers book,Non_hope_speech
Her face is soooo wide,Non_hope_speech
Bone who was,Non_hope_speech
my guy true shit,Non_hope_speech
think the girl who thought homosexuality is choice is lesbian,Non_hope_speech
Robots Player He did not shoot her but he threatened to,Non_hope_speech
Po0fy Thanks Im so glad that your fellow man in adult consenting relationships are your enemy Please stop using computers,Non_hope_speech
IT But why strongly believed in God and still do,Non_hope_speech
Elana Vital Its difficult one Historically females were considered less valuable to the tribe They cant fight,Non_hope_speech
Badger idc if youre gonna claim something,Non_hope_speech
No they dont want the truth They are soros robots,Non_hope_speech
said tech not STEMnnItd kinda hard to give or even collect stats on something like that Any study that tried to show it would be called sexist and lot of the tech people encounter,Non_hope_speech
Dimacrats give welfare money to black PEOPLE to keep thim in control,Non_hope_speech
Materia nnI assume that is directed at the chinese,Non_hope_speech
LMFAO Yah you right feminists,Non_hope_speech
Major issue still exist in our suburbs Especially Hatfield,Non_hope_speech
Tell her said happy bornday,Non_hope_speech
Pop Yeah get what youre saying Theres some things just cant get past honestly feel these last two albums shes made have been extremely dark Theres things that Ive picked up where my conscious tells me that doesnt sound or look right You know often ask myself when listening to one her songs,Non_hope_speech
That would just beuh pure mean love that,Non_hope_speech
Again He got killed for using false money,Non_hope_speech
Tucker Carlson is fired from Fox news republican massmedia talked too much common sense,Non_hope_speech
God gave us choice,Non_hope_speech
Republicunt Trump supporter logic all lives matter He deserved to die he was thug Fucking pathetic hypocrites,Non_hope_speech
Black lives Black Vote,Non_hope_speech
Wtf thought Annie is lesbian was like omg she is gonna have connection with him,Non_hope_speech
Fernandes Darwins Theory still stands,Non_hope_speech
That one girl said she doesnt support lgbtq people due to her religion,Non_hope_speech
No because that is hate crime Not the same as destroying statue of racist,Non_hope_speech
Literally everyone was thinking this,Non_hope_speech
Obama statistics Everything is just hunky dory,Non_hope_speech
Well Democrats supported Obama,Non_hope_speech
Who is she fighting,Non_hope_speech
It is pathetic to develop interest in some professional field by giving kids toys,Non_hope_speech
Race was invented in the 17th century to divide people up and look out side now it did do that,Non_hope_speech
The media an the left are using the black cause to further there own agenda,Non_hope_speech
What do mean by snowflakes man,Non_hope_speech
Di Trump failed this country So go ahead hope he wins Trump and Putin 2020,Non_hope_speech
Yooo kid dont think you understand Blacks were brought over here hundreds of years ago to be forced to work in shitty conditions Our ancestors put their blood,Non_hope_speech
THOUGHT THE PERSON WHO DIDNT AGREE WITH HOMOSEXUALITY WAS THE HOMOSEXUAL,Non_hope_speech
This whole protest makes no sense Destroying police properties,Non_hope_speech
THAT SHERIFF IS STRAIT HARDCORE BRO:rolling on the floor laughing:nAND YOU WILL GET TICKET EVERY TIME NO WARNINGS,Non_hope_speech
Aaron Castellanos that would be cool,Non_hope_speech
RACISTnR athernA nnoyingnC ommunistnI nspirednS ilencingnT actic,Non_hope_speech
Obviously you lead boring life if youre here watching this video and you find it boring mean,Non_hope_speech
Palestinian lives matter,Non_hope_speech
All of the topics were very interestingA mis amigos LatinosHispanos,Non_hope_speech
think Jaun is either ignorant or racist cant,Non_hope_speech
Bear ahhhh did the great Obama hurt your ego,Non_hope_speech
Removal of the statue has not solved anything unless reforms in all departments are done that how justice wil be achievedu can end up destroying whole city with that mind thats why wisdom is necessary as seek justice,Non_hope_speech
Hudson Birt its not choice,Non_hope_speech
Hold up saw the comments and was looking for that little girl Now just realized who the little girl is How butch,Non_hope_speech
This is WONDERFUL interview Love Madonna,Non_hope_speech
Deville If theres anything stupid said its what youve just written mate Know what your talking about before you write such narrow minded nonsense im not even from the US,Non_hope_speech
Dont use another movement to downplay something else Both are equally important but never say what about this when the attention is on something else That doesnt mean it isnt important,Non_hope_speech
Im middle aged working class white with no savings To me it seems that no lives matter because only money matters This is distraction,Non_hope_speech
uhh that will never happen kid,Non_hope_speech
Im fully aware that not everyone is Christian have NEVER said people have to do what God has said Its not my religion,Non_hope_speech
Pritchard not true,Non_hope_speech
When ever discussion about black lives agenda there is always someone with red herring distruction to divert the conversation,Non_hope_speech
Not for all people And it isnt needed,Non_hope_speech
indeed they are Such is the conclusion of judging them by the content of their character,Non_hope_speech
All these kids are amazing and heartfelt,Non_hope_speech
Lets dispel with this notion that Donald Trump doesnt know what hes doing He knows exactly what hes doing,Non_hope_speech
Edwards You clearly havent heard the Black Lives Matter militants speak,Non_hope_speech
martialartisismnI cant believe Im defending TrumpnnThats the saddest thing,Non_hope_speech
Madonna is seriously repulsivelooking to me She has birdlike,Non_hope_speech
Yeah Her name is crystal and shes in most of the videos,Non_hope_speech
The world is going to end everything 2020,Non_hope_speech
they only agreed to the demands to get the parade going thats what they said anyway,Non_hope_speech
That Sheriff looks like the kind of guy Judge Dredd would take orders from Absolute legend,Non_hope_speech
Well you sum it up this way When whales get abused We say save the whales When the rhinos get abused and murdered for there horns We say save the rhinoceros We dont say save all animals when one in particular is getting murdered or abused You accentuate the one thats getting abused at the time,Non_hope_speech
Is this today or four years ago,Non_hope_speech
men are assumed to be incompetent engineers as well until they do something competent to prove themselves,Non_hope_speech
Andrea Mendenhall white people can never win good god,Non_hope_speech
Hum no Indigo child are pure and very special and sensitive but who knows,Non_hope_speech
Disgusting Theyre the very ones that are saying and crying institutional racism,Non_hope_speech
really dont think you have the authority to decide whether someone would benefit from US prison or not,Non_hope_speech
Please we all have our own,Non_hope_speech
As we see nearly years on,Non_hope_speech
Totally That video of the cop kneeling on the guys neck was totally setup Listen to yourself what are you talking about,Non_hope_speech
not gonna lie sounds like horse race All lives matter no matter who you are,Non_hope_speech
Man the officer who killed him must be having the worst time of his life,Non_hope_speech
If youre 25 and youve been straight all your life,Non_hope_speech
shes in denial,Non_hope_speech
Sheriff and Larry Black on the outside white on the inside Sheriff and Larry Bending over for Trump,Non_hope_speech
weed is illegal,Non_hope_speech
zerosonico bruh that just aint okay to say that,Non_hope_speech
How come none of these guys arent bringing up FBI STATISTICS,Non_hope_speech
Posidonlusional because ALM isnt addressing the concerns of BLM BLM is trying to fix various problems in the black community,Non_hope_speech
WASNT EVER AGRY BEEN CRYING THE LAST DAYS YOU CAN HAVE ANY AWARD IT WAS THE HARVEY SETT,Non_hope_speech
Shes also stuttering ton and cant look the guy in the eye She came out while after this video,Non_hope_speech
understand their intent of putting the focus on Black Lives Matter But if they want support from more people,Non_hope_speech
would tell her to shut up and sing but dont think she can sing anymore cans she Wasnt the best to begin with Lady Gaga is much better think gays need to stick with Gaga,Non_hope_speech
Central the man in this video did lot of that and look at him now You really think that works,Non_hope_speech
They say that politics is the second oldest profession,Non_hope_speech
this is disgusting these protestors should be shot but instead the media celebrate these racist black rioters itsokaytobewhite,Non_hope_speech
And Jesus said he who is among you and Free of sin let him cast the first stone at her Hypocrite,Non_hope_speech
dont just get people tearing down historic concentration camps Some things serve purpose of education and reflection on past atrocities the statue is not an ACTIVE and 21st century racist icon,Non_hope_speech
Rubin Please help me understand sorry,Non_hope_speech
Black lives never mattered in the amerikkka thats why its being said kinda obvious right,Non_hope_speech
We are in the times of the end as in the days of Noah were Crime is all over the world It wont be long now,Non_hope_speech
Listen to Yuri Bezmenov on Youtube Back in 1984 he explains what is happening now in 2020 am scared of communism and Antifa even here in Scandinavia,Non_hope_speech
Zaire Kefa so build bridge and get over it,Non_hope_speech
She is lesbian Gender expression does not equate to sexuality,Non_hope_speech
Why are these people even here,Non_hope_speech
So glad she didnt end up like so many celebrities have like,Non_hope_speech
think Prince Andrew is utterly disgraceful :shushing face:,Non_hope_speech
Black lives matter have stupid cousin who laughed at women on Tiktok because of her complexion could not believe it Even if walked away by scolding need to get him to accept the fact that evry soul in this world is unique Weather black or white everyone matters love yall if you support us Pls give me some advice,Non_hope_speech
Ben Lynch but that sailor was just living his life,Non_hope_speech
Steven grow up,Non_hope_speech
Castellanos It will be tragic movie,Non_hope_speech
Edward Colston RIP,Non_hope_speech
Oh shut up Bernie are you still jabbering on,Non_hope_speech
barwick bloke driving his family away from the city or thousands of protesters crammed in city protesting about an incident across the Atlantic yeah nice one,Non_hope_speech
You have to surround with the right people,Non_hope_speech
YOU HAVE TO MOVE UP TO DO BETTER AND DONT BLAME SOMEONE ELSE MY PARENTS CAME HERE WITH 200 IN THERE POCKETS AND LIVED IN THE HOOD BUT MOVED UP AN BOUGHT HOME AND MADE BETTER LIFE SO DID MY AUNT AND UNCLE WHO ARE OF MIX RACE ITS NOT THE COLOR OF YOUR SKIN BUT WHO YOU ARE,Non_hope_speech
AMR BIN AAS persecution against the early muslims Eaven though the Muslims 83 men and 18 women completely left mecca,Non_hope_speech
actually she came out as bi acording to the ppl in the comments,Non_hope_speech
But that was statue celebrating man who was slave trader from what see Its not about bloody past its about statue thats celebrating the slave trade being up in 2020,Non_hope_speech
your uneducated you dont even know your bible,Non_hope_speech
Central yes,Non_hope_speech
thats lie,Non_hope_speech
to boo when guy says white lives matter,Non_hope_speech
Srbin :rolling on the floor laughing: Why dont you stick to European Afairs and dont worry about what like and dislike :thinking face: Last time checked in was Caucasians from Europe that brought many people from Africa We did not ask to come here Why dont you go to Mexico,Non_hope_speech
blind black Sherif who thinks hes white,Non_hope_speech
Huynh my God Lets say that black lives should matter BLSM or,Non_hope_speech
wow holy shit are you guys actually having flame war over m8 vs matenSeriously,Non_hope_speech
Cuz many people had deleted comments,Non_hope_speech
Russians in Ukraine were burned,Non_hope_speech
Parsons When Where How Youre big dumb arent you The phrase BLM means black lives matter TOO Not ONLY black lives matter Idiot,Non_hope_speech
Some One or she just has SHORT HAIR AND COOL STYLE,Non_hope_speech
Evidence of what said god doesnt exist,Non_hope_speech
they are protecting and defending all our human rights,Non_hope_speech
Lilo Stitch had fat Polynesians,Non_hope_speech
The republicans dont give crap either Looking whats happening now under trump watch and now the worst economy since the Great Depression,Non_hope_speech
This is the beginning of ww3 its gonna be white people against everyone else in their own lands,Non_hope_speech
What does that even mean Universally the atom could matter as much as the star for all you know,Non_hope_speech
Anyone else notice this video and its topic was big years ago around election time,Non_hope_speech
Samuel Stephens nCouldnt one take that to mean,Non_hope_speech
And now Sheriff Clark has been fired by Fox,Non_hope_speech
Carbon based lives matter,Non_hope_speech
SUXASS yeah is annoying having to explain this all to my mum,Non_hope_speech
WHYnBECAUSE IS NO REAL IS MANUFACTURED BY DEEP STATE TO HARM AMERICA AND POTUSnnWE ARE WINNINGnGO TRUMP nGO QnGO JFK,Non_hope_speech
Anyone care to guess how many police officers are killed by blacks every year,Non_hope_speech
The only lives that matter are people of righteousness,Non_hope_speech
little lesbian SENT ME LMAOO,Non_hope_speech
mix of brainwashing,Non_hope_speech
burger Asians are perfectly fine Im Asian and stab the people who insult me for that reason its totally fine since no one insults an Asian in the city because of me,Non_hope_speech
seconds in what funny joke unicycleha,Non_hope_speech
Darzo Xx the slogan is response to racist actions You cant take that out of contextnIts like hey stop killing us please,Non_hope_speech
If you want to be accepted as software engineer,Non_hope_speech
Josh 1999 agree completely honestly think somebody knows and thats why they brought her in If so,Non_hope_speech
So they were trying to change your personality That would be,Non_hope_speech
Black Iives matter si when get old enough Im gone whoop the fi4k out polices we deserve to live he deserved to live sorry god but 2020 Id the worst year of our lives like said black lives matter they need us around white people tryna kill us black lives matter so keep yo head up and make things right cause if we dont the world mite stay like this forever or evern forgotten so black lives matter people am right,Non_hope_speech
this comment makes no sense because noone was saying other lives dont matter,Non_hope_speech
to these politicians and the the big banks and corporations that back them NO LIVES MATTER It is twisted the black race in stating that only black lives matter are making racism worse In the eyes of God the Father all lives matter,Non_hope_speech
,Non_hope_speech
because it took 30 seconds to find out that this is another pointless feminist aggression video without real content,Non_hope_speech
ok Putin Cant wait for Kokichi to be president,Non_hope_speech
balance of truth Listen and learn its called panderingdivide and conquerits democrat way,Non_hope_speech
All got from that waffle was that youre ok with begin sexist as long as its towards men Theres nothing wrong with having predominantly male oriented field you know,Non_hope_speech
think that the girl who doesnt agree with The LGBTQ community clearly doesnt know enough about the subject to have real opinion my guess was that she was raised this way cause she didnt really know who to describe why or how she disagreed Just thought,Non_hope_speech
No Priti Colson was disgraceful He now is where he belongs in the mud His statue was disgrace,Non_hope_speech
Chlopakzpolski Yes it is incorrect,Non_hope_speech
Groovy 1970s Channel nBLACK nLIVESnMATTER,Non_hope_speech
And our prime minister sends out tweet Just as bad as Trump What happened to all the strong leaders Bunch of puppets and pussys the lot of them Get on national TV and do say something constructive Pass new laws use your power find your backbone This is no the time for demonstrations its as simple as that,Non_hope_speech
Who is dying to go out and interact or employ black person after all of this with the risk of being branded racist if one day they decide to call you one the minute they dont agree with you Black community just does not understand that you cannot just simply demand respect from people,Non_hope_speech
Priti Patel is vile If she condemns it,Non_hope_speech
AND NOW DEMS ARE SO DESPERATE LOOK AT WHAT THEY AND BLM AND ANTIFA ARE DOING NOW,Non_hope_speech
agree but thats only some and think most mean to use in the the meaning and text explained its not always the one you explained and that can be misunderstanding when people assume that that was their intentions,Non_hope_speech
Feel like modern day slave when go to work,Non_hope_speech
Only agree for the votes,Non_hope_speech
jo ma if they are miserable,Non_hope_speech
Walker actually agree,Non_hope_speech
If thats what they want thats what theyll get amirite,Non_hope_speech
guess they gave president Trump the Ellis island award for no reason While yall fake hate crimes,Non_hope_speech
BILL CLINTON Right there know whatever award that was its garbage,Non_hope_speech
No lives matter Seriously,Non_hope_speech
We may look different and come from everywhere,Non_hope_speech
Remove all films too,Non_hope_speech
OMFG love her,Non_hope_speech
feel like Samuel Jackson based the attitude is characters play in every movie where hes no nonsense kind of man off of David Clarke,Non_hope_speech
Just TRY to identify with LGBT person and read your comment again,Non_hope_speech
Dont be too hard on the Christian kid Hes raised to think that way and probably hasnt questioned what hes been taught before,Non_hope_speech
She is just like wine,Non_hope_speech
It has nothing to do with race,Non_hope_speech
Parsons Whites have never faked crime against them when it comes to non Whites Thats definite lie,Non_hope_speech
So the Lord said to Cain,Non_hope_speech
that doesnt tells you if someone is homosexual or not,Non_hope_speech
we would have alot more food people that actually work to pay there food,Non_hope_speech
That little boy the grey shirt spoke big fax,Non_hope_speech
Its Only people who idolize destruction that care about taking them down PeriodnnThey want to destroy anything,Non_hope_speech
Lavin your exactly on point the majority is dumbed down,Non_hope_speech
Destroying history good or bad Fascism,Non_hope_speech
Rob TnTheres something called SCIENCE,Non_hope_speech
Victory after 100s of years Hell knocking to white empires doornOur ancestors will rest in PEACE,Non_hope_speech
Bill gatess agenda in Africa and Israel go against the USA,Non_hope_speech
actually its partially true,Non_hope_speech
Jones heres the link to the video,Non_hope_speech
He sounds like sid the sloth but he is such good guy,Non_hope_speech
Come to Venezuela and watch how the system you want prevails,Non_hope_speech
do you say this because its like we are asking for something from another race Like begging for acceptance This is the only angle see that would make sense nI simply support the movement all the way from the UK because all lives should matter But it doesnt,Non_hope_speech
Okane Its one issue but it does affect the rights they have,Non_hope_speech
ALL LIVES MATTER not just the few,Non_hope_speech
For judgmental comments like this Im ashamed to be part of the LGBT community,Non_hope_speech
Racist BlacKKK lives matter,Non_hope_speech
If every life doesnt matter,Non_hope_speech
Circular reasoning isnt an argument,Non_hope_speech
Bottom Jeans Where didnt care that much till you brought it up,Non_hope_speech
Covid 19 is very happy because more black lives will be taken after this mass protest around the world,Non_hope_speech
Marcus Well obviously,Non_hope_speech
Both candidates should avoid using triangles as well,Non_hope_speech
Literally every statue of anybody in history should be demolished then because guarantee that none of them can name one person from that time period who didnt own slaves,Non_hope_speech
umm sis you look like you just came out of mcr concert,Non_hope_speech
heard from Tom Sullivan last week awesome statement,Non_hope_speech
Black lives also matter,Non_hope_speech
Rose yeah exactly,Non_hope_speech
Mess weLL aLwAyS sAvE tHe DaY,Non_hope_speech
want to believe blm will forget and we will live in peace,Non_hope_speech
Me too still think she is,Non_hope_speech
Are most engineering classes filled with mostly men think physics and maths classes have same ratio from men to women cant choose whether should study maths or physics lol,Non_hope_speech
Only logic truth matters,Non_hope_speech
race bajannYour brain is scam,Non_hope_speech
Everybody needs to do this in their country,Non_hope_speech
okana so were lot of races,Non_hope_speech
am scared because the cops but stab with the black lives matter protests,Non_hope_speech
Thank you cause for some reason when you say all lives matter the people who support Black lives matter attack you for saying all lives matter its so ridiculous,Non_hope_speech
Larry Elder is the man,Non_hope_speech
This is all stupid,Non_hope_speech
black lives matter is self explanatory need an explanation for where you get matter more from,Non_hope_speech
Take the passport of the protestors and kick them out of the country,Non_hope_speech
Its actually none of your business,Non_hope_speech
Someone coined term to bring light to an issue However others want to change the term that ends up deflecting the purpose of the term Cause we are trying to make you focus on lives that others dont think matter which is black lives,Non_hope_speech
Gays kissing is exactly the same to lesbians kissing But its been exploited by the porn industry,Non_hope_speech
What JOKE All lives matterAsk GOD,Non_hope_speech
InvestigationsnA monument of slave trade guru was taken down and want to investigate nI just cant imagine why this wasnt done long time ago nnSee that home secretary face,Non_hope_speech
Marco Arreola nnPeople demonstrating for George floyd but not demonstrating for tony timpa maybe,Non_hope_speech
live in the Netherlands,Non_hope_speech
alex nTheir beliefs are shallow and harsh,Non_hope_speech
And 14 and like cars,Non_hope_speech
it is definitely possible for her to be straight and even in the comments people claiming they know her personally BUT she could easily be closeted she even points out how shes religious and in environments like that,Non_hope_speech
My entire school is the LGBTQ kid,Non_hope_speech
son Dowdy bolloc By saying all lives matter,Non_hope_speech
Shes 60 OMG,Non_hope_speech
Joey Gallo did you even watch the video,Non_hope_speech
Huynh Daniel Shaver Shot brutally due to being unable to follow conflicting and confusing orders,Non_hope_speech
The phrasing of the question at the debate loads dichotomy between the importance of black lives and all lives,Non_hope_speech
What about the Blond Ambition Tour dancers,Non_hope_speech
Paysour that is how things were 20 years ago Things are very different now,Non_hope_speech
Batista that kind of is their end goal,Non_hope_speech
Whats your source of this view Ive never see anything on this If it was true you know the media would be all over it believe you are mistaken,Non_hope_speech
The BBC did report on it and concluded it was tin foil hat conspiracy,Non_hope_speech
When walk around college and see,Non_hope_speech
just because we say all lives doesnt mean we dont support black lives we are simply saying all lives Because if everyone is separated we cant come together as group,Non_hope_speech
Madonna is so genuine in this interview,Non_hope_speech
Guess what yall Majority certainly are NOT African Americans Only Black Americans Your NOT from africa And this is logic being displayed NOT racism Any person of any color is subject to being ignorant,Non_hope_speech
800 know mate its shocking,Non_hope_speech
All lives matter fool,Non_hope_speech
Man are pissed by whiney bitches seeking attention,Non_hope_speech
Shes sad because it was an emotional evening taped on the same evening as the award show when she just gave her speech Besides no one will ever allow her to age,Non_hope_speech
Starting Haha they are my best guy friend is black and he brought home half white half asian gf and his mom did not approve,Non_hope_speech
There is one problem with youtubennnnnnnYou cant hit the like button multiple timesnBLACK LIFES MATTER,Non_hope_speech
All lives matter FCUK Antifa and BLM,Non_hope_speech
cried watching this video,Non_hope_speech
Some1 seriously,Non_hope_speech
Racist is like jealousy its here to stay cheers,Non_hope_speech
Oh no it definitely will Itll be know as the year where everything went to shit and It got worse and worse going through the year,Non_hope_speech
keke xx could not have said it any better myself,Non_hope_speech
nostar no,Non_hope_speech
feel sorry for people who still dont understand homosexuality,Non_hope_speech
Stratford thats ur porogative Not my problem at least dont have to look at it any more more to the point like said talk is talk the council dilly dallied while protestor done the job for them no charge,Non_hope_speech
That was girl,Non_hope_speech
True Im guy with long hair and Im straight,Non_hope_speech
Birt ok straighty,Non_hope_speech
For all the people in the comments being disrespectful,Non_hope_speech
dont know why ppl is so mad about not saying BLM,Non_hope_speech
Britain was built on the slave trade,Non_hope_speech
We will all be telling are children about it,Non_hope_speech
That video clip should be posted online under definition of Pandering The Irish guy is the only one who meant what he said,Non_hope_speech
The wise men are obvious here,Non_hope_speech
wanted to see me of that religious girls reactions,Non_hope_speech
they get long prison time justice served lets have it like that all the way around,Non_hope_speech
never knew conversion therapy was thing until today Therapy is supposed to help you,Non_hope_speech
shes emotional all thruout this interview what tough cookie and great role model,Non_hope_speech
They are saying because they are female engineer,Non_hope_speech
why dont you want other minorities to also be treated equally,Non_hope_speech
Uzokwe so is that the final solution,Non_hope_speech
This is the most idiotic,Non_hope_speech
The problem is countries like India and China are bursting with people and Japan,Non_hope_speech
He improved himself and wanted to start better life,Non_hope_speech
wish everyone could,Non_hope_speech
Im from the UKhes seems like good guy,Non_hope_speech
Good thing that they factor in age,Non_hope_speech
Sunshine littlephilly ur username is sin,Non_hope_speech
Just try it sending us home ull have reall big problem caal us minority where im from try looking for the minority lolo,Non_hope_speech
Blacks are NOT oppressed Systematic racism is LIE from the Democratic party Who by the way defended slavery,Non_hope_speech
Because people are not surprised when man says that Engineering is not unique enough job to the point of being surprise itself Think little before asking dumb questions lol,Non_hope_speech
Why not live stream,Non_hope_speech
Coen yeah and she is one of them She would get more if she was played on the radio though,Non_hope_speech
Who said it was controversial to say Theres nothing wrong with saying that The only reason that Black groups went out with signs that said Black lives matter at those anti police brutality protest rallies,Non_hope_speech
The Real Question is why is the statue of human Trafficker still there in modern day Briton,Non_hope_speech
that sheriff needs to jump on out of uncle toms cabin,Non_hope_speech
Because we already know that White Lives Matter you fool,Non_hope_speech
think 221 people misclicked the dislike,Non_hope_speech
Alright so we can all agree the older tomboy girl is extremely closeted,Non_hope_speech
Colors ice,Non_hope_speech
An angel honestly,Non_hope_speech
Do you really wanna die on that hill in the name of pedantry,Non_hope_speech
Why is it that the hundreds of thousands of black infants whose lives were terminated thru abortion werent important Why Again,Non_hope_speech
Its gone full circle like an Ouroboros for these SJWs,Non_hope_speech
Yea think he should be the leader Holding pregnant woman at gunpoint is really brave,Non_hope_speech
brandonshmandon sorry can you give us name,Non_hope_speech
Was that girl or guy that said homosexuality was sin,Non_hope_speech
huhh that happened because of this,Non_hope_speech
love the content but his voice irritates me,Non_hope_speech
my closet doesnt have door Im screwed,Non_hope_speech
You know it friend,Non_hope_speech
Crystal is so mature She asks good questions AND SHES WHOVIAN TOO This child is being raised right,Non_hope_speech
Juan needs to go work at cnn Theres racist channel They in prevented it,Non_hope_speech
Bot Pyramids were built by Egyptians The slave theory has been debunked for long time now,Non_hope_speech
love the honestly with all these kids even the girl who said she didnt agree with lgbtq,Non_hope_speech
Do black lives mater Maybe not to black mothers when nearly 30 of all black pregnancy end in abortion,Non_hope_speech
Im catholic and Im subscribed to your channel,Non_hope_speech
wish Mj is alive,Non_hope_speech
Im an atheistnThat kinda offends me,Non_hope_speech
ofaboosting 129 lies,Non_hope_speech
HiveMind Bandwagon Emotional Contagion Mass Hysteria Victim Mentality WoeisMe Covid19 Boredom Pentup AngerAggression Lost sheep looking for any cause baaah Misled Astray Deflection Diversion Distraction from all the real issues on our planet nnWhat ever happened to creatingcontributingcommunityunity And making oneself useful rather than spreading viruses,Non_hope_speech
BLM Reject dole paied of whites taxes,Non_hope_speech
aha someone making that point finally lotta people seem to think the only account of this dude is the actual statue,Non_hope_speech
Kenan the fact that the wave will still happen,Non_hope_speech
now find him no play around Law Officer,Non_hope_speech
Ditto from Boston,Non_hope_speech
lets undo everything the statue guy didnsend the blacks back america wants refund,Non_hope_speech
Engineering is for peoplennnI remember my intern days,Non_hope_speech
Thing is its easy to say that online like shrimp coward go to harlem or london and say that Ugghhhh,Non_hope_speech
And why because he was black geht mit so much Moby or No Job,Non_hope_speech
What about lives outside of humans,Non_hope_speech
dont believe you are Asian dont believe Asia is thing Afroeurasia is one compact continent Its very easy to travel within it Africa is too close to Eurasia to be deemed separate,Non_hope_speech
Why is Micheal Browns name on here He wasnt Murdered either,Non_hope_speech
Shepard If hear any,Non_hope_speech
Let them Theyre wrong about everything anyway,Non_hope_speech
What is black life People are different shades of brown The school system failed everyone,Non_hope_speech
Your life does not matter Sorry,Non_hope_speech
BLM is not about black lives If it was,Non_hope_speech
Kilmonger Im offended treat all my convicts equally all those jump suites are blue all come from the same pile nYou did the crime you got the time,Non_hope_speech
Islam is book,Non_hope_speech
Id vote for that sherriff for almost any office,Non_hope_speech
yeah fairly confident in the fact that this bullshit tell it like it is youtube advice channel is lame,Non_hope_speech
Liberalism is thinking problem,Non_hope_speech
My gaydar is seriously going off on AnnieAmyArnieArmyWhatever they said,Non_hope_speech
Why is church so badly spoken of get that we have done bad things in the past and present But when you really say,Non_hope_speech
Ron La Manna we need to give him an oval office,Non_hope_speech
Brandow nThankyou RitanEnjoy the day,Non_hope_speech
The true racists are Obama and the democrat politicians get this the white politicians and Obama are related look it up and then ask again why is mixed race obama who is both races hating on whites because white democrats politicians told the idiot to start race war Obamas not the brightest bulb in his democratic family thats why hes ordered to start race war hes owned you can see it,Non_hope_speech
dont even care if he was trader,Non_hope_speech
am proud well done Now thats being British,Non_hope_speech
Why does every comment have like MILLION LIKES,Non_hope_speech
youre judging her based off of her looks,Non_hope_speech
Im not homophobic person If were would have said that would be friends with him homophobia wouldnt say that,Non_hope_speech
They shouldve put that one kid from the meet drag queen video who had the rainbow hair feel like it wouldve been good experience for him,Non_hope_speech
know right,Non_hope_speech
She listens to girl in red,Non_hope_speech
think it will shoot up racism in western countries :person facepalming::person facepalming::person facepalming:,Non_hope_speech
Which one is annie,Non_hope_speech
Lil Laughie SapphienBecause she has short hair or what You cant just come to that conclusion,Non_hope_speech
looking at it from another perspective all lives dont matter in the sense that we are here borrowed and eventually die so we dont matter at the end lol,Non_hope_speech
So the message is some of the black community are now the biggest racists in America,Non_hope_speech
hate most WWE fans sorry but It does not mean blm it is actually and insult to the black community Maybe you should read my last comment and maybe youd understand little better of what mean hope it helps you,Non_hope_speech
so youre just an actual racist then,Non_hope_speech
By saying homosexual people are sins,Non_hope_speech
Love this sherriff,Non_hope_speech
It has been about 50 years since segregation ended in the US And black people have not bounced back And its no surprise In his works,Non_hope_speech
John2G they dont change your sexuality but they can make you hate it enough to repress it and force yourself to be straight,Non_hope_speech
this could be us in twenty years its scary,Non_hope_speech
Beat with Bible,Non_hope_speech
Its important to note the date of this video conversation is October 15,Non_hope_speech
And your conclusion is,Non_hope_speech
fear the UK is becoming more racist by the day,Non_hope_speech
Such fake,Non_hope_speech
The whole Hands Up,Non_hope_speech
Crystal is so freaking amazing,Non_hope_speech
think it would be easier for people to digest as saying if it was black lives also matter no one can really complain then,Non_hope_speech
Shiroyuki oh really so the officer who put his knee of Flyods neck wouldve done it to white guy when this officer has record of being racist and killing minorities,Non_hope_speech
Have the same energy when racism happens towards Asians,Non_hope_speech
my friends should take notes,Non_hope_speech
Sheriff Clark doors not answer that first question Hes modeled example of brother who is just out of touch with reality Who is this guy,Non_hope_speech
Shes the BEST,Non_hope_speech
Sunshine littlephilly reading your comment was rollercoaster of oh dont agree with that but also oh thats sweet and then back again,Non_hope_speech
Beckett You cherry pick studies,Non_hope_speech
Who ever said white lives DONT MATTER cockroach,Non_hope_speech
Do you know the truth Omg thank YOU nnIM NOT THE ONLY ONE,Non_hope_speech
Bernie sanders using black people for political points,Non_hope_speech
WHEN SEE PEOPLE WITH SHIRT ON THAT SAYS BLACK LIVES MATTERI THINK WHO TOLD THEM THEY DONT MATTER MATTER,Non_hope_speech
Bro Id black havent matter in the last 400 years how can all live matter The dude is clown,Non_hope_speech
alice dees nAnd this is what democrats mean when they say republicans are ignorant,Non_hope_speech
ALL LIVES WONT MATTER,Non_hope_speech
Theo Colvin this kids going places,Non_hope_speech
that Christian girl has warped my brain,Non_hope_speech
What the hell is this video no one says this shit to people,Non_hope_speech
We cant change the past we can only change the future,Non_hope_speech
TheLegend27 Is Alive Shes definitely lesbian,Non_hope_speech
Yh the ones that know George floyd was criminal and known just for that,Non_hope_speech
Not trying to steal your thunder,Non_hope_speech
Thompson Respect is not the same as support You saying they have to support you is you not supporting their beliefs Everyone has different beliefs Suck it up,Non_hope_speech
People who say all lives matter are just playing dumb at this point,Non_hope_speech
am so happy and proud to live in the same time,Non_hope_speech
Dont resist arrest Dont arguing with the police Dont run away Police are the LAW,Non_hope_speech
Dont think they are wearing masks because of the virus tho,Non_hope_speech
Cuber White lives matter,Non_hope_speech
Haha your right,Non_hope_speech
Max OBrian cant seem to find where anyone asked for your opinion,Non_hope_speech
Im white like what the cop said but its not just black family torn apart but all poor families,Non_hope_speech
Its Maya see this is why people are always including white likenif white means racist Now that may be racist,Non_hope_speech
right all lives matter but black lives matter THE MOST Right now,Non_hope_speech
What about the viris crisis in the world,Non_hope_speech
Pull down all Socialist statues,Non_hope_speech
This is sick indoctrination,Non_hope_speech
Naked Denial is the first stage of grief You still have four more stages to get through You got this believe in you Far more than Madonna ever will,Non_hope_speech
Gevenois But he was not trying to be murdered According to your logic,Non_hope_speech
openworld poland never said only black people and clearly state that all forms of racism should be stamped out,Non_hope_speech
black lives matter is racist orginization and should be treated as domestic terrorists,Non_hope_speech
When your raised from birth to hate white people thats what your going to do They can even complete whole sentence without racist slur,Non_hope_speech
didnt have to mention black lives could say all lives matter,Non_hope_speech
Johnson PEOPLE OF COLOUR WE HOPE,Non_hope_speech
This is typically the attitude of the weak minded who lack self crticism For example Democrats,Non_hope_speech
The 18th century police is investigating the vandalism,Non_hope_speech
Another this week in stupid outlet,Non_hope_speech
Madonna didnt even write her own music nor did she save any of you She does whatever gives her publicity,Non_hope_speech
BLM is Marxist org The Communist have murdered,Non_hope_speech
April what virus is this where now the people like yourself want to see everything turned to ruins,Non_hope_speech
Another example of whites who dont heed the historical facts ofnSlavery throughout history,Non_hope_speech
They always have these coconuts representing for black people Especially that David guy on the left We all they all life should be matter but America doesnt act as if it is,Non_hope_speech
Do you know why there are no protests in Russia Because putin is not black,Non_hope_speech
Thats if the threat of the virus was actually much of one But this could have and should have had the peoples vote,Non_hope_speech
2020 will be unforgettable,Non_hope_speech
Olson am black and approve of this message,Non_hope_speech
baddie nAnd have seen even more racist people say black lives matter They even attack people for saying all lives matter As an Italian American laugh at black peoples hypocrisy nBlack lives ONLY matter when white person takes it,Non_hope_speech
Is that supposed to be funny,Non_hope_speech
Anyone of color saying black lives matter is working against their own cause ALL LIFE MATTERS If you selfcategorize and call yourself black man or black woman,Non_hope_speech
subbed because of the experts explain things to different people kind of videonIam unsubbing because of this feminist nonsense nThere is no place and need for feminism in the west,Non_hope_speech
Pretty sure GapeyAssy was just trolling,Non_hope_speech
goldie silver im transgender can easily find other trans people Madonnas not one of us neither is Cher,Non_hope_speech
RL Verify with facts please,Non_hope_speech
Your life matters to me lot,Non_hope_speech
Bernie The reason black lives matter is because they are giving millions of more dollars so can buy few more houses,Non_hope_speech
Lol Snoop Dogg got kicked out of Long Beach cause he dont contribute but alot do like Master opened up free college in New Orleans and Eminem contributes alot to Detroit,Non_hope_speech
How can trust someone like Hilary,Non_hope_speech
Democrats are the reason our country WILL fall,Non_hope_speech
No they dont,Non_hope_speech
black people need reflection and white people,Non_hope_speech
Statistics and data dont back that up,Non_hope_speech
Melly agree and instead of all just being activists they should go to school for environmental sciences or politics so they can actually do some change instead of screaming about it in the street,Non_hope_speech
how is it not,Non_hope_speech
The problem with saying All Lives Matter is that its being used as retort toward the protest of Black Lives Matter Its literally saying sure black lives matter,Non_hope_speech
understand why Black Lives Matter doesnt want to include all other races because it destroys the purpose of their point Of course all lives matter But it including others hurts their cause Think about it,Non_hope_speech
Hardly any body protested outside of the US the media likes to portray good turn out,Non_hope_speech
Free The Nipple operated under the assumption that men would try to oppress them,Non_hope_speech
Your actually,Non_hope_speech
That would just be uhpure mean XD,Non_hope_speech
The entire Western Hemisphere is being infected not by COVID19 but by the left wing and MSM,Non_hope_speech
Love it Thank You,Non_hope_speech
will never raise my son to be racist Those who embrace life know what the true answer isnShame on those who think one race is more important than another,Non_hope_speech
Try making that Sheriff victim What legend,Non_hope_speech
All lives matter Black lives matter is so racist agains any other race,Non_hope_speech
Paysour know where all the Democrats live,Non_hope_speech
If came out to my parents they would definitely send me to therapy,Non_hope_speech
knew that boy looked hella effeminate lol oops,Non_hope_speech
okay uh next video interview men see how that turns out,Non_hope_speech
thought Trump was president when they were taking,Non_hope_speech
How bout we stop saying black lives matter or all lives matter lets just all agree LIVES MATTER idc if you frog human purple dude in banana costume,Non_hope_speech
We know that clown But Black lives matter TOO,Non_hope_speech
have always been fan,Non_hope_speech
Midoriya stand your ground hehe sorry had too,Non_hope_speech
He was turning his life around after he did his time,Non_hope_speech
love how real they are,Non_hope_speech
Elizabeth Molloy never said others lives didnt matter,Non_hope_speech
Westlake Lol no,Non_hope_speech
Its all just absolute rioting heavyhanded craziness This man also in the majority of his time gave lot of money to the city including building schools and hospitals for Bristol Tearing down the statue is not going to change the fact that city is better that he was there than not at all,Non_hope_speech
America burn America burn America burn America No justice no peace,Non_hope_speech
Chloe Winchester shes allowed to have different opinion,Non_hope_speech
The two party system is nothing but wings on the same bird Republican or Democrat,Non_hope_speech
This is good idea for twilight zone episode,Non_hope_speech
Ricky Norton blm,Non_hope_speech
Thats girl,Non_hope_speech
That cop is the fucking man,Non_hope_speech
dont see how its not racist to boo man that says all lives matter because all lives do matter so if were to say only white lives matter that is definitely racist but its okay to say that only black lives matter think on that for minute this country is messed up right now and if we hate it that bad then its pretty easy just go somewhere else,Non_hope_speech
BILL CLINTON Right there know whatever award that was its garbage,Non_hope_speech
That was funny at the end when Larry said What are we arguing about then haha but that said,Non_hope_speech
emisoccer Not everyone see it that waynn Because of the systematic racism :person facepalming:,Non_hope_speech
when you pronounce Arabic names,Non_hope_speech
Hunter WilliamsFoust yea wait till you face up to an MMA boxer see what you say then,Non_hope_speech
dont care about either side stay away from me,Non_hope_speech
would be able to support BLM if they also focused on the thousands of people killed in Dem run cities like Chicago,Non_hope_speech
Tad that story doesnt make any sense Grow up,Non_hope_speech
Honesty wow youre so unique with that mindset,Non_hope_speech
Well hope they get the message that we dont want them,Non_hope_speech
Hernandez No you are wrong grew up in three parent house hold Grandma was there also got great education and finished with honors How does any of that help me when am spotted by satanic cop can tell you breaking the law is not prerequisite to going to jail nnThe masses must rise up and fight this evil system of oppression By any means necessary,Non_hope_speech
If BLM rejects ALM,Non_hope_speech
Its doesnt mean only it means Black Lives are here and should be listened too dumbass all lives matter cause we are human it just also means listen we need help,Non_hope_speech
maybe if it was still called Constantinople people might care more,Non_hope_speech
Also Im not toxic People usually rely on stereotypes know youre trying to be some type of hero but please dont because not all of us our toxic or we meant in that way just to be inelegant as you contemplate we are,Non_hope_speech
2015 who coulda think of that,Non_hope_speech
Democrat politics is toxic thats all,Non_hope_speech
Brown :face with raised eyebrow:,Non_hope_speech
Lee Claus publish what,Non_hope_speech
Black lives matters trying to separate themself by race which in itself is racist,Non_hope_speech
Paver yes without black ppl how will we maintain our food supplies manpoweror anythings manpower,Non_hope_speech
Parsons Self pity based on exactly what Go ahead and tell me about the criminal record dont have,Non_hope_speech
ALL lives MATTER WHITE AND PROUD,Non_hope_speech
karolis savickis dont need money Im not protesting because Im kid and cant,Non_hope_speech
Im worried about Phil Lynotts statute in Ireland NOT,Non_hope_speech
Crystal never ceases to amaze me Its good to see her again,Non_hope_speech
Your life doesnt matter just because youre any one race Your life matters if youre not racebaiting piece of human garbage If you dont think my life matters,Non_hope_speech
Ive known liked girls since was really young so yeah,Non_hope_speech
so go back to China you comisate,Non_hope_speech
Allowing the divisiveness assures we will all fail miserably and die in poverty with nobody caring about anything but themselves,Non_hope_speech
Sure Yeah,Non_hope_speech
Who remembers the african american cop that shot dead an unarmed white aussie women in her pjs with no criminal record what happend there no one was kicking off about that,Non_hope_speech
Im not referring to the protesters when make these points,Non_hope_speech
agree,Non_hope_speech
Can we appreciate the fact that how sensitive and adorable all these kids are,Non_hope_speech
You cant rationalize with someone who is irrationaland you cant fix stupid,Non_hope_speech
It SHOULD NOT Be controversial to say or believe that ALL LIVES MATTERn Or that HUMAN lives matterFor that matter,Non_hope_speech
Wow if heard someone was beating my kid with booknnI would havennnbeaten them with book,Non_hope_speech
People quickly forget how hard the ones before them may have had to fight,Non_hope_speech
When he was talking about how he was beat just wanted to give him hug :hugging face:,Non_hope_speech
Levry Bankers,Non_hope_speech
When white people get murdered No one cares So yes All lives matter Were All Americans,Non_hope_speech
Jones not true Theres red talk about it actually and theres research which produced results about why it might happen,Non_hope_speech
What part confused you,Non_hope_speech
How can you tell Outsides dont dictate internal things,Non_hope_speech
my asian wife gets harassed almost every single day for being asian nobody talk bout race when white people get killed on the street because they white,Non_hope_speech
tahani from the good place be like,Non_hope_speech
Im pretty sure his wikipedia page is still on No one finds out about history in statues,Non_hope_speech
Thats not the same because isis is supremacy group Taking down statue of statue is not anagolous to what isis did,Non_hope_speech
Youre Jewish so that means you believe in the God of Israel,Non_hope_speech
The girl with the short hair and cuffed jeans is going to come out just know it Internal homophobia,Non_hope_speech
am truly Greg what do you mean,Non_hope_speech
This conversation could be happening right now no change,Non_hope_speech
why dont you want black people to be treated equally,Non_hope_speech
lmao thought annie was lesbian yet she said dont agree with homosexuality what,Non_hope_speech
They say they but some of these people love that walnut sauce Question what is walnut sauce why so much pizza,Non_hope_speech
Gregory not everyone thought that at all lol,Non_hope_speech
At one point he explicitly told his Secretary of State for India,Non_hope_speech
Be armed nBe trained nBe ready n1,Non_hope_speech
The most white people in America are racist specially the police,Non_hope_speech
have and have always had much respect and admiration for her Despite all the controversy and judgement she continues to stay the course and will always SHINE my hero,Non_hope_speech
History in the making Lets see what happens in the next 300 years,Non_hope_speech
Rioters and animals,Non_hope_speech
Lothbrok Thats interesting because didnt Jesus hang out with the people considered immoral during his time here,Non_hope_speech
The older get the more dislike multiculturalism BLM and EDL is the same thing and they are all thugs,Non_hope_speech
The white people getting involved just trying to point score,Non_hope_speech
Poor blacks They have it so bad Half century of Affirmative Action and endless racial setasides carved out exclusively for them just wasnt enoughnAnyone else here SICK to DEATH of this,Non_hope_speech
All lives matter they just want your vote dont give crap about awke up your,Non_hope_speech
was kinda digging that Annie girl until she said dont agree with homosexuality,Non_hope_speech
must not no what peacefully protesting means is that where you reck your own town and steal,Non_hope_speech
schuiling What the he do you think is going on right now We are using Americans as guinea pigs Trump is willing to risk any amount of lives to get vaccine on the market before the election Unless the CDC slows his dumbass down many Americans might die,Non_hope_speech
For those saying,Non_hope_speech
The black lives matter movement reminds me lot of the Black panther movement in the late 60s They protested pretty much the same ideals But were shut down by corrupt cops later on,Non_hope_speech
How can someone come from different country and live here and get everything for free,Non_hope_speech
thought that that one dude was girl,Non_hope_speech
Juan is political panderer,Non_hope_speech
Blm thinks that black live matter more than everyone elses,Non_hope_speech
Someone beats my kid with book,Non_hope_speech
Titus ONeil gets fired up calling for peace,Non_hope_speech
TurnernNone of that addresses the question as to why transsexual should be mentioned as sexuality alongside lesbian,Non_hope_speech
dont wanna fight was just saying,Non_hope_speech
This Home secretary should puck side,Non_hope_speech
Three words spoken every four years in the hopes it will propel you to the white houseexcept if you live in Chicago,Non_hope_speech
There is only ONE race,Non_hope_speech
The prophets warned that these days were coming,Non_hope_speech
the Sheriff is one man would love to meet we need more people like him in this world,Non_hope_speech
Stunning interview She was so calm,Non_hope_speech
The girl in the black sweater was kween,Non_hope_speech
of Nibiru why not were being forced to care about George Floyd who was just violent thug anyways,Non_hope_speech
It is very sad that the world has really become this,Non_hope_speech
proud of you humanity THANK YOUKISSES,Non_hope_speech
she is amazing,Non_hope_speech
donated money to my charity call white man collage fund please help,Non_hope_speech
haha cant breathe,Non_hope_speech
Berg Democrats dont elect someone just because theyre famousnnYa almost elected Crooked Hilary,Non_hope_speech
want yum black lives matter,Non_hope_speech
Falco Sirrus no it wasnt hypocrite,Non_hope_speech
Juan is Selllout getting paidnOff by George Soros,Non_hope_speech
Harper The life of JFK did not matter either,Non_hope_speech
love the sherif Just stop Juan,Non_hope_speech
It is very simple When you say black lives matter you are saying that in the past we have not done justice to the black community,Non_hope_speech
Hi Marcus Mitch,Non_hope_speech
But can you name all the police officers that died in the line of duty by getting killed by shines like George,Non_hope_speech
Were you triggered by his logic and rational arguments,Non_hope_speech
can have an african race based scholarship then if african americans have been so repressed If they cant say all lives matter they are planning genocide again,Non_hope_speech
and for david dorn its exactly what said they want violence,Non_hope_speech
Haskins the left BLM What rock did you climb out from under Lol Welcome back,Non_hope_speech
Only foreigner could spell the word colour wrong :person facepalming:,Non_hope_speech
Ugh the party is so pathetic and cowardly,Non_hope_speech
against sounds fair,Non_hope_speech
Only women are to blame for not giving opportunities to other women,Non_hope_speech
van rossum nWhat Thats not equality Putting one race over the other My god nnALL LIVES MATTER,Non_hope_speech
Right Show some decorum,Non_hope_speech
She said in the video that only 11 percent of engineers are female,Non_hope_speech
joslyn richardson barely any cop kills black man just because hes black,Non_hope_speech
No hes notnBut BLM is affiliate with George Soros,Non_hope_speech
want you to Google sexist and point out part of society that is not sexist,Non_hope_speech
Black lives matter Is racists statement All life is gift God gave you,Non_hope_speech
molyneux everybody knows that all lives matter,Non_hope_speech
Truebut this is spiritualyears of innocent blood on American soil has come back to roost The world is round for reason,Non_hope_speech
BECAUSE THEY ARE RACISTS,Non_hope_speech
All lives matter obviously The BLM movement was created as response to police brutality People started the phrase All lives matter as response to black lives matter in order to remove or dilute the movement,Non_hope_speech
Her face,Non_hope_speech
Thanks to her,Non_hope_speech
Ultra sadly it isnt reported by the media as much as it should be,Non_hope_speech
well apart from stopping it,Non_hope_speech
Stupid PEople sitting in positions setting foolish Examples WHAT ABOUT ALL CONTINENTS OF PEOPLE LIVES MATTER THIS IS PROOF THAT MAN IS AGAINST HIMSELF AND NOTHING MATTERS OTHER THAN AMERICAN MONEY WITH DEAD FACES PRINTED ON IT,Non_hope_speech
How about unborn babies lives matter dont see them going crazy about that,Non_hope_speech
Dont lie who else is FAN of News nnMrBeast commented on my recent video:baguette bread:,Non_hope_speech
And forcing ppl to do stuff is really nice isnt it,Non_hope_speech
benjamin ramsey thats like saying you shouldnt get upset for when somebody criticizes or says your bad person because your color of skin,Non_hope_speech
went to Turkey years ago and it was very secular and family friendly,Non_hope_speech
Thanx Britshere in the USA Philadelphiathe shameful statue of former thug mayor and police chief Frank Rizzo got taken down,Non_hope_speech
Fake newsnSo if we all went out to lunch and the black guy didnt get his food ALLLIVESMATTERnGet it,Non_hope_speech
wont be fun with the big fines or even prison sentences the clowns are all on film,Non_hope_speech
That would be uh just pure mean love that kid awesome answer,Non_hope_speech
Definitely true all lives matter duddent matter what color you were born to bennnnMartin Luther King,Non_hope_speech
never said men and women are the same,Non_hope_speech
The irony of chanting cant breathe during covid outbreak fear for their souls,Non_hope_speech
Aless Aless the way you quoted rights makes me think that you are just another ignorant racist,Non_hope_speech
Im literally wearing cuffed jeans as we speak,Non_hope_speech
The drawing thing is so true for me too,Non_hope_speech
Reality Macky nnLook how long it took for the African continent to go down the toilet under black rule Good job there,Non_hope_speech
sMe TheHerpes poor answeranything more convincing than that,Non_hope_speech
Next month its back to brexit,Non_hope_speech
No It is only in your country,Non_hope_speech
1st would be Larry elder n2nd sheriff clarke,Non_hope_speech
Honesty She wrote SO MANY of her songs,Non_hope_speech
Should this be removed,Non_hope_speech
love sheriff Clarkesays the truth,Non_hope_speech
Long Night Of Hooking exactly,Non_hope_speech
There was place like that it was called Slab City the authorities shut the shit down,Non_hope_speech
It smells like which lives matter MORE dispute,Non_hope_speech
Censored think you need to look at the stats,Non_hope_speech
Since when is being expected to act in professional manner at work exclusive to women Newsflash,Non_hope_speech
Megan Anderson can please dm me on insta really want to know more about that,Non_hope_speech
Juan Williams is the most stupid person have ever seen,Non_hope_speech
Jack Parsons OMG,Non_hope_speech
am christian but cannot understand how anybody who use such techniques can call himself also christian Im actually blown away by the information found out in this video How it could be possibly legal Beating anybody with bible Come on,Non_hope_speech
17 million abortions seem to show BLINDNESS TO THOSE WHO HAVE NO VOICE,Non_hope_speech
That would just be pure mean SHEs SO CUTE,Non_hope_speech
Yeah it seems like that kid learned lot from this,Non_hope_speech
Aguirre no where in the bible does it say single time we are not to judge it says we are not to act on that judgement part from preaching the gosple and praying for the sinners soul,Non_hope_speech
Sunshine littlephilly honey but thought god loved everyone equally,Non_hope_speech
ONE NATION UNDER GOD INVISIBLE WITH LIBERY AND JUSTICE FOR ALL What happened to this,Non_hope_speech
Who would give this thumbs down,Non_hope_speech
Wanted to write comment Then read yours Like and time saved Thanks,Non_hope_speech
Ecclesiastes answers the question,Non_hope_speech
what privilege when millions of whites live in poverty,Non_hope_speech
This is what happens when you elect Trump,Non_hope_speech
BLM WE FIGHT AGAINST RACISM Ok when you gonna talk about racism towards AsiansWhitesLatinos,Non_hope_speech
Brilliant isnt it,Non_hope_speech
just ivette quit trying to touch my butt,Non_hope_speech
BLM World dictatorship They carried out Adolf Hitlers unfinished mission,Non_hope_speech
Starts at,Non_hope_speech
Madonna has always made the world better place,Non_hope_speech
dont get it These groups that conduct conversion therapy under the guise of religion are the biggest sinners there,Non_hope_speech
Instead they are even more racist in many cases,Non_hope_speech
That introSuch an openminded girl,Non_hope_speech
it means we dont agree with sin,Non_hope_speech
Why do so many black people often refer to slavery They never experienced slavery themselves and white people didnt invent the system of slavery,Non_hope_speech
You should be,Non_hope_speech
hes such good explainer for the kids,Non_hope_speech
the little girl the ruffle sleeves or whatever is so sweet and supportiven mah heart mh soul,Non_hope_speech
owo im homophobicok bye,Non_hope_speech
As bisexual woman smell bisexual woman in this video,Non_hope_speech
Because he helped bring in schools and hospitals for the country,Non_hope_speech
used to chant ALL Lives Matter until black edumuhcated me,Non_hope_speech
If this conlon guy was actually slave trader then ncompletely support removing the statue only have problem with this video Which is the protestors dumping the statue at the bottom of habour Thus making bristol seem like kip full of hoodlums who dont care about their areas appearance Not to mention their environment as whole If they really wanted to make point then they shouldve just found way to bring the statue down to the city council and leave it outside,Non_hope_speech
Its child abuse to put child through this,Non_hope_speech
Walker hail Satan,Non_hope_speech
He stood against the biggest cult of racist the world had seen He rallied an entire country against Hitler Yes he was racist but if it wasnt for him wed wouldnt be alive today,Non_hope_speech
It seems to me,Non_hope_speech
Because the hateful mob doesnt like it,Non_hope_speech
No one cares what the demos have to say about this the far left and far right will always be bunch of narrow minded fools,Non_hope_speech
wow really your gonna blame celebrity for all your life problems Attention Seeker,Non_hope_speech
Say it to his face wardak,Non_hope_speech
shut up be respectful,Non_hope_speech
Disingenuous isnt really word for straightup mendacity Its for underrepresenting ones knowledge or capability,Non_hope_speech
loved that manI Ill never forget get him olny if he was alive to see this RIP BLACK LIFES MATER today is the day we blacks are going take Powe,Non_hope_speech
Within the first few seconds of the video,Non_hope_speech
Um when did say everyone is Christian,Non_hope_speech
blm is the new isis,Non_hope_speech
black lives only matter when the democrats have an election to win notice how its years ago,Non_hope_speech
darkmantlestudios not really when thats the correct term to use,Non_hope_speech
WANT HIM TO BE MY BEST FRIENDDDDD,Non_hope_speech
BLM protesters worldwide should also comment on modern day slavery refer to the links provided nnRather than focusing on tearing down statues maybe focus and give voice to black and Asian people forced into the abhorrent modern day slavery nn,Non_hope_speech
125 Open your heart feel the rhythm,Non_hope_speech
Literally me too,Non_hope_speech
Yvonne Terran please educate yourself Your comment is extremely insensitive and racist,Non_hope_speech
Nobody was saying All Lives Matter until Black Lives Matter Its protest against protest,Non_hope_speech
Police need to use authority and guns whenever challenged If the do not do this,Non_hope_speech
omg that defines how im feeling right now they also said the word microaggresion,Non_hope_speech
was just about to comment how amazing this interview was but read the other comments first and saw that most everyone saw the same thing did Love her or hate her,Non_hope_speech
Royalty OH SHIT WE HAVE AN EDGELORD HERE,Non_hope_speech
Im Christian our religion doesnt accept homosexuality but God still tells us to love our neighbours even our enemiesnnbut Ill never be batty man,Non_hope_speech
whites genocided black South Africans during apartheid and stole 70 of the land,Non_hope_speech
Not forgetting that they also get shot and beaten over it to way more than just booing,Non_hope_speech
Mew SelazNog its joke Do you not know what joke is,Non_hope_speech
Nowhat theyre saying is black lives matter as much as everyone elses lives,Non_hope_speech
Why what makes you say Trumps racest,Non_hope_speech
That would just be pure mean,Non_hope_speech
Then people need to get out and vote or Nov 3rd 2020 will become the new worst day,Non_hope_speech
Paulu are incorrect when say backs are killed more than white by police as in 2019 police killed 1004 people in America but 250 were black that leaves around 650 were of other races and considering whites are the most common race in America that mean large amount of that 650 were white And all lives matter was just slogan but is now movement as things change though time and so do people But Im white,Non_hope_speech
honestly think Im probably bi,Non_hope_speech
Who else watches Raphael GomesnnnnnTotally random question lol,Non_hope_speech
IM canadian here whe hate racist nBLM is racist movement who support fascisme,Non_hope_speech
Cooper For one you dont know how old am and not anywhere near the age of being boomer Say whatever you want,Non_hope_speech
You are all blind They are using you as tool Youve been brainwashed all of you live by the mediaOPEN YOU EYES There are lot of people from this ETHNICITY,Non_hope_speech
If women are so strong and powerful,Non_hope_speech
If it bothers you that we say black lives matter,Non_hope_speech
Lately our lives havent carried the same weight and DIFFERENCES with how the police treat USnot yallnHence Black Lives MatternSimplenot complex,Non_hope_speech
know meee visit East LA and see for yourself,Non_hope_speech
Sheriff Clark for president in years,Non_hope_speech
BMW is quite good car,Non_hope_speech
The person who didnt support it was so nice,Non_hope_speech
fuck you Timothy Kimmel you worthless sack of shit,Non_hope_speech
What great idea Doing that would solve alot of Americas problems,Non_hope_speech
white lifes are the most privileged and sanctified lives in the us,Non_hope_speech
Mitch Jebbers The President is overly emotional and complains too much,Non_hope_speech
Well it has to get to 666 at one point,Non_hope_speech
Grant define lot,Non_hope_speech
Yes The dining chairs were made in 1812 shortly before the abolishment of the slave trade thank god Otherwise it would have been disaster,Non_hope_speech
Madonna is tired yes Part of the game that she was playing over the years... She understand now that nothing really have changed trully,Non_hope_speech
Please dont um just dont tell anyone what sexuality they have or like give her few years cause honestly thats just kinda wrong isnt it like its kinda when people say to bisexual people oh,Non_hope_speech
In my school,Non_hope_speech
We will all PRAY for Black lives mater,Non_hope_speech
Got Quran ad in my sidebar,Non_hope_speech
But its not reverse racism,Non_hope_speech
Kaio Eller nthis,Non_hope_speech
Why Clinton He signed DOMA,Non_hope_speech
We should ban rap music with all its racism and drug trafficking,Non_hope_speech
Yeah Most of whats presented are the bad news,Non_hope_speech
Dont embrace either side,Non_hope_speech
whole lesbian,Non_hope_speech
Halligan so Im right,Non_hope_speech
sin Gurllllll Everyone sins,Non_hope_speech
Didnt God created us all equal That means we are all matter Oh now its their word against Gods,Non_hope_speech
you can think whatever you want but in my opinion theres two sides to your thoughts on people in the lgbtq community,Non_hope_speech
was ALMOST with Juan till he said something stupid AGAIN,Non_hope_speech
SinainnKim Kardashian is also multimilionare,Non_hope_speech
bro pls explain why are the protest happening,Non_hope_speech
Just think in hundreds of years time someone will find this and maybe think is this what humans were like back in the 2020s,Non_hope_speech
king zafr the greatest it does,Non_hope_speech
Everything goes as they planned,Non_hope_speech
Dumse then why did he give us free will and thought he made us to fail and sin,Non_hope_speech
Thank God dont live in Bristolit looks like ghetto,Non_hope_speech
Laurencya sure believe it genetic thing can change it with therapy,Non_hope_speech
Man cant believe he survived surrounded by all the gays,Non_hope_speech
Pelosi is stupid idiot because police are being trained in Israel and thats how they treat the Palestinian people and they learned that type of apartheid terror training to do it on American citizens dont send police to Israel to train,Non_hope_speech
Aranyak Biswas Im black dude and that is the most dumbest comment have ever read All Lives Matter,Non_hope_speech
know right,Non_hope_speech
Why this kid doesnt agree with homosexuality nI dont even know if shes boy or girl because he she looks like transgender:thinking face:,Non_hope_speech
Like 25 Wtf Are you normal,Non_hope_speech
Ashton Levry marxists posing as liberals,Non_hope_speech
